{"type": "FeatureCollection", "features": [{"type": "Feature", "properties": {"id": 377, "objectid": 377, "state": "MN", "stcode": "14", "district": "Kamjong", "dtcode": "717", "shape_length": 230554.29191157038, "shape_area": 2225794048.57499, "ds_name": " Administrative Boundary", "src_agency": "Survey of India (SOI)", "state_name": "Manipur", "id_final": "d0"}, "geometry": {"type": "Polygon", "coordinates": [[[94.71076986184025, 24.92931501319714], [94.42073991055368, 24.48027964953977], [94.20022190307283, 24.626677669130007], [94.19225919247829, 24.942968444184753], [94.73676168213461, 25.113262647770686], [94.71076986184025, 24.92931501319714]]]}}, {"type": "Feature", "properties": {"id": 378, "objectid": 378, "state": "MP", "stcode": "23", "district": "Anuppur", "dtcode": "390", "shape_length": 558872.8413233353, "shape_area": 3623848651.219041, "ds_name": " Administrative Boundary", "src_agency": "Survey of India (SOI)", "state_name": "Madhya Pradesh", "id_final": "d1"}, "geometry": {"type": "Polygon", "coordinates": [[[82.03149788345031, 23.412228959102016], [82.19930054272982, 23.313971005193075], [82.16126851590337, 23.143023294171964], [81.94225115712649, 23.078964986360543], [81.94630761702274, 22.956778639350823], [81.77568306094584, 22.87443672371588], [81.7545503323809, 22.646469467615592], [81.69032115695548, 22.781142812495272], [81.47596286848196, 22.758625829088842], [81.19853226626994, 22.913617701092203], [81.26363526559942, 23.070598576594698], [81.12575526955361, 23.20703965992378], [81.13762363430747, 23.32338912727321], [81.31888533787883, 23.10358107570309], [81.5584373646239, 23.024428568690414], [81.60118191472003, 23.224252916352413], [81.8794753400056, 23.24620798128574], [81.80619520464722, 23.319899328534113], [81.91220426866074, 23.299900109576928], [82.03149788345031, 23.412228959102016]]]}}, {"type": "Feature", "properties": {"id": 379, "objectid": 379, "state": "MP", "stcode": "23", "district": "Ashoknagar", "dtcode": "391", "shape_length": 427264.9891107919, "shape_area": 4554179421.196586, "ds_name": " Administrative Boundary", "src_agency": "Survey of India (SOI)", "state_name": "Madhya Pradesh", "id_final": "d2"}, "geometry": {"type": "Polygon", "coordinates": [[[77.84857229356106, 25.0003877069856], [78.01779830440825, 24.95593366430533], [77.9770969477687, 24.84808491511839], [78.19562449042913, 24.84148703182488], [78.27653259429363, 24.663589898819502], [78.26516653908044, 24.443631937875374], [78.09527671496188, 24.257187286944653], [77.65220228478431, 24.312587195909682], [77.73553688223379, 24.428355240768468], [77.59091217384912, 24.37484551913269], [77.47562876348431, 24.43539174423458], [77.5200920200103, 24.82706590804158], [77.58878516374874, 24.889538351884546], [77.54151910555827, 24.915072463638854], [77.58852059275587, 24.9659347638483], [77.739008867483, 24.857211094588852], [77.84857229356106, 25.0003877069856]]]}}, {"type": "Feature", "properties": {"id": 380, "objectid": 380, "state": "MP", "stcode": "23", "district": "Balaghat", "dtcode": "392", "shape_length": 707216.3873542913, "shape_area": 8900542725.364841, "ds_name": " Administrative Boundary", "src_agency": "Survey of India (SOI)", "state_name": "Madhya Pradesh", "id_final": "d3"}, "geometry": {"type": "Polygon", "coordinates": [[[80.81091065170956, 22.399601474889153], [81.0448591146315, 22.240520317973385], [81.00327120433055, 22.058659122812383], [80.92200804818634, 22.119950565349654], [80.82561348964394, 21.958311240677975], [80.8524575988219, 21.85434709221179], [80.72614262836841, 21.7136657112193], [80.67125693127426, 21.338341637771748], [80.41287415370599, 21.376266078813345], [80.37601063254635, 21.523890986335054], [80.20883965197041, 21.63521930166369], [79.89121691869316, 21.518014934929223], [79.73996928949313, 21.603592024105062], [79.5120367393304, 21.583964218318332], [79.8770281119711, 21.90785195100265], [79.93398951549824, 22.06912621208252], [80.06709372962311, 22.077366986578138], [80.1033819689173, 22.34266960218856], [80.32307702307025, 22.346118630712784], [80.41560734692095, 22.244199506885476], [80.7062479736661, 22.202157576696703], [80.81091065170956, 22.399601474889153]]]}}, {"type": "Feature", "properties": {"id": 396, "objectid": 396, "state": "MP", "stcode": "23", "district": "Harda", "dtcode": "408", "shape_length": 309255.3830323403, "shape_area": 3213779734.5141964, "ds_name": " Administrative Boundary", "src_agency": "Survey of India (SOI)", "state_name": "Madhya Pradesh", "id_final": "d4"}, "geometry": {"type": "Polygon", "coordinates": [[[77.2386893675211, 22.550216053114134], [77.5057745694755, 22.029962319863536], [77.2203599764539, 21.906107894907258], [77.1378744845357, 21.99436905471529], [76.88710500884591, 21.98422176431801], [76.82669461549754, 22.156828326315917], [76.89492552192054, 22.296574059553613], [76.78109136759116, 22.344159247196824], [76.78968104373978, 22.423858212805783], [77.2386893675211, 22.550216053114134]]]}}, {"type": "Feature", "properties": {"id": 397, "objectid": 397, "state": "MP", "stcode": "23", "district": "Narmadapuram", "dtcode": "409", "shape_length": 569106.8733022104, "shape_area": 6432138820.474316, "ds_name": " Administrative Boundary", "src_agency": "Survey of India (SOI)", "state_name": "Madhya Pradesh", "id_final": "d5"}, "geometry": {"type": "Polygon", "coordinates": [[[78.44659874735875, 22.976076380640517], [78.57120529557028, 22.955302678646735], [78.59036246424921, 22.812145533236265], [78.69872284198198, 22.761871900285183], [78.61181298042577, 22.649094807649437], [78.50524977546849, 22.65258163024075], [78.56043656997318, 22.41904868733719], [78.17754075095077, 22.398957184140503], [77.88483682859537, 22.287399570202847], [77.85458804136996, 22.36909473842237], [77.65527856364531, 22.306491252005213], [77.55338687503648, 22.358057326156327], [77.45242570737774, 22.217103738184164], [77.36319324980501, 22.247463073925438], [77.21319833731644, 22.56201444471289], [77.258775751727, 22.60399807893242], [77.32220574585816, 22.558685139455058], [77.57274615002186, 22.671461249287457], [77.84696797982642, 22.872337757648598], [77.92778405074083, 22.85139496412434], [77.91990891279235, 22.770293266457095], [77.97322391310924, 22.826378035270647], [78.1095613265418, 22.789683513668372], [78.44659874735875, 22.976076380640517]]]}}, {"type": "Feature", "properties": {"id": 398, "objectid": 398, "state": "MP", "stcode": "23", "district": "Indore", "dtcode": "410", "shape_length": 513869.5309880867, "shape_area": 3759722487.977282, "ds_name": " Administrative Boundary", "src_agency": "Survey of India (SOI)", "state_name": "Madhya Pradesh", "id_final": "d6"}, "geometry": {"type": "Polygon", "coordinates": [[[75.6064377364041, 23.08697306586877], [75.63223941502012, 23.006919623244144], [75.87455392508075, 23.039001556128166], [76.23206550434115, 22.617078730767023], [76.06283657413259, 22.58803421470443], [76.10678008148147, 22.560112980972217], [75.99382198516287, 22.413601097749403], [75.59962666808114, 22.3408779541388], [75.55750071836997, 22.515182802720698], [75.6961929116762, 22.595676042501218], [75.71348906904898, 22.61957644622325], [75.70755999988997, 22.660094999438794], [75.4956350001955, 22.643825000913342], [75.4230925424653, 22.828832273115108], [75.45994533427273, 23.00689604593082], [75.6064377364041, 23.08697306586877]]]}}, {"type": "Feature", "properties": {"id": 399, "objectid": 399, "state": "MP", "stcode": "23", "district": "Jabalpur", "dtcode": "411", "shape_length": 570813.5218545281, "shape_area": 4901183134.938284, "ds_name": " Administrative Boundary", "src_agency": "Survey of India (SOI)", "state_name": "Madhya Pradesh", "id_final": "d7"}, "geometry": {"type": "Polygon", "coordinates": [[[79.96953858054131, 23.61215828923417], [80.23615146185837, 23.574440049577873], [80.19004196169973, 23.507829180583034], [80.29642128356619, 23.441186279915755], [80.32643048719322, 23.305534840112898], [80.54394846314294, 23.393718950339874], [80.58348930266189, 23.28452666846503], [80.47814313373301, 23.19956904560506], [80.57756196684169, 23.127765488409956], [80.51646475493006, 23.077308600084812], [80.41121661476288, 23.17207668169394], [80.3293490115413, 23.09695248245356], [80.1885033202926, 23.129828920432583], [80.18665891755131, 23.02295333494542], [80.09765145391351, 23.07934420163473], [79.99443291900545, 23.030035190078426], [79.96437106036514, 22.851985337646934], [79.84682054601141, 22.830837216920706], [79.62984647929494, 22.945781484595496], [79.57139842391535, 23.134461788216406], [79.34681531494468, 23.107347686398334], [79.96953858054131, 23.61215828923417]]]}}, {"type": "Feature", "properties": {"id": 400, "objectid": 400, "state": "MP", "stcode": "23", "district": "Jhabua", "dtcode": "412", "shape_length": 340149.2942706253, "shape_area": 3312081736.3977804, "ds_name": " Administrative Boundary", "src_agency": "Survey of India (SOI)", "state_name": "Madhya Pradesh", "id_final": "d8"}, "geometry": {"type": "Polygon", "coordinates": [[[74.78764703382465, 23.24440398442773], [74.79718533853838, 23.14057202874235], [74.99292456207986, 23.14221703430177], [74.98513232824524, 22.866624682529302], [74.89521165267888, 22.748283737275965], [74.76042754972198, 22.751429573876166], [74.7769452755447, 22.57245351951743], [74.46341043854211, 22.529928506796836], [74.37845941365907, 22.633563716099324], [74.47653259197361, 22.85550954174705], [74.31886350123969, 23.05883008353744], [74.78764703382465, 23.24440398442773]]]}}, {"type": "Feature", "properties": {"id": 401, "objectid": 401, "state": "MP", "stcode": "23", "district": "Katni", "dtcode": "413", "shape_length": 622065.2301023597, "shape_area": 4853040434.63407, "ds_name": " Administrative Boundary", "src_agency": "Survey of India (SOI)", "state_name": "Madhya Pradesh", "id_final": "d9"}, "geometry": {"type": "Polygon", "coordinates": [[[80.74186451659128, 24.124597319132047], [80.69582979057398, 24.083809415677695], [80.80300850974923, 24.060632077524744], [80.75422921168278, 24.025676606492787], [80.79389798593716, 23.97001896209377], [80.86961564229689, 24.078527885075633], [80.9503459280045, 24.06450979811147], [80.83670930859167, 23.949833533568547], [80.90521756833064, 23.677762821048013], [80.71557533579856, 23.762874542301173], [80.45843882985285, 23.344052032232106], [80.32643048719322, 23.305534840112898], [80.29642128356619, 23.441186279915755], [80.19004196169973, 23.507829180583034], [80.23615146185837, 23.574440049577873], [79.96965598639407, 23.573464122554633], [79.93631643053976, 23.68172420200313], [79.82758880741069, 23.695373896610924], [80.01595645073593, 23.9768495018496], [80.14668203999214, 23.93748004090067], [80.18103872416131, 24.005070847558272], [80.3391924718941, 23.908314891907118], [80.74186451659128, 24.124597319132047]], [[80.60255500043289, 24.026705000173568], [80.61799999990039, 24.01228000125818], [80.61951499987318, 24.022925000766662], [80.60255500043289, 24.026705000173568]]]}}, {"type": "Feature", "properties": {"id": 402, "objectid": 402, "state": "MP", "stcode": "23", "district": "Khargone", "dtcode": "414", "shape_length": 675412.7209271983, "shape_area": 7721664830.8442335, "ds_name": " Administrative Boundary", "src_agency": "Survey of India (SOI)", "state_name": "Madhya Pradesh", "id_final": "d10"}, "geometry": {"type": "Polygon", "coordinates": [[[76.08688456875376, 22.54002786645643], [76.23476952603806, 22.39024169380852], [76.15872404753875, 22.25557405388534], [76.01253056608384, 22.21170347890407], [76.15364124134472, 22.213008242257633], [76.09588354704836, 22.05347757305909], [76.21969455547274, 22.099722186725618], [76.10063976496617, 21.854942978652037], [76.10459090141295, 21.72339856728803], [76.17118569113592, 21.69981909980625], [76.0694499161758, 21.663368134736743], [76.07688907098743, 21.57221389035355], [75.9520633771568, 21.551792906845996], [75.98660156686925, 21.368774819756947], [75.62032519193147, 21.37594468173482], [75.61151708064155, 21.457630080839603], [75.46284656759465, 21.51513128563289], [75.50210275254528, 21.613644200570334], [75.43848834318229, 21.675774911636548], [75.29298746016775, 21.63503695371012], [75.20882260313007, 21.708489478021548], [75.27602922488131, 21.738476693111807], [75.28327592217794, 21.915776883428848], [75.45668069716174, 22.05930023326038], [75.31579272207772, 22.13429864262527], [75.52059674935991, 22.173222403015426], [75.50868392137048, 22.37367534915526], [75.90578097409055, 22.386816721807136], [76.08688456875376, 22.54002786645643]]]}}, {"type": "Feature", "properties": {"id": 403, "objectid": 403, "state": "MP", "stcode": "23", "district": "Mandla", "dtcode": "415", "shape_length": 699235.0168510713, "shape_area": 7175672693.596525, "ds_name": " Administrative Boundary", "src_agency": "Survey of India (SOI)", "state_name": "Madhya Pradesh", "id_final": "d11"}, "geometry": {"type": "Polygon", "coordinates": [[[80.40615731296117, 23.172258316147804], [80.56680000090427, 23.074955000661], [80.52905000079537, 22.864319998850835], [80.87220000014959, 22.836840000800677], [80.86809999964987, 22.74451000177749], [81.00221999992542, 22.630379999771623], [80.94297000028205, 22.556679999792596], [81.02867000013653, 22.607579999784836], [81.15488000029768, 22.55716999979252], [81.19563231820807, 22.490615116157805], [81.11005690383958, 22.4355289677065], [81.07963717641806, 22.23945311200985], [80.91496997743162, 22.279035976023845], [80.81126897074788, 22.40196765315617], [80.7062479736661, 22.202157576696703], [80.41560734692095, 22.244199506885476], [80.32307702307025, 22.346118630712784], [80.0770131852101, 22.35070573225515], [80.03743052242093, 22.541024937455784], [79.95280398119657, 22.558289543672963], [80.20235199757313, 22.603917309493497], [80.2815714244636, 22.78056302897016], [80.06095299965527, 22.76012243265679], [79.95174466563594, 22.947276861143784], [80.08119584291464, 23.07722689007119], [80.18634155899399, 23.022732138860178], [80.18609527544093, 23.128678125628262], [80.3293490115413, 23.09695248245356], [80.40615731296117, 23.172258316147804]]]}}, {"type": "Feature", "properties": {"id": 503, "objectid": 503, "state": "PY", "stcode": "34", "district": "Pondicherry", "dtcode": "600", "shape_length": 333810.6762151293, "shape_area": 303864801.8328308, "ds_name": " Administrative Boundary", "src_agency": "Survey of India (SOI)", "state_name": "Puducherry", "id_final": "d12"}, "geometry": {"type": "MultiPolygon", "coordinates": [[[[79.74675338634466, 12.007505082151296], [79.75017850628055, 11.91985994414261], [79.84059193367943, 11.955739682260573], [79.80909720764697, 11.836120675284905], [79.80057545990151, 11.855224016953084], [79.76605913838898, 11.840500316493257], [79.76830531537236, 11.875894875831179], [79.67392757773092, 11.880652274574569], [79.74675338634466, 12.007505082151296]], [[79.79640517445597, 11.899839589638614], [79.77074863527797, 11.883971149095618], [79.78501230645534, 11.86294426149019], [79.79640517445597, 11.899839589638614]]], [[[79.67470296648722, 11.80675437753846], [79.68843752846008, 11.810227766382589], [79.68141445226401, 11.797664018254064], [79.67470296648722, 11.80675437753846]]], [[[79.7002271460834, 11.822858623984583], [79.69220083143311, 11.812923475440032], [79.69235950675497, 11.823276127741824], [79.7002271460834, 11.822858623984583]]], [[[79.6474303194655, 11.833916670128623], [79.6623099247278, 11.80918373685289], [79.65121463979811, 11.808868409919262], [79.6474303194655, 11.833916670128623]]], [[[79.71282376358458, 11.79078942817984], [79.80820182402553, 11.833477951587865], [79.79692267057288, 11.785177349536802], [79.71282376358458, 11.79078942817984]]], [[[79.69777121090249, 11.861142752158646], [79.69513296641097, 11.86993507776774], [79.69812773091442, 11.873772909260639], [79.69777121090249, 11.861142752158646]]], [[[79.60368348071451, 11.879158948495899], [79.65995039914546, 11.84831433116618], [79.60573584017366, 11.854267109846571], [79.60368348071451, 11.879158948495899]]], [[[79.62389387971527, 11.940649018912623], [79.67382804046973, 11.914276140318494], [79.63214111936638, 11.899339650655035], [79.62389387971527, 11.940649018912623]]], [[[79.6674729598365, 11.963367450107235], [79.67900087894272, 11.942958870567942], [79.65740952001993, 11.951662051019426], [79.6674729598365, 11.963367450107235]]], [[[79.7927169599851, 12.021066630821203], [79.77806856002819, 12.01680657103687], [79.77837384034387, 12.024395911313704], [79.7927169599851, 12.021066630821203]]], [[[79.61767595981468, 12.013447769804444], [79.65520532005559, 12.018635678572654], [79.62992856013436, 11.962761841050202], [79.61767595981468, 12.013447769804444]]], [[[79.6630478399662, 12.010211009344664], [79.71745519536412, 11.993237551674541], [79.68377541610566, 11.979215802621939], [79.6630478399662, 12.010211009344664]]], [[[79.86846628475422, 12.030739626281493], [79.82161703973476, 12.011242860931809], [79.8295975196624, 12.045573720062343], [79.86846628475422, 12.030739626281493]]]]}}, {"type": "Feature", "properties": {"id": 504, "objectid": 504, "state": "PY", "stcode": "34", "district": "Yanam", "dtcode": "601", "shape_length": 38726.091152680536, "shape_area": 36933324.50478104, "ds_name": " Administrative Boundary", "src_agency": "Survey of India (SOI)", "state_name": "Puducherry", "id_final": "d13"}, "geometry": {"type": "Polygon", "coordinates": [[[82.18691336275897, 16.72832632515987], [82.2282382265479, 16.730397476815757], [82.31061608075255, 16.735037266814977], [82.26128287867503, 16.701915056603447], [82.18691336275897, 16.72832632515987]]]}}, {"type": "Feature", "properties": {"id": 521, "objectid": 521, "state": "RJ", "stcode": "08", "district": "Jaipur", "dtcode": "102", "shape_length": 843721.5048482525, "shape_area": 10739840567.998528, "ds_name": " Administrative Boundary", "src_agency": "Survey of India (SOI)", "state_name": "Rajasthan", "id_final": "d14"}, "geometry": {"type": "Polygon", "coordinates": [[[76.09790303761433, 27.85704282825194], [76.28637041223223, 27.800133099492413], [76.1929007264246, 27.61395536594832], [76.25012892583712, 27.441341540950564], [76.11300768594249, 27.23592025225451], [76.18373232316027, 27.117784190503798], [76.28120656351862, 27.14958043008486], [76.15388801522165, 26.521608187989614], [75.96037909934932, 26.486133632038364], [75.79568437956645, 26.550909246024666], [75.74014969999155, 26.44737057049097], [75.6139827505869, 26.440212052708667], [75.28462825505564, 26.56473845254637], [75.14534958951624, 26.47026452518322], [74.91355502619267, 26.83791486020122], [75.0099202968075, 26.946326260308158], [75.16093639243236, 26.933221356329177], [75.25398826854615, 27.03131731468146], [75.21800851588148, 27.080349259598275], [75.36341997495741, 27.08366754285044], [75.31275742877192, 27.18515140970908], [75.378660360292, 27.28867995871472], [75.60038460028696, 27.301049275962427], [75.98593393558112, 27.46845376311207], [75.94039441608201, 27.619099780909302], [76.09790303761433, 27.85704282825194]]]}}, {"type": "Feature", "properties": {"id": 522, "objectid": 522, "state": "RJ", "stcode": "08", "district": "Jaisalmer", "dtcode": "103", "shape_length": 1152163.2815805923, "shape_area": 37060761714.57551, "ds_name": " Administrative Boundary", "src_agency": "Survey of India (SOI)", "state_name": "Rajasthan", "id_final": "d15"}, "geometry": {"type": "Polygon", "coordinates": [[[70.73976792412411, 27.741921846749428], [71.875021111615, 27.954755629005366], [71.89186713632336, 27.868468324971843], [72.00644937852864, 27.950673537564107], [72.13906622067927, 27.8801025078607], [72.10395891211017, 27.708813607813834], [72.33769623197558, 27.69358610271714], [72.23825099321779, 27.48120024794117], [72.17463981182519, 27.462469740883435], [72.0456510391021, 27.6187642774096], [71.80717672603642, 27.44785742303623], [72.10209324002216, 26.887077077412833], [72.03803314370025, 26.68177706520788], [72.09748603276023, 26.6022118655012], [72.02767077011549, 26.500474891721826], [72.07708460631036, 26.453380206645193], [72.07106496013587, 26.35069794682051], [71.89272267224976, 26.298205283816497], [71.44891068126465, 26.51572739701627], [70.94910541706703, 26.24457294583577], [71.04985456989563, 26.139430857446374], [70.93984667436406, 26.07976244522291], [70.9577513882368, 26.017880580409788], [70.71541970611372, 26.210451865195733], [70.2206566882681, 26.11899385618099], [70.14131043604064, 26.155866593178143], [70.17409293684624, 26.551490207791144], [69.82311901190207, 26.589028989027383], [69.51027600916734, 26.743579960533122], [69.58684103972274, 27.183322778491398], [70.02589969931529, 27.562919935714913], [70.13239619556931, 27.805955562698863], [70.37219234937606, 28.011832145254676], [70.58946000756276, 28.010439696361203], [70.73976792412411, 27.741921846749428]]]}}, {"type": "Feature", "properties": {"id": 523, "objectid": 523, "state": "RJ", "stcode": "08", "district": "Jalore", "dtcode": "104", "shape_length": 734412.6976531631, "shape_area": 10237217034.685947, "ds_name": " Administrative Boundary", "src_agency": "Survey of India (SOI)", "state_name": "Rajasthan", "id_final": "d16"}, "geometry": {"type": "Polygon", "coordinates": [[[72.80102127531472, 25.788610961656634], [73.09112861694331, 25.467309432860983], [72.93653646590938, 25.36040413045204], [72.9853534961681, 25.24926946645407], [72.82044121369556, 25.280140590730902], [72.68870707776107, 25.046431673054865], [72.49575846611984, 24.917174195727405], [72.49106874728307, 24.759709773810258], [72.3731929689925, 24.765739704490333], [72.32018277514429, 24.61778382360778], [72.05829265596444, 24.712538518281246], [71.93984820494646, 24.63379998463252], [71.87172874358944, 24.68176062099744], [71.8521407327351, 24.609359667432464], [71.79150394660954, 24.677331167250045], [71.18747943675321, 24.65028981786885], [71.38716555866034, 24.975125733123694], [71.80158891832912, 25.054461576713013], [72.03261582623124, 25.474360392883412], [72.3199899643742, 25.38801475747207], [72.59014254871562, 25.60906592186942], [72.71969742706959, 25.609225465063364], [72.7264198641773, 25.77586033794195], [72.80102127531472, 25.788610961656634]]]}}, {"type": "Feature", "properties": {"id": 524, "objectid": 524, "state": "RJ", "stcode": "08", "district": "Jhalawar", "dtcode": "105", "shape_length": 749209.3554154993, "shape_area": 6096593825.763745, "ds_name": " Administrative Boundary", "src_agency": "Survey of India (SOI)", "state_name": "Rajasthan", "id_final": "d17"}, "geometry": {"type": "Polygon", "coordinates": [[[76.36009852472515, 24.870446214360157], [76.44282567341679, 24.831151760364452], [76.60774614921682, 24.42395347044631], [76.84531812705275, 24.43578238756319], [76.94713230940708, 24.20104255959289], [76.90142245661539, 24.128162950533625], [76.69884124652596, 24.16840964180501], [76.69542603079633, 24.28431263541017], [76.52762804715769, 24.15704673717983], [76.47053431575227, 24.225985797300787], [76.21247063335932, 24.209732578093085], [76.18544826540918, 24.329308828601192], [76.12706296682288, 24.08806558782447], [75.96343565050137, 24.018702208984784], [75.98134353087475, 23.928964769187854], [75.78174124527735, 23.84881131898565], [75.70600760752703, 23.89931754137982], [75.6869046688957, 23.75538437601261], [75.58352852717425, 23.79480827890763], [75.4737990017212, 23.98190952325551], [75.71750735463401, 23.96692604976668], [75.83675812338574, 24.057017492513694], [75.75102007281053, 24.14357120766765], [75.83019047502168, 24.23357407491068], [75.74754906707251, 24.424270540208276], [75.90032153751405, 24.442266778933018], [75.92067725143103, 24.548930628110956], [76.07428114995686, 24.572532114548128], [76.06439617254802, 24.743107082166823], [76.36009852472515, 24.870446214360157]]]}}, {"type": "Feature", "properties": {"id": 525, "objectid": 525, "state": "RJ", "stcode": "08", "district": "Jhunjhunu", "dtcode": "106", "shape_length": 511249.63912691566, "shape_area": 5717752775.050811, "ds_name": " Administrative Boundary", "src_agency": "Survey of India (SOI)", "state_name": "Rajasthan", "id_final": "d18"}, "geometry": {"type": "Polygon", "coordinates": [[[75.66995669292452, 28.51905145447883], [75.91814988462428, 28.372032210146145], [76.09490331256971, 28.141453201407085], [75.94597646673624, 28.107683997198443], [76.04073475854173, 28.074004268366004], [75.99976183949929, 27.977074366028713], [75.76806817783218, 27.830935032125083], [75.69111540634043, 27.679194613222815], [75.37504481725267, 27.64352392554944], [75.10622788668456, 28.050511628661496], [75.12666147193141, 28.136631132299154], [75.02368731782201, 28.206551003568624], [75.23188799758616, 28.45712269569385], [75.5008323294284, 28.336955505097553], [75.66995669292452, 28.51905145447883]]]}}, {"type": "Feature", "properties": {"id": 526, "objectid": 526, "state": "RJ", "stcode": "08", "district": "Jodhpur", "dtcode": "107", "shape_length": 1035229.1840036344, "shape_area": 21857134941.98634, "ds_name": " Administrative Boundary", "src_agency": "Survey of India (SOI)", "state_name": "Rajasthan", "id_final": "d19"}, "geometry": {"type": "Polygon", "coordinates": [[[72.09268825248874, 27.592665813115758], [72.17463981182519, 27.462469740883435], [72.29090102949125, 27.547513191206946], [72.26427894263014, 27.458279318456643], [72.55350868261202, 27.620421104422388], [72.65530963021061, 27.536761775523587], [72.68965242786827, 27.60548994772761], [72.76128259245219, 27.52546518920039], [72.82573948036972, 27.585173455983707], [72.89488704661322, 27.415540766149316], [73.10970880885102, 27.418354632315108], [73.12093247633, 26.941404107697018], [73.23828559490586, 26.86127922269264], [73.6291805490361, 26.844255537108843], [73.71976579489335, 26.539196710000056], [73.85446595876957, 26.466487166672163], [73.79939421932298, 26.092346415076282], [73.65533860532932, 26.06979428476779], [73.62760562860485, 26.14514303453607], [73.52499413825296, 26.061541502676217], [73.39251928614917, 26.158829959252767], [73.3192319238818, 26.010790042272472], [73.19178303485438, 26.082810127183226], [72.8090022424228, 25.852877544060927], [72.62002764800812, 25.97470172897746], [72.69847444849863, 26.116833419026], [72.59655479303241, 26.277651566411702], [72.4579285408364, 26.30097967233728], [72.26831373414379, 26.19742780039632], [72.09650432426554, 26.323418807935138], [72.02767077011549, 26.500474891721826], [72.10209324002216, 26.887077077412833], [72.04183456667707, 27.105597539455296], [71.91211598370823, 27.179746616601477], [71.80686409530809, 27.438057460320216], [71.92369035791813, 27.563196151617806], [72.09268825248874, 27.592665813115758]]]}}, {"type": "Feature", "properties": {"id": 527, "objectid": 527, "state": "RJ", "stcode": "08", "district": "Karauli", "dtcode": "108", "shape_length": 521932.2396616785, "shape_area": 4836638838.827777, "ds_name": " Administrative Boundary", "src_agency": "Survey of India (SOI)", "state_name": "Rajasthan", "id_final": "d20"}, "geometry": {"type": "Polygon", "coordinates": [[[76.83318071794055, 26.998308871626023], [76.96166942403785, 26.861629541899923], [77.35096588740886, 26.805099906045793], [77.39490795066204, 26.632625580993178], [77.22711494744517, 26.528995993504683], [77.37575414873737, 26.36569071796991], [76.85140783712414, 26.03214817720236], [76.55004059151298, 26.267261257674967], [76.9702733278905, 26.551218160259317], [76.95252834761293, 26.669057601248703], [76.75536194080378, 26.566669790151796], [76.47266146349497, 26.71786961403273], [76.83318071794055, 26.998308871626023]]]}}, {"type": "Feature", "properties": {"id": 528, "objectid": 528, "state": "RJ", "stcode": "08", "district": "Kota", "dtcode": "109", "shape_length": 614406.7122635125, "shape_area": 4903424828.285047, "ds_name": " Administrative Boundary", "src_agency": "Survey of India (SOI)", "state_name": "Rajasthan", "id_final": "d21"}, "geometry": {"type": "Polygon", "coordinates": [[[76.56091367803349, 25.84027040900014], [76.47198611407279, 25.70244943808886], [76.59695672160167, 25.408156224949405], [76.32327844124923, 25.382211943810457], [76.19637835228731, 25.124311145770374], [76.3010184223307, 24.960312539837265], [76.40760466033987, 25.002683731500422], [76.50455932051517, 24.885784314764063], [76.2209401023391, 24.829045100801107], [76.20083862653394, 24.754604633385583], [76.13686685720161, 24.80028707467225], [76.05663195607293, 24.732166219901067], [76.07374479168428, 24.57157870345497], [75.90619271578251, 24.545332799038995], [75.8251471926644, 24.613038665078207], [75.81198007370068, 24.870477031598828], [75.61699276683564, 24.9944197816888], [75.78212445308137, 25.265669835920484], [75.988308658512, 25.23108096210591], [76.06675858034525, 25.349315094787908], [76.15285052875261, 25.342020153825942], [76.2960807490534, 25.69791679206068], [76.56091367803349, 25.84027040900014]]]}}, {"type": "Feature", "properties": {"id": 529, "objectid": 529, "state": "RJ", "stcode": "08", "district": "Nagaur", "dtcode": "110", "shape_length": 954835.0758398832, "shape_area": 17162796010.219244, "ds_name": " Administrative Boundary", "src_agency": "Survey of India (SOI)", "state_name": "Rajasthan", "id_final": "d22"}, "geometry": {"type": "Polygon", "coordinates": [[[74.40885083017908, 27.68988290631494], [74.6819964121145, 27.66813709422199], [74.88019016967004, 27.309884537291847], [75.11513679411807, 27.377337831724926], [75.16464264099069, 27.30355943878522], [75.06926946465214, 27.216037664857488], [75.36341997495741, 27.08366754285044], [75.21800851588148, 27.080349259598275], [75.25398826854615, 27.03131731468146], [75.16093639243236, 26.933221356329177], [74.98976296362093, 26.890002530925855], [74.85269437250575, 26.978879539722286], [74.66322546137117, 26.715144729157657], [74.72134431888621, 26.70068181630438], [74.67066841560327, 26.596359350921944], [74.58866298126418, 26.62957276253426], [74.46189498963476, 26.487433058551126], [74.15910373824497, 26.41026759407104], [73.88047926978503, 26.42532968186264], [73.71976579489335, 26.539196710000056], [73.5932136364711, 26.863937777706788], [73.23828559490586, 26.86127922269264], [73.12093247633, 26.941404107697018], [73.13135354397353, 27.308374278829227], [73.22759432366738, 27.33504427141279], [73.32708086158206, 27.18308980797917], [73.66337418107629, 27.566155734162166], [73.79549625422608, 27.49741537337136], [74.02910519105389, 27.535491820128943], [74.2038028399445, 27.422311814763578], [74.25333081250433, 27.601362580147658], [74.40885083017908, 27.68988290631494]]]}}, {"type": "Feature", "properties": {"id": 530, "objectid": 530, "state": "RJ", "stcode": "08", "district": "Pali", "dtcode": "111", "shape_length": 870296.9798784581, "shape_area": 11916340369.439003, "ds_name": " Administrative Boundary", "src_agency": "Survey of India (SOI)", "state_name": "Rajasthan", "id_final": "d23"}, "geometry": {"type": "MultiPolygon", "coordinates": [[[[73.75003138286425, 25.40611983055168], [73.39797996984983, 25.077403039218602], [73.33018666529289, 24.906445193172186], [73.23231876216363, 24.784866959967115], [73.14626726669975, 24.748893915074316], [73.14850307770192, 24.845736542321145], [72.99191020181753, 24.92204751562894], [73.13769641709648, 25.097293233566358], [73.04309794226131, 25.163104211814048], [72.99934706068846, 25.10059366031957], [72.93506251171958, 25.243288523397954], [72.99769073623833, 25.278369784499418], [72.93653646590938, 25.36040413045204], [73.0836131951693, 25.491209409329137], [72.77705846249086, 25.80590030694466], [73.19178303485438, 26.082810127183226], [73.3192319238818, 26.010790042272472], [73.38814006811498, 26.157716552991783], [73.52499413825296, 26.061541502676217], [73.62760562860485, 26.14514303453607], [73.65533860532932, 26.06979428476779], [73.79939421932298, 26.092346415076282], [73.78543385366893, 26.318253349002344], [73.87040353804156, 26.429340628967207], [74.28836505041322, 26.4516329204722], [74.2514054411651, 26.286450866276805], [74.38630083530333, 26.278168702117792], [74.3666545342145, 26.191380307041694], [74.27194569915162, 26.17406410301245], [74.24409728488205, 26.05413882584258], [74.16211761449901, 26.068315887144525], [74.10678005541823, 25.854598246369658], [73.94401876314076, 25.83187388330407], [73.75003138286425, 25.40611983055168]]], [[[73.48796073406861, 25.10431219816922], [73.4882788446331, 25.104397191183928], [73.48849221377513, 25.10413575029026], [73.48796073406861, 25.10431219816922]]]]}}, {"type": "Feature", "properties": {"id": 531, "objectid": 531, "state": "RJ", "stcode": "08", "district": "Rajsamand", "dtcode": "112", "shape_length": 712155.2636188829, "shape_area": 4454350393.675214, "ds_name": " Administrative Boundary", "src_agency": "Survey of India (SOI)", "state_name": "Rajasthan", "id_final": "d24"}, "geometry": {"type": "MultiPolygon", "coordinates": [[[[74.1209122496175, 25.863115319737254], [74.2082340543064, 25.775013316519406], [74.08332123720025, 25.703908082558552], [74.12738166221784, 25.64689094096708], [74.01420143587362, 25.452396434334194], [74.07687422464747, 25.411565875091622], [74.01168816665886, 25.38885825035763], [74.084320683699, 25.309225686663456], [74.02903305371424, 25.262525354172947], [74.12385268869662, 25.24263044345944], [74.05990185418834, 25.14280108915104], [74.32107204180863, 25.025359460262532], [74.09946446844599, 24.864656548427853], [73.83856630767664, 24.906981537489067], [73.80791512013329, 24.746401073613033], [73.70448342540479, 24.78885676945036], [73.6543061919656, 24.72997573647922], [73.68832643088305, 24.861968291407127], [73.53671122359475, 24.915055088018274], [73.48872397982215, 25.11692615831867], [73.86331307562124, 25.65041464184301], [73.98624786662701, 25.666627658523986], [74.1209122496175, 25.863115319737254]], [[74.18054400177873, 24.983361916405244], [74.15496605864396, 24.96158205648001], [74.18948753749753, 24.959353577393347], [74.18054400177873, 24.983361916405244]], [[74.11112164525322, 24.94691004828172], [74.11962392501908, 24.941776638614748], [74.12040826806196, 24.945591158100026], [74.11112164525322, 24.94691004828172]]], [[[74.21161953490086, 25.891948083428037], [74.25501018401624, 25.869224243090116], [74.19318449000139, 25.85352003278596], [74.21161953490086, 25.891948083428037]]], [[[74.35421246658872, 26.019026610719457], [74.38798223458798, 25.963008565416207], [74.2649318959656, 25.874015169774648], [74.2279844676758, 25.93506763577658], [74.29935623388525, 25.915065600224626], [74.35421246658872, 26.019026610719457]]]]}}, {"type": "Feature", "properties": {"id": 532, "objectid": 532, "state": "RJ", "stcode": "08", "district": "Sawai Madhopur", "dtcode": "113", "shape_length": 570119.838399867, "shape_area": 4838069351.349286, "ds_name": " Administrative Boundary", "src_agency": "Survey of India (SOI)", "state_name": "Rajasthan", "id_final": "d25"}, "geometry": {"type": "Polygon", "coordinates": [[[76.47266146349497, 26.71786961403273], [76.70794606662432, 26.574722148218953], [76.91646275403754, 26.68367904906475], [76.98127535116238, 26.60209820029607], [76.55004059151298, 26.267261257674967], [76.84879976929912, 26.050722362185784], [76.80394009915292, 25.9592812179461], [76.35628153413845, 25.74106137403281], [76.2102382560364, 25.860842438547685], [76.24075882556085, 26.022146585781417], [76.0602420709461, 25.993445599225232], [76.10576804137514, 26.060757977839263], [75.97999133680877, 26.200823194941677], [76.11996363559936, 26.253641527440532], [76.1681180395843, 26.483875806847955], [76.40250316633828, 26.37889789960534], [76.47800199964674, 26.500463753466544], [76.41778773978108, 26.607066122924323], [76.47266146349497, 26.71786961403273]]]}}, {"type": "Feature", "properties": {"id": 697, "objectid": 697, "state": "UP", "stcode": "09", "district": "Siddharth Nagar", "dtcode": "182", "shape_length": 423097.2220245321, "shape_area": 2799390746.908026, "ds_name": " Administrative Boundary", "src_agency": "Survey of India (SOI)", "state_name": "Uttar Pradesh", "id_final": "d26"}, "geometry": {"type": "Polygon", "coordinates": [[[82.73516218350532, 27.50262893117174], [83.2721515824609, 27.38334864911097], [83.1316243744543, 27.085074825868517], [82.90362306986657, 26.99980459562434], [82.76335394938293, 27.111994171061827], [82.55911695415612, 27.081985491059125], [82.43927933754152, 27.164618533771918], [82.5657443055401, 27.18232278637514], [82.47204167076117, 27.320294495478613], [82.56857184459096, 27.416376112497968], [82.75649697925545, 27.406238212974323], [82.73516218350532, 27.50262893117174]]]}}, {"type": "Feature", "properties": {"id": 698, "objectid": 698, "state": "UP", "stcode": "09", "district": "Sitapur", "dtcode": "183", "shape_length": 538851.3476798672, "shape_area": 5540290016.564448, "ds_name": " Administrative Boundary", "src_agency": "Survey of India (SOI)", "state_name": "Uttar Pradesh", "id_final": "d27"}, "geometry": {"type": "Polygon", "coordinates": [[[80.98575406860392, 27.886020923490662], [80.99042732520607, 27.824076633652325], [81.22772849117715, 27.76071903920792], [81.1860741733369, 27.729078792218747], [81.266716731407, 27.711885758158914], [81.41635822399732, 27.350944721247647], [81.35817950293585, 27.25728553319942], [81.29188534098853, 27.35929937766443], [81.20723367187202, 27.23719114686114], [80.9687016091869, 27.239993160928037], [80.82786074468484, 27.099472491763144], [80.74752068992952, 27.228020110896665], [80.49508802611106, 27.25604822728558], [80.30670440713727, 27.67456428505341], [80.5173799864747, 27.81037278989463], [80.59764176386766, 27.74858823969481], [80.64174535735742, 27.839120185338388], [80.82574623879538, 27.790828384484143], [80.98575406860392, 27.886020923490662]]]}}, {"type": "Feature", "properties": {"id": 699, "objectid": 699, "state": "UP", "stcode": "09", "district": "Sonbhadra", "dtcode": "184", "shape_length": 568733.6737875255, "shape_area": 6619250141.631542, "ds_name": " Administrative Boundary", "src_agency": "Survey of India (SOI)", "state_name": "Uttar Pradesh", "id_final": "d28"}, "geometry": {"type": "Polygon", "coordinates": [[[83.05552261149045, 24.958394934335757], [83.15976692044998, 24.726609353821644], [83.39703889777242, 24.781960569129083], [83.54798772249292, 24.62284549107682], [83.39698326069184, 24.49687208587342], [83.4572782541057, 24.36450105670634], [83.20795280147551, 23.92136475270782], [82.94791262456631, 23.871394692824847], [82.66456592195489, 24.127520368519747], [82.72813543003008, 24.135554769199974], [82.77279701507716, 24.30761595372798], [82.719275230708, 24.55237881747275], [82.8053084420089, 24.594738406951308], [82.6709890605804, 24.69693720219407], [82.52349933401166, 24.678103263031225], [82.58066120740624, 24.82968860619385], [82.65771566352134, 24.781099011109923], [82.95433953150253, 24.836692251508836], [83.05552261149045, 24.958394934335757]]]}}, {"type": "Feature", "properties": {"id": 700, "objectid": 700, "state": "UP", "stcode": "09", "district": "Sultanpur", "dtcode": "185", "shape_length": 457094.291641699, "shape_area": 2581041746.5958624, "ds_name": " Administrative Boundary", "src_agency": "Survey of India (SOI)", "state_name": "Uttar Pradesh", "id_final": "d29"}, "geometry": {"type": "Polygon", "coordinates": [[[81.75989276915939, 26.546081926954255], [82.67849650742623, 26.257027729085376], [82.69231628550803, 26.15627966990296], [82.59606936128904, 26.20112570354346], [82.56701861348809, 26.13109736023324], [82.44366932595474, 26.13240974545414], [82.49110407798506, 25.97387800238106], [82.05476785984628, 26.05269206489311], [82.0494678166534, 26.1495845741959], [81.8087187921767, 26.331943996246125], [81.88190750008107, 26.388348905566666], [81.75989276915939, 26.546081926954255]]]}}, {"type": "Feature", "properties": {"id": 701, "objectid": 701, "state": "UP", "stcode": "09", "district": "Unnao", "dtcode": "186", "shape_length": 529272.2167391398, "shape_area": 4414072941.94204, "ds_name": " Administrative Boundary", "src_agency": "Survey of India (SOI)", "state_name": "Uttar Pradesh", "id_final": "d30"}, "geometry": {"type": "Polygon", "coordinates": [[[80.26828566565244, 27.02701726478209], [80.41321185922038, 26.88976413643446], [80.45758200060881, 26.97692733809125], [80.59960765151388, 26.986611363027606], [80.56127076267981, 26.93707655229089], [80.74028771676169, 26.790239842534888], [80.69566103303032, 26.686037016352884], [81.00509034493105, 26.52751675497345], [80.998293371587, 26.31304931465275], [80.84305839004092, 26.371222527478306], [80.88606070418348, 26.293779612568965], [80.81873015675075, 26.201311434291878], [80.67023669999625, 26.103543921289358], [80.61481167734479, 26.150542055216565], [80.04403667447171, 26.92484515787772], [80.26828566565244, 27.02701726478209]]]}}, {"type": "Feature", "properties": {"id": 702, "objectid": 702, "state": "UP", "stcode": "09", "district": "Varanasi", "dtcode": "187", "shape_length": 295655.0486671113, "shape_area": 1478661956.7043293, "ds_name": " Administrative Boundary", "src_agency": "Survey of India (SOI)", "state_name": "Uttar Pradesh", "id_final": "d31"}, "geometry": {"type": "Polygon", "coordinates": [[[83.03700624825099, 25.55794015000611], [83.08428107956573, 25.49610277766827], [83.17717325438866, 25.52736911315987], [83.1251749187008, 25.44695624779385], [83.18822250401239, 25.416236976669175], [83.14138714706975, 25.32184682293952], [83.01090750309045, 25.30466784618536], [83.06520228033415, 25.245082278759398], [82.84605699232223, 25.164345488940448], [82.78270291436996, 25.203136176826586], [82.81962722369957, 25.255651191743887], [82.67089444668544, 25.24684420242086], [82.72427985401971, 25.541512310486702], [83.03700624825099, 25.55794015000611]]]}}, {"type": "Feature", "properties": {"id": 703, "objectid": 703, "state": "UP", "stcode": "09", "district": "Kasganj", "dtcode": "633", "shape_length": 321727.32381242554, "shape_area": 1903029222.1906471, "ds_name": " Administrative Boundary", "src_agency": "Survey of India (SOI)", "state_name": "Uttar Pradesh", "id_final": "d32"}, "geometry": {"type": "Polygon", "coordinates": [[[78.64702257262452, 28.01675526538877], [78.91759419369679, 27.850090502462635], [79.13859593744935, 27.838225252868426], [79.19607352999606, 27.750197529383847], [79.1284548914122, 27.63469554769715], [79.21179778365423, 27.57444521418168], [79.07592053685572, 27.55795922148199], [78.99529058676997, 27.64731543970105], [78.89097318328474, 27.550750990819605], [78.6875479679947, 27.741826502975282], [78.47273364849735, 27.76179872698108], [78.64702257262452, 28.01675526538877]]]}}, {"type": "Feature", "properties": {"id": 704, "objectid": 704, "state": "UP", "stcode": "09", "district": "Amethi", "dtcode": "640", "shape_length": 394601.94681803073, "shape_area": 2336340374.0034666, "ds_name": " Administrative Boundary", "src_agency": "Survey of India (SOI)", "state_name": "Uttar Pradesh", "id_final": "d33"}, "geometry": {"type": "Polygon", "coordinates": [[[81.58506274376211, 26.653564597466485], [81.87017007323139, 26.410529909917788], [81.8087187921767, 26.331943996246125], [82.0494678166534, 26.1495845741959], [82.04900758684116, 26.057577626526985], [81.78428775658791, 26.02811729802396], [81.58729911582284, 26.249795905924483], [81.35356545389669, 26.22782708999138], [81.40902004185246, 26.31815159768625], [81.34575320153242, 26.54594417376181], [81.5470372480158, 26.52636124293805], [81.58506274376211, 26.653564597466485]]]}}, {"type": "Feature", "properties": {"id": 705, "objectid": 705, "state": "UP", "stcode": "09", "district": "Sambhal", "dtcode": "659", "shape_length": 397801.1385953074, "shape_area": 2328704403.99544, "ds_name": " Administrative Boundary", "src_agency": "Survey of India (SOI)", "state_name": "Uttar Pradesh", "id_final": "d34"}, "geometry": {"type": "Polygon", "coordinates": [[[78.40733781630152, 28.78215289096231], [78.6811045159964, 28.763982042903553], [78.7067513347285, 28.493293627241233], [78.92049644101415, 28.571646046469773], [78.95941383022067, 28.508402541308374], [78.66431777254904, 28.33382795400737], [78.5309442983014, 28.04391546840694], [78.26934842291134, 28.367006170595047], [78.42464077306033, 28.48115550850256], [78.40733781630152, 28.78215289096231]]]}}, {"type": "Feature", "properties": {"id": 706, "objectid": 706, "state": "UP", "stcode": "09", "district": "Shamli", "dtcode": "660", "shape_length": 219884.12767241735, "shape_area": 1227291214.1832356, "ds_name": " Administrative Boundary", "src_agency": "Survey of India (SOI)", "state_name": "Uttar Pradesh", "id_final": "d35"}, "geometry": {"type": "MultiPolygon", "coordinates": [[[[77.32639287572547, 29.330968046105976], [77.28992371005167, 29.29620628430028], [77.29404484217585, 29.257307200361865], [77.12443963796673, 29.351476593176383], [77.08395483758012, 29.589015865449394], [77.14968649755494, 29.688414419595496], [77.4849321429673, 29.656485952623964], [77.46400690929882, 29.451718802276368], [77.32639287572547, 29.330968046105976]], [[77.31931236313918, 29.377998713751953], [77.3360346153788, 29.382619370973096], [77.32584984234195, 29.393535516609525], [77.31931236313918, 29.377998713751953]]], [[[77.32092118182885, 29.32333818361339], [77.33618085097567, 29.326333536736502], [77.32828918269404, 29.31124673774819], [77.32092118182885, 29.32333818361339]]]]}}, {"type": "Feature", "properties": {"id": 707, "objectid": 707, "state": "UP", "stcode": "09", "district": "Hapur", "dtcode": "661", "shape_length": 248970.77377494154, "shape_area": 1112194057.0544403, "ds_name": " Administrative Boundary", "src_agency": "Survey of India (SOI)", "state_name": "Uttar Pradesh", "id_final": "d36"}, "geometry": {"type": "Polygon", "coordinates": [[[77.7037465408793, 28.787102622567456], [78.14290964652236, 28.84156282838677], [78.21057041232199, 28.62687472153529], [77.96293836919028, 28.715367056392864], [77.71982490990663, 28.549588346390333], [77.5469429510743, 28.628048233163607], [77.7037465408793, 28.787102622567456]]]}}, {"type": "Feature", "properties": {"id": 708, "objectid": 708, "state": "WB", "stcode": "19", "district": "24 Paraganas North", "dtcode": "303", "shape_length": 588698.9171783382, "shape_area": 3851759704.132817, "ds_name": " Administrative Boundary", "src_agency": "Survey of India (SOI)", "state_name": "West Bengal", "id_final": "d37"}, "geometry": {"type": "Polygon", "coordinates": [[[88.70765608259487, 23.232256459151298], [88.99572467802366, 23.214700209190354], [88.84509566132229, 23.009948321155207], [88.96864444187582, 22.84429954722794], [88.91100487163958, 22.75773053111293], [89.05966558271524, 22.120154459491193], [88.93472289371155, 22.264508821066347], [88.8154260251418, 22.26274545159762], [88.82201606656601, 22.371169314738403], [88.593189999057, 22.612799998692587], [88.45324542854524, 22.518381216218252], [88.34936760504986, 22.657214547794183], [88.41775826064283, 22.956950717735097], [88.65807941020165, 22.875711053590898], [88.70765608259487, 23.232256459151298]]]}}, {"type": "Feature", "properties": {"id": 709, "objectid": 709, "state": "WB", "stcode": "19", "district": "24 Paraganas South", "dtcode": "304", "shape_length": 1782759.204097278, "shape_area": 7493869980.074116, "ds_name": " Administrative Boundary", "src_agency": "Survey of India (SOI)", "state_name": "West Bengal", "id_final": "d38"}, "geometry": {"type": "MultiPolygon", "coordinates": [[[[88.57499095348919, 22.617239008395426], [88.82201606656601, 22.371169314738403], [88.8154260251418, 22.26274545159762], [89.0183871734266, 22.198717277244246], [89.07274332225494, 21.94444026328167], [89.02782229248552, 21.92888946649211], [89.03038263265644, 22.001048266826974], [88.93565095541477, 22.011805584714086], [88.90436150867221, 21.927890704315942], [88.80574902403013, 21.93806856297802], [88.84558795370205, 21.619102689535616], [88.81459449524357, 21.710727850691722], [88.76270887071058, 21.70197187593888], [88.79383448969175, 21.737005473741924], [88.78114707520285, 21.825167385276018], [88.75654855049132, 21.70297269952967], [88.80794232819228, 21.662676942987765], [88.69375974546328, 21.745307856396877], [88.75146465547283, 22.006230924606836], [88.67862016310997, 21.943094889757194], [88.63487586609618, 22.01077253521768], [88.57124328208265, 22.00043953732868], [88.53489514349491, 21.968727765432064], [88.53750611490302, 21.856714451147052], [88.44958961315736, 21.905664860859957], [88.4387555316856, 21.90601250521737], [88.43109861147822, 21.901201574383013], [88.42120430806695, 21.904076514696165], [88.41804890921475, 21.90260521760759], [88.48303528927377, 21.87203275602689], [88.44736652661575, 21.812988023493034], [88.4603966240426, 21.792440438122156], [88.44516149860698, 21.80302748954404], [88.42992902352388, 21.800599206850016], [88.42596750734381, 21.814482823295336], [88.41742356291593, 21.813156136289688], [88.34280530288103, 21.761327416089415], [88.32080181784043, 21.7087379725921], [88.29996476500374, 21.7814097296292], [88.28297386357742, 21.789456428389524], [88.27187092736527, 21.73234009308414], [88.3118958755514, 21.67063230509919], [88.28441580923008, 21.60070641442582], [88.31029189118016, 21.58131011636935], [88.25320991101584, 21.558626677995022], [88.23313369907211, 21.668815478040287], [88.19975399953181, 21.68269668344481], [88.22043034248077, 21.701882410165062], [88.21529219854445, 21.778031249800094], [88.14969633706214, 21.957660393898045], [88.21043303488325, 22.148945009214216], [88.06904921662195, 22.213504049143882], [88.12134780107125, 22.464935299127497], [88.2459480415668, 22.54592021501567], [88.37067499963266, 22.451534998609002], [88.57499095348919, 22.617239008395426]]], [[[88.16777800565748, 21.59166599989771], [88.18888900573502, 21.581938999238222], [88.18666900629802, 21.559999998965306], [88.16777800565748, 21.59166599989771]]], [[[88.4817060066639, 21.554726001658068], [88.5338890071017, 21.578060001294837], [88.53083000719873, 21.54220900058977], [88.4817060066639, 21.554726001658068]]], [[[88.94811321797374, 21.59848955244911], [88.94467561628717, 21.599267708848465], [88.94675747531788, 21.600711875588193], [88.94811321797374, 21.59848955244911]]], [[[88.83117917916486, 21.551169195582286], [88.89417059826971, 21.57909987142937], [88.90598794560871, 21.547560220235276], [88.83117917916486, 21.551169195582286]]], [[[89.137010739466, 21.60141458441685], [89.14452791666402, 21.592653477797047], [89.13518997972263, 21.596415798332885], [89.137010739466, 21.60141458441685]]], [[[88.51000100690383, 21.602221001845894], [88.58750100725214, 21.601943001514126], [88.55000200676454, 21.56361000084335], [88.51000100690383, 21.602221001845894]]], [[[88.64237737691587, 21.67919338744745], [88.6315832542856, 21.649413079466555], [88.63087873089474, 21.673287560570508], [88.64237737691587, 21.67919338744745]]], [[[88.30083685449775, 21.70288293951404], [88.35045893780479, 21.646803725762943], [88.3178477137499, 21.605219244138336], [88.31609584524594, 21.67237158426742], [88.30083685449775, 21.70288293951404]]], [[[88.18222000583971, 21.682221001399384], [88.1955560061305, 21.681943001970343], [88.23166600572546, 21.643609999855187], [88.21194500624178, 21.60166699920218], [88.18222000583971, 21.682221001399384]]], [[[88.19618917271158, 21.724659832694975], [88.18944024640253, 21.725671479066776], [88.19904594933816, 21.731755540422597], [88.19618917271158, 21.724659832694975]]], [[[88.69251088665543, 21.72015618284923], [88.80004792686901, 21.591239485211517], [88.74202634813031, 21.562188190712362], [88.70859160062582, 21.584719383855795], [88.69251088665543, 21.72015618284923]]], [[[88.20432635211776, 21.747791377369683], [88.18470398239363, 21.739625568165113], [88.19966792926375, 21.765238685882622], [88.20432635211776, 21.747791377369683]]], [[[88.4151562556875, 21.725193492660782], [88.41105122645867, 21.655829092890418], [88.42787118637385, 21.63043524601193], [88.40021976955718, 21.600719563344498], [88.4151562556875, 21.725193492660782]]], [[[88.3899080358122, 21.76078395481248], [88.33657293448474, 21.708330894313534], [88.3476298523669, 21.76018136465811], [88.3899080358122, 21.76078395481248]]], [[[88.28911279550196, 21.77875162704881], [88.30495946786748, 21.73245718315454], [88.29724383482272, 21.705940430235596], [88.28911279550196, 21.77875162704881]]], [[[88.59397301380628, 21.720653745970402], [88.56883120432094, 21.769636056080397], [88.58222693834028, 21.776408929354634], [88.58726119661894, 21.753303746852808], [88.61969648777719, 21.73696281581545], [88.59397301380628, 21.720653745970402]]], [[[88.18569014794369, 21.790214015882434], [88.17634007326883, 21.792601345892123], [88.17905015408536, 21.799333317851655], [88.18569014794369, 21.790214015882434]]], [[[88.58738584277775, 21.757209835449476], [88.62974506973273, 21.75147049110932], [88.62756492052479, 21.729308984141127], [88.61091806867762, 21.70477465959714], [88.62172636010862, 21.740047133112903], [88.58738584277775, 21.757209835449476]]], [[[88.07389835358339, 21.80942774309532], [88.06403085300175, 21.808607871829313], [88.06724417469135, 21.82097380406088], [88.07389835358339, 21.80942774309532]]], [[[88.44743737419225, 21.625536183194455], [88.42999138441236, 21.799271578640113], [88.45557424601962, 21.789128350871447], [88.47143996739996, 21.792466108240998], [88.44743737419225, 21.625536183194455]]], [[[88.54226792969041, 21.811443007434377], [88.60861977119181, 21.68148272391134], [88.60267086195188, 21.612540089905135], [88.52621925186251, 21.662866205808857], [88.54226792969041, 21.811443007434377]]], [[[88.08206427169661, 21.838919570304817], [88.07464484337693, 21.835677078593218], [88.08272750254177, 21.842658938286714], [88.08206427169661, 21.838919570304817]]], [[[88.18519539677101, 21.82884927854038], [88.17141748815699, 21.831367895486217], [88.16848772275895, 21.844094548723998], [88.18519539677101, 21.82884927854038]]], [[[88.45188826274588, 21.81363624680786], [88.49989801913271, 21.811330713448534], [88.46392607178144, 21.800214488017147], [88.45188826274588, 21.81363624680786]]], [[[88.09613112586644, 21.865668083747874], [88.08960008479315, 21.86750167093964], [88.09398695781361, 21.873063561852696], [88.09613112586644, 21.865668083747874]]], [[[88.01836313145725, 21.845691684760972], [88.02528877254493, 21.87633109333634], [88.03872742489168, 21.881142839436006], [88.01836313145725, 21.845691684760972]]], [[[88.1740730162346, 21.867737008583426], [88.16924540078533, 21.868785962001844], [88.16523827290303, 21.87912794845805], [88.1740730162346, 21.867737008583426]]], [[[88.13434894673267, 21.877773777460163], [88.17125190339064, 21.740096351313042], [88.10917000580604, 21.625833000963457], [88.03666600597599, 21.675000998903993], [88.13434894673267, 21.877773777460163]]], [[[88.55343699081901, 21.872106864225213], [88.57395492930911, 21.85605727356283], [88.55668542468676, 21.827692987048334], [88.55997268705129, 21.851509574539946], [88.55343699081901, 21.872106864225213]]], [[[88.5414311408952, 21.902188323385957], [88.57615122033975, 21.883061152157875], [88.55297502635759, 21.87667641266857], [88.5519951802614, 21.816623136884576], [88.53089486730761, 21.84765246782033], [88.54325888347753, 21.854595079816868], [88.5504676012284, 21.879380098408426], [88.5414311408952, 21.902188323385957]]], [[[88.11534526250904, 21.92044003184493], [88.14501500646917, 21.91688567295387], [88.13001287861333, 21.89913149021399], [88.11534526250904, 21.92044003184493]]], [[[88.64858805708269, 21.91785974952679], [88.64456489323065, 21.787937833477184], [88.59197312831476, 21.797643768214822], [88.58481288646144, 21.84498369529346], [88.64858805708269, 21.91785974952679]]], [[[88.81900516255598, 21.929260402526708], [89.03134321502351, 21.86396235170058], [89.06813135942612, 21.617379824229243], [88.95415318691315, 21.627224341521558], [88.95130953450811, 21.693853911140458], [88.92084010223107, 21.762386558832453], [88.88413263342234, 21.661173726197188], [88.81900516255598, 21.929260402526708]]], [[[88.54987337214072, 21.92299559025764], [88.60997929690761, 21.92471048220029], [88.58362352842254, 21.891642832500832], [88.54987337214072, 21.92299559025764]]], [[[88.57648690642499, 21.960642838801796], [88.59860774099975, 21.967579468252843], [88.61503075839227, 21.937508018827568], [88.61002232205959, 21.929266644212827], [88.57648690642499, 21.960642838801796]]], [[[88.1426385062486, 22.025279001614585], [88.08750200557984, 21.93278000154511], [88.04666900599116, 21.912220000405227], [88.073326005476, 21.995280999878315], [88.1426385062486, 22.025279001614585]]], [[[88.92882269571, 21.945107785772063], [89.00976757351287, 21.980333250531825], [89.01229356608404, 21.90301155468602], [88.92882269571, 21.945107785772063]]]]}}, {"type": "Feature", "properties": {"id": 710, "objectid": 710, "state": "WB", "stcode": "19", "district": "Bankura", "dtcode": "305", "shape_length": 499880.7099801528, "shape_area": 6625315227.39529, "ds_name": " Administrative Boundary", "src_agency": "Survey of India (SOI)", "state_name": "West Bengal", "id_final": "d39"}, "geometry": {"type": "Polygon", "coordinates": [[[86.92022722154033, 23.629914671129242], [87.20871305060798, 23.557481575899853], [87.65322336131554, 23.240314404525986], [87.76452468781171, 23.075502860146987], [87.63115945469379, 22.898650073419653], [87.35744779602621, 22.954353041756423], [87.06361277712297, 22.850455702864707], [87.08857594015326, 22.738783209646186], [86.91638040493407, 22.62689042331668], [86.61080304288221, 22.798187798792227], [86.70614710319451, 22.88014864380063], [86.71705609221262, 23.122462814213122], [86.92022722154033, 23.629914671129242]]]}}, {"type": "Feature", "properties": {"id": 711, "objectid": 711, "state": "WB", "stcode": "19", "district": "Purba Bardhaman", "dtcode": "306", "shape_length": 571178.1223199782, "shape_area": 5198326138.21749, "ds_name": " Administrative Boundary", "src_agency": "Survey of India (SOI)", "state_name": "West Bengal", "id_final": "d40"}, "geometry": {"type": "Polygon", "coordinates": [[[88.01384254272493, 23.83939346676724], [88.05778908574351, 23.723223421362597], [88.18778282464909, 23.770320795541146], [88.23232907689439, 23.718949513979478], [88.14625850694341, 23.691407192144606], [88.15933950747569, 23.613059151532696], [88.38506593248364, 23.508419409512566], [88.32558498774443, 23.315561771922265], [88.4151164372864, 23.21173688195483], [88.3613371576316, 23.11794614185066], [88.16933040969823, 23.155470912649466], [88.00903812012577, 22.962028803075007], [87.83792350164344, 22.93580115860152], [87.74227418007283, 22.965214675968653], [87.74580954016454, 23.112417852077154], [87.43415092529358, 23.421218651482313], [87.53436678740304, 23.609809398820612], [87.9089513571447, 23.548624535953426], [87.91040997829741, 23.718175105132357], [88.01384254272493, 23.83939346676724]]]}}, {"type": "Feature", "properties": {"id": 712, "objectid": 712, "state": "WB", "stcode": "19", "district": "Birbhum", "dtcode": "307", "shape_length": 660128.0144433932, "shape_area": 4370755823.435136, "ds_name": " Administrative Boundary", "src_agency": "Survey of India (SOI)", "state_name": "West Bengal", "id_final": "d41"}, "geometry": {"type": "Polygon", "coordinates": [[[87.79338571089927, 24.583435043099126], [87.94889946621524, 24.518570470394028], [88.02504754294671, 24.26234056130467], [87.89916959659921, 24.162136174705488], [87.84878798968745, 23.974043160458514], [87.8559133962615, 23.86812685215124], [87.96681262437257, 23.809426311998358], [87.92925909873102, 23.570061102595936], [87.48848635310166, 23.602589735317295], [87.35276850844787, 23.722571866392382], [87.11158012164641, 23.77483428126419], [87.12947014988063, 23.868857482878], [87.2407213721744, 23.825752559360634], [87.29518071643867, 23.90118063343317], [87.24543778221584, 24.0449894712631], [87.46006242110806, 23.984117236377543], [87.4975979625455, 24.117794060170574], [87.69372173832038, 24.150013178062768], [87.63882655091103, 24.25470080891508], [87.80115586857778, 24.38251823199575], [87.79338571089927, 24.583435043099126]]]}}, {"type": "Feature", "properties": {"id": 713, "objectid": 713, "state": "WB", "stcode": "19", "district": "Coochbehar", "dtcode": "308", "shape_length": 804489.4902738179, "shape_area": 3249365346.6669855, "ds_name": " Administrative Boundary", "src_agency": "Survey of India (SOI)", "state_name": "West Bengal", "id_final": "d42"}, "geometry": {"type": "MultiPolygon", "coordinates": [[[[88.96213889778514, 26.538670956605866], [89.52394313653328, 26.473653453223083], [89.61677434173367, 26.398980930854453], [89.8457127457945, 26.469990090558174], [89.85632258124923, 26.384106755563092], [89.71989877427325, 26.306941378994715], [89.73674796435758, 26.17195836709956], [89.63444835846857, 26.229306802471726], [89.59377475850926, 26.102145159577336], [89.64990095489892, 26.06248414269897], [89.55048516628239, 25.965980738410497], [89.15538056044167, 26.138610819638956], [89.09625062016566, 26.3911548973235], [88.96571882719854, 26.457573614720026], [88.91013069329622, 26.369793797749512], [89.0506856550397, 26.24165338346331], [88.89826902688085, 26.28864387702808], [88.84230548609901, 26.23057897864643], [88.75979589687309, 26.30024445385978], [88.76959209706676, 26.395397648542087], [88.86041646937929, 26.391425017190944], [88.96213889778514, 26.538670956605866]]], [[[89.80010612956457, 26.35050926441027], [89.81751190849512, 26.32083885046729], [89.78981941831206, 26.341736782032896], [89.80010612956457, 26.35050926441027]]], [[[88.90001000155061, 26.46175999790724], [88.89827000177442, 26.459324999627825], [88.89800000190385, 26.462249999265925], [88.90001000155061, 26.46175999790724]]]]}}, {"type": "Feature", "properties": {"id": 714, "objectid": 714, "state": "WB", "stcode": "19", "district": "Darjeeling", "dtcode": "309", "shape_length": 332463.6373005962, "shape_area": 1960970159.6467605, "ds_name": " Administrative Boundary", "src_agency": "Survey of India (SOI)", "state_name": "West Bengal", "id_final": "d43"}, "geometry": {"type": "Polygon", "coordinates": [[[88.05259781578289, 27.215160407056363], [88.15365140109584, 27.1096896319211], [88.43200983379842, 27.080054576122542], [88.39046661814447, 26.988104882041178], [88.5130205481242, 26.837307248716193], [88.4308174837426, 26.819390124383876], [88.34947931775291, 26.509107566492084], [88.2402132986703, 26.457453443750843], [88.18227027365432, 26.505577674403117], [88.2354542768594, 26.544717782713096], [88.23098602654065, 26.572396233109075], [88.10532524901585, 26.55087637904603], [88.18785161522297, 26.771805898958746], [88.13440408972272, 26.98623990637414], [87.99088352549751, 27.105608558676735], [88.05259781578289, 27.215160407056363]]]}}, {"type": "Feature", "properties": {"id": 715, "objectid": 715, "state": "WB", "stcode": "19", "district": "Dinajpur Dakshin", "dtcode": "310", "shape_length": 401293.08849589305, "shape_area": 2139908460.503777, "ds_name": " Administrative Boundary", "src_agency": "Survey of India (SOI)", "state_name": "West Bengal", "id_final": "d44"}, "geometry": {"type": "Polygon", "coordinates": [[[88.40669299005775, 25.607301017995148], [88.66299823036785, 25.47364423128616], [88.81089290289934, 25.522936106061582], [88.84018487518483, 25.363760363334467], [89.0088768449492, 25.303045592003016], [88.94881933851023, 25.176579016494106], [88.4428905443876, 25.196084144835027], [88.44350537544985, 25.314381487144672], [88.17042942123284, 25.323408888691358], [88.16459589764253, 25.408012430997495], [88.40669299005775, 25.607301017995148]]]}}, {"type": "Feature", "properties": {"id": 1, "objectid": 1, "state": "AN", "stcode": "35", "district": "South Andamans", "dtcode": "602", "shape_length": 1145082.490883024, "shape_area": 2439209618.3741646, "ds_name": " Administrative Boundary", "src_agency": "Survey of India (SOI)", "state_name": "Andaman & Nicobar Island", "id_final": "d45"}, "geometry": {"type": "MultiPolygon", "coordinates": [[[[92.69727539569855, 12.240104007884314], [92.73515989302456, 12.074122319222719], [92.78346262844379, 12.046494447477876], [92.73837389715507, 12.041605946235968], [92.68058946889066, 11.799352124832732], [92.78820820695265, 11.919145368006786], [92.75542191121001, 11.702170166028571], [92.70176641609967, 11.707820047063375], [92.66529644606912, 11.65347836190151], [92.75685402761341, 11.664906500406813], [92.71172233566519, 11.477636376850237], [92.51360063676503, 11.84869516255506], [92.56250603235014, 11.946867069100295], [92.60212965565293, 11.896825019929427], [92.60039634987412, 11.866311992507796], [92.60254016373715, 11.86105311098822], [92.60425032121472, 11.858894202518128], [92.60629590971347, 11.858034439571599], [92.69727539569855, 12.240104007884314]]], [[[92.52947921207966, 10.887408605508583], [92.5682463037128, 10.576215297431776], [92.3862371425588, 10.531685013259708], [92.37701969668176, 10.78297207542364], [92.52947921207966, 10.887408605508583]]], [[[92.61873176188772, 10.933387112167164], [92.60974701317951, 10.93099245951996], [92.60638773084442, 10.937596783356527], [92.61873176188772, 10.933387112167164]]], [[[92.21561348432594, 10.979544403982885], [92.22722959484378, 10.976267052950588], [92.21792403385741, 10.973499290498053], [92.21561348432594, 10.979544403982885]]], [[[92.66916483118972, 10.989717172110677], [92.65937447172702, 10.985302852924313], [92.66204500394974, 10.992713000132891], [92.66916483118972, 10.989717172110677]]], [[[92.725818828545, 11.143719938077346], [92.7230464741468, 11.142928813767343], [92.7240133095785, 11.144216519069793], [92.725818828545, 11.143719938077346]]], [[[92.73463805385964, 11.145654020360956], [92.7277531143357, 11.145972136462365], [92.73192461434364, 11.149312536512104], [92.73463805385964, 11.145654020360956]]], [[[92.67519061179762, 11.189805165776482], [92.68103722439469, 11.181376437903603], [92.67773339707233, 11.177940586325686], [92.67363925277834, 11.186233696594304], [92.67519061179762, 11.189805165776482]]], [[[92.70585743281758, 11.263811365698857], [92.69324807320636, 11.280925562118213], [92.7061048205861, 11.289601622073011], [92.70585743281758, 11.263811365698857]]], [[[92.7114283710733, 11.30926869413953], [92.71029923711723, 11.301893713663857], [92.69845016498792, 11.309087480716087], [92.7114283710733, 11.30926869413953]]], [[[92.55130360037722, 11.395922074828292], [92.54616417072853, 11.395943520225616], [92.55079347134684, 11.397473510666389], [92.55130360037722, 11.395922074828292]]], [[[92.5624114083013, 11.394174572977056], [92.55758417201116, 11.396291678747103], [92.56291162895387, 11.397243201434371], [92.5624114083013, 11.394174572977056]]], [[[92.61556741004762, 11.510266583301021], [92.60932400627782, 11.506586243098187], [92.61574011207748, 11.511536575806494], [92.61556741004762, 11.510266583301021]]], [[[92.6403379631297, 11.510619082474369], [92.69202763910509, 11.375339508458046], [92.59822921056673, 11.347769342141955], [92.58723983620047, 11.400933576566487], [92.6403379631297, 11.510619082474369]]], [[[92.55271315002324, 11.53120760224216], [92.56892494697792, 11.527706543245767], [92.56640025976955, 11.517723322113449], [92.55271315002324, 11.53120760224216]]], [[[92.60640522382656, 11.533676620971786], [92.60192377099057, 11.524168064710505], [92.60270832368427, 11.538092815118555], [92.60640522382656, 11.533676620971786]]], [[[92.62943263100706, 11.544303029957021], [92.62683552224752, 11.5447327237819], [92.6286928722577, 11.549424747262917], [92.62943263100706, 11.544303029957021]]], [[[92.21459656082554, 11.529747733666817], [92.27063079294395, 11.584166058364307], [92.2615708262191, 11.518211570195644], [92.21459656082554, 11.529747733666817]]], [[[92.60175910988761, 11.55432474241531], [92.62040336691615, 11.55523693575696], [92.61047269872525, 11.531394865785712], [92.60175910988761, 11.55432474241531]]], [[[92.56545325803035, 11.570196600627982], [92.56624733067966, 11.567707470244217], [92.56512051599182, 11.567922472716802], [92.56545325803035, 11.570196600627982]]], [[[92.57673360875457, 11.568291931295837], [92.57275439611179, 11.565266022024398], [92.57669261552185, 11.570897113425222], [92.57673360875457, 11.568291931295837]]], [[[92.59740987285169, 11.56186674272773], [92.58364694918659, 11.535177072481138], [92.59258640962737, 11.577860581421552], [92.59740987285169, 11.56186674272773]]], [[[92.57714029495207, 11.584847320574813], [92.57961953789945, 11.583281086543659], [92.57830096221207, 11.582192496705439], [92.57714029495207, 11.584847320574813]]], [[[92.59426691747676, 11.590110280098997], [92.59325423747691, 11.589339954296678], [92.59309726848048, 11.590146752407154], [92.59426691747676, 11.590110280098997]]], [[[92.60034104186663, 11.570553971800807], [92.61921903075178, 11.577143915206108], [92.61493005080528, 11.562259916040603], [92.60034104186663, 11.570553971800807]]], [[[92.53392174934102, 11.601672149852645], [92.56563940145766, 11.573587239865194], [92.53034679404138, 11.554676450585712], [92.53392174934102, 11.601672149852645]]], [[[92.69290635180137, 11.661775463212138], [92.70123242135989, 11.660326934428767], [92.69324832461933, 11.660646448793123], [92.69290635180137, 11.661775463212138]]], [[[92.76022877447053, 11.67776268891638], [92.76397340715641, 11.673499528579624], [92.7614310721348, 11.670230288751547], [92.76022877447053, 11.67776268891638]]], [[[93.08609995249653, 11.786274156112029], [93.07775787447316, 11.781653499057748], [93.08466621512743, 11.79002361026643], [93.08609995249653, 11.786274156112029]]], [[[93.05021044018423, 11.813213986057667], [93.0602533647914, 11.844961026765414], [93.07156956543999, 11.83502465045722], [93.05021044018423, 11.813213986057667]]], [[[92.59525123915812, 11.915591613660537], [92.59868650230906, 11.90627187569606], [92.59562795598464, 11.905595096199331], [92.59525123915812, 11.915591613660537]]], [[[92.5635381885078, 11.94974415521388], [92.56969294389692, 11.945532498459263], [92.56730880073745, 11.944705160002941], [92.5635381885078, 11.94974415521388]]], [[[92.72300956760986, 11.952797390392288], [92.73195176970947, 11.94463782814399], [92.72599454306541, 11.941708468535667], [92.72300956760986, 11.952797390392288]]], [[[92.60912686058037, 11.942776229393383], [92.58883481855052, 11.97268210979549], [92.59307542296406, 11.977163153125916], [92.60912686058037, 11.942776229393383]]], [[[92.74464777107357, 11.966983105143271], [92.74175816335257, 11.966308174116383], [92.74396647920481, 11.967567876788028], [92.74464777107357, 11.966983105143271]]], [[[92.58437469843302, 11.98211556548745], [92.58163180769427, 11.977241045415925], [92.58378484630029, 11.982362790336376], [92.58437469843302, 11.98211556548745]]], [[[92.73929256762827, 11.961751367912889], [92.76618360214121, 11.953291881285713], [92.73710970432039, 11.951482313218262], [92.73929256762827, 11.961751367912889]]], [[[92.77139305715127, 12.017372210635473], [92.77522593541266, 12.013946462233067], [92.77241989836253, 12.013774255591905], [92.77139305715127, 12.017372210635473]]], [[[92.98365172653806, 12.041813390214811], [93.0464365312714, 11.92425029567025], [93.04502108167326, 11.884483663210563], [92.92537314990837, 11.997932397138582], [92.98365172653806, 12.041813390214811]]], [[[92.97144121112868, 12.064112101528073], [92.96975163813781, 12.065036746189294], [92.97135718010561, 12.065065602044381], [92.97144121112868, 12.064112101528073]]], [[[92.74243858232859, 12.111824453859988], [92.73835126630104, 12.107090697839986], [92.74315149540784, 12.115151813190668], [92.74243858232859, 12.111824453859988]]], [[[92.96054631048166, 12.078840662495116], [93.00576195542908, 12.100380564636955], [92.99448857415713, 12.044346902611549], [92.96054631048166, 12.078840662495116]]], [[[92.95762317029687, 12.102187070654983], [92.94965530222824, 12.092926307543374], [92.94797260881246, 12.11626247445979], [92.95762317029687, 12.102187070654983]]], [[[93.00203244926529, 12.117896424015354], [93.00217885240414, 12.111138033796935], [92.99806504198587, 12.11357107545336], [93.00203244926529, 12.117896424015354]]], [[[93.09622382592252, 12.13662110708816], [93.09939267002306, 12.136371835184319], [93.09703124388489, 12.133437660109308], [93.09622382592252, 12.13662110708816]]], [[[92.96308189254273, 12.122877348728052], [92.99215432206353, 12.144082852477448], [92.99783103226774, 12.114445308787834], [92.96308189254273, 12.122877348728052]]], [[[93.11005122936211, 12.14289338915205], [93.12367442514082, 12.14031120244515], [93.11525855674948, 12.130173314433707], [93.11005122936211, 12.14289338915205]]], [[[92.72981547226584, 12.185398654380073], [92.72513645659771, 12.186071548530974], [92.72913956925956, 12.189372673541794], [92.72981547226584, 12.185398654380073]]], [[[93.02803014095268, 12.142524029354668], [93.05402427423675, 12.076364741428804], [93.04529949753531, 12.045734615169389], [93.00777809010377, 12.075626788753256], [93.00863843429386, 12.104098867501913], [93.00023352654432, 12.107953420681216], [93.02803014095268, 12.142524029354668]]], [[[92.68323505331601, 12.223573493567656], [92.6796964185597, 12.219451864487294], [92.6822537562589, 12.224404749654601], [92.68323505331601, 12.223573493567656]]], [[[93.07240279466549, 12.210843961907106], [93.09504538975618, 12.142433763558916], [93.07407799501146, 12.083798832208897], [93.03677754291452, 12.133313590549687], [93.07240279466549, 12.210843961907106]]], [[[93.06288654840566, 12.231039396389233], [93.10624801119747, 12.245017836820839], [93.10064926975215, 12.204399842204849], [93.06288654840566, 12.231039396389233]]]]}}, {"type": "Feature", "properties": {"id": 2, "objectid": 2, "state": "AN", "stcode": "35", "district": "Nicobars", "dtcode": "603", "shape_length": 762537.4205508644, "shape_area": 1771159773.856906, "ds_name": " Administrative Boundary", "src_agency": "Survey of India (SOI)", "state_name": "Andaman & Nicobar Island", "id_final": "d46"}, "geometry": {"type": "MultiPolygon", "coordinates": [[[[93.8486138837762, 7.240511941555662], [93.94795329496466, 7.0023137101847], [93.82839554482776, 6.755953895508745], [93.65613061799093, 7.1259862584402835], [93.8486138837762, 7.240511941555662]]], [[[93.72119138634527, 7.213346462497473], [93.71280137323824, 7.208330793304206], [93.70921810997547, 7.230357352630225], [93.72119138634527, 7.213346462497473]]], [[[93.8430771289262, 7.288963779240173], [93.83955319760292, 7.287628618226617], [93.84307834001503, 7.289884865376108], [93.8430771289262, 7.288963779240173]]], [[[93.69626356913028, 7.39980428355373], [93.68387062629132, 7.405742789593787], [93.68865513942627, 7.409356792424733], [93.69626356913028, 7.39980428355373]]], [[[93.76765147461461, 7.403329314916887], [93.76638338123107, 7.394873442171204], [93.76286447999966, 7.398478157178598], [93.76765147461461, 7.403329314916887]]], [[[93.70875766803523, 7.394408833330606], [93.75704908799628, 7.357915197750814], [93.64717290491028, 7.243869731825828], [93.6328773045639, 7.371026647040749], [93.70875766803523, 7.394408833330606]]], [[[93.6463981746452, 7.476667886146251], [93.65212800185738, 7.470079221504437], [93.64445699587108, 7.470730177860143], [93.6463981746452, 7.476667886146251]]], [[[93.63578910738684, 7.4792534386874125], [93.63213004844121, 7.47646579613476], [93.63062692756962, 7.47940104439021], [93.63578910738684, 7.4792534386874125]]], [[[93.5497885525066, 7.517924933028388], [93.54139080789376, 7.514075853844436], [93.54285612440715, 7.524537730001757], [93.5497885525066, 7.517924933028388]]], [[[93.3899801129642, 8.019914813244691], [93.46286858039792, 7.93443938183836], [93.46157481679793, 7.873040350631174], [93.31954276314637, 7.932334835682586], [93.3899801129642, 8.019914813244691]]], [[[93.50812422893276, 7.984910161169351], [93.58242085615564, 7.9921666783613645], [93.57745484014315, 7.929457713328635], [93.50812422893276, 7.984910161169351]]], [[[93.56223126628348, 8.117862016701656], [93.60069552827783, 8.04996856811976], [93.59390688640225, 8.03861149473741], [93.56223126628348, 8.117862016701656]]], [[[93.52498121833993, 8.232050671990587], [93.5497990638953, 8.036133956509873], [93.50146912808015, 7.997940777305124], [93.53084974889201, 8.079161780468816], [93.48553958557648, 8.052043795148645], [93.45375029372045, 8.168047953585628], [93.52498121833993, 8.232050671990587]]], [[[93.22023275997344, 8.245668474074686], [93.25121495971875, 8.230582749688105], [93.23960389685134, 8.221924251802548], [93.22023275997344, 8.245668474074686]]], [[[93.13177653885559, 8.348520430000379], [93.12619401942749, 8.275984857778857], [93.19968471836867, 8.195694674346813], [93.08718569359759, 8.271026445629989], [93.13177653885559, 8.348520430000379]]], [[[93.64283662139289, 8.393535010210288], [93.64115915437084, 8.39404061698016], [93.64310320716925, 8.393773453281872], [93.64283662139289, 8.393535010210288]]], [[[93.65061423520491, 8.393871981174344], [93.6534591400657, 8.389041900680606], [93.6445557894385, 8.394766613904777], [93.65061423520491, 8.393871981174344]]], [[[93.63362491963831, 8.397442969037998], [93.63548869826344, 8.396778074312328], [93.63542093434728, 8.3955846054842], [93.63362491963831, 8.397442969037998]]], [[[93.05626143718057, 8.460862848905538], [93.03804278771636, 8.446876007428845], [93.04264714810631, 8.47117385579889], [93.05626143718057, 8.460862848905538]]], [[[93.61613767771858, 8.572823292254165], [93.64239061300502, 8.468268479840923], [93.62253890962056, 8.423209628961965], [93.62907975449484, 8.48875168736479], [93.61613767771858, 8.572823292254165]]], [[[93.606946466056, 8.581504140410548], [93.60895760057544, 8.580159617733441], [93.60835971380317, 8.579301754046908], [93.606946466056, 8.581504140410548]]], [[[92.78947261964919, 9.242759356111007], [92.82968724901572, 9.137950691180087], [92.73014283650036, 9.124545082703078], [92.72335205467463, 9.217347853865986], [92.78947261964919, 9.242759356111007]]]]}}, {"type": "Feature", "properties": {"id": 3, "objectid": 3, "state": "AN", "stcode": "35", "district": "North And Middle Andaman", "dtcode": "632", "shape_length": 1572232.1216115355, "shape_area": 3366991489.3871994, "ds_name": " Administrative Boundary", "src_agency": "Survey of India (SOI)", "state_name": "Andaman & Nicobar Island", "id_final": "d47"}, "geometry": {"type": "MultiPolygon", "coordinates": [[[[92.89789272124254, 12.927446314632906], [92.96821800330144, 12.497003475745093], [92.91479295491331, 12.406309312879104], [92.9068874121975, 12.406785602648128], [92.90992555192844, 12.420498043500688], [92.89230518414583, 12.43644477612783], [92.85618841734332, 12.456778400455462], [92.89930134260926, 12.416399355814056], [92.80756699710555, 12.437258049282061], [92.89517620107932, 12.320204106297663], [92.77141343382549, 12.319552294044888], [92.71955812285408, 12.300385333530011], [92.68455465419655, 12.608880210403644], [92.78908104745969, 12.675052717584324], [92.73277014732578, 12.674478027145812], [92.74598892872912, 12.72264962688836], [92.72350446939559, 12.82685520368501], [92.7383544985744, 12.810607816698175], [92.80295446566538, 12.897238015402074], [92.84180607810976, 12.875561266542329], [92.85875530150959, 12.877820124060836], [92.87479247706622, 12.882058507903643], [92.87259462485851, 12.892856100847833], [92.88622127206709, 12.893599836886489], [92.89604904298078, 12.898618545320227], [92.89789272124254, 12.927446314632906]]], [[[92.84666427599093, 12.150937966186333], [92.84385839380984, 12.14967814738145], [92.84623822234015, 12.151355915298332], [92.84666427599093, 12.150937966186333]]], [[[92.75648014276413, 12.181040943983277], [92.76336778762317, 12.176254503249288], [92.75875793496057, 12.166618239282757], [92.75648014276413, 12.181040943983277]]], [[[92.72080995222545, 12.190580152581228], [92.7328633245852, 12.210550911418427], [92.76259572880652, 12.229711250802396], [92.76353924448927, 12.18169137707843], [92.72080995222545, 12.190580152581228]]], [[[92.92528848056268, 12.21625513316038], [92.94109910006263, 12.217292876444846], [92.93280181966306, 12.196088683260173], [92.92528848056268, 12.21625513316038]]], [[[92.69964900689786, 12.249016106501214], [92.69554923260398, 12.247080897544581], [92.69686570723907, 12.250598953925072], [92.69964900689786, 12.249016106501214]]], [[[92.86992285860043, 12.24900010415326], [92.86152732098594, 12.243241398668037], [92.86505273401454, 12.250990838708816], [92.86992285860043, 12.24900010415326]]], [[[92.88183921897867, 12.248932626913914], [92.87945561855896, 12.249180560415542], [92.88021979877338, 12.250521014899368], [92.88183921897867, 12.248932626913914]]], [[[92.87831884923366, 12.209917164123373], [92.91420453531738, 12.232231271087379], [92.91234484138793, 12.222183279180344], [92.87831884923366, 12.209917164123373]]], [[[92.73897023773296, 12.273637073606688], [92.73470861634603, 12.270070778958523], [92.73841855340811, 12.276093855373324], [92.73897023773296, 12.273637073606688]]], [[[92.90206851027469, 12.260077554833329], [92.89949106774422, 12.260932482332834], [92.90085975236241, 12.262895846904328], [92.90206851027469, 12.260077554833329]]], [[[92.73961406658331, 12.282539833803702], [92.74293030674819, 12.255485969373137], [92.73448929189585, 12.247900658702774], [92.73954847498725, 12.271079724458877], [92.73961406658331, 12.282539833803702]]], [[[92.73708959426354, 12.282765321982458], [92.7352496905478, 12.288135751272824], [92.73790864905807, 12.292804988910309], [92.73708959426354, 12.282765321982458]]], [[[92.75484952216154, 12.293340084107825], [92.7529188713698, 12.294667806525146], [92.75500971308416, 12.294532514051], [92.75484952216154, 12.293340084107825]]], [[[92.76802562965011, 12.285560993198512], [92.75301699046895, 12.278023080667458], [92.76269951839384, 12.294287138826745], [92.76802562965011, 12.285560993198512]]], [[[92.69992760921858, 12.27568956690953], [92.72385391132272, 12.291130696556026], [92.71075636065399, 12.230149394825013], [92.69992760921858, 12.27568956690953]]], [[[92.77190942846133, 12.293447512117082], [92.76640209224527, 12.289808450045374], [92.77092773838474, 12.295326078945077], [92.77190942846133, 12.293447512117082]]], [[[92.76608982757278, 12.297886350641988], [92.7636514666059, 12.298461618379495], [92.7656282242529, 12.299602042786173], [92.76608982757278, 12.297886350641988]]], [[[93.02984672165375, 12.27809248974493], [93.02220233759013, 12.275715929082118], [93.02962359093425, 12.279890475891117], [93.02984672165375, 12.27809248974493]]], [[[92.87772390133844, 12.297053182552212], [92.88016417113222, 12.295222092897738], [92.87679147701247, 12.29408544749033], [92.87772390133844, 12.297053182552212]]], [[[92.82876631505769, 12.301783999492152], [92.88209040126983, 12.198083941663263], [92.76488387904945, 12.06371893150823], [92.77075989849055, 12.231218464779081], [92.74336017411899, 12.250898883899614], [92.82876631505769, 12.301783999492152]]], [[[92.90186627278959, 12.288740775007257], [92.94230353017112, 12.275684475763132], [92.92318776016944, 12.230681198775974], [92.90186627278959, 12.288740775007257]]], [[[93.06729539781252, 12.318713483201194], [93.07283720665401, 12.315947652202109], [93.06259203065397, 12.315899947852035], [93.06729539781252, 12.318713483201194]]], [[[92.91300606386707, 12.333530390274353], [92.91108174294422, 12.333279301545545], [92.91152982712825, 12.335485760272908], [92.91300606386707, 12.333530390274353]]], [[[92.90588215541983, 12.341021548467706], [92.90489853732882, 12.33832891871364], [92.90446912412989, 12.341012118286793], [92.90588215541983, 12.341021548467706]]], [[[92.91814305328022, 12.34935186494073], [92.90991288241659, 12.350513311267157], [92.91623442840587, 12.355382694390505], [92.91814305328022, 12.34935186494073]]], [[[93.8490877864713, 12.288709621794933], [93.87626466938603, 12.273155491509677], [93.85484882175858, 12.265746887545022], [93.8490877864713, 12.288709621794933]]], [[[92.89738232217853, 12.394557820418258], [92.89594955748781, 12.392304934046349], [92.89565473588375, 12.395288045848377], [92.89738232217853, 12.394557820418258]]], [[[92.85353853048788, 12.408786687191897], [92.88275432836836, 12.374081926580763], [92.84329604184416, 12.40153019008066], [92.85353853048788, 12.408786687191897]]], [[[92.89915198425602, 12.41135966757572], [92.89702100284958, 12.41012883251369], [92.89807409962042, 12.411951130215412], [92.89915198425602, 12.41135966757572]]], [[[92.88984242064221, 12.413909468138739], [92.8884430121954, 12.413314746514587], [92.88874308067119, 12.414416171488087], [92.88984242064221, 12.413909468138739]]], [[[92.86983986369849, 12.414842393332723], [92.85878743864005, 12.415758305650886], [92.86584540230679, 12.421104127303044], [92.86983986369849, 12.414842393332723]]], [[[92.83625094401246, 12.42576141157394], [92.83626645191505, 12.415948257909106], [92.82924891887419, 12.425487185985071], [92.83625094401246, 12.42576141157394]]], [[[92.90382612004495, 12.424658952501005], [92.89917413615576, 12.421272147261394], [92.89976550527675, 12.426084610185963], [92.90382612004495, 12.424658952501005]]], [[[92.95539748734578, 12.435576661896611], [92.93253301040215, 12.359786620276989], [92.91901005470503, 12.365266275060492], [92.95539748734578, 12.435576661896611]]], [[[92.66868559898386, 12.532439522794826], [92.68459543385937, 12.539629691038048], [92.67868382535077, 12.522374471662562], [92.66868559898386, 12.532439522794826]]], [[[92.70339172922431, 12.640311803293065], [92.70094251988019, 12.639070465948878], [92.70217551522505, 12.641283998430639], [92.70339172922431, 12.640311803293065]]], [[[92.72292029710671, 12.735778209422547], [92.7294972925073, 12.73043382233695], [92.72796958881726, 12.726915021340194], [92.72292029710671, 12.735778209422547]]], [[[92.72676413059139, 12.753616543983819], [92.72562165443672, 12.752490572156887], [92.72596582631364, 12.753819272004872], [92.72676413059139, 12.753616543983819]]], [[[92.71786089621453, 12.773876392807624], [92.71667206689952, 12.774006557992346], [92.71737317138567, 12.774591257978564], [92.71786089621453, 12.773876392807624]]], [[[92.71742258776733, 12.776791930982563], [92.7158041574692, 12.775675117982955], [92.71588229954715, 12.777053949213224], [92.71742258776733, 12.776791930982563]]], [[[92.71676109927004, 12.783074162364313], [92.71578900350053, 12.782886606186704], [92.71642957612109, 12.783841520596537], [92.71676109927004, 12.783074162364313]]], [[[92.71682646220475, 12.787827228192455], [92.72460152861206, 12.766117386135], [92.72489791218896, 12.76179581620519], [92.71682646220475, 12.787827228192455]]], [[[92.71647396247582, 12.79593662367385], [92.71528267284262, 12.794594868215002], [92.71578791388798, 12.797693117645574], [92.71647396247582, 12.79593662367385]]], [[[92.71684670699825, 12.801211031607782], [92.71552727261331, 12.799952726417107], [92.71620663976645, 12.801377152460972], [92.71684670699825, 12.801211031607782]]], [[[92.71756504313302, 12.804393417777172], [92.71628929396304, 12.802632951510045], [92.71645566059215, 12.80464229728762], [92.71756504313302, 12.804393417777172]]], [[[92.69460140341903, 12.796047281366016], [92.71216287357342, 12.777253156986434], [92.72543538869864, 12.749009262997617], [92.71835533076074, 12.719241526386476], [92.69460140341903, 12.796047281366016]]], [[[92.7278132968187, 12.835504538601667], [92.72481207501413, 12.834200196839802], [92.72738980551566, 12.838544905409782], [92.7278132968187, 12.835504538601667]]], [[[92.73151920748742, 12.855462783899673], [92.72920236557594, 12.856010879381637], [92.73173592136763, 12.856603665508935], [92.73151920748742, 12.855462783899673]]], [[[92.76502961479808, 12.854113527516251], [92.76442836129581, 12.852677583373708], [92.76413904407671, 12.854345818894489], [92.76502961479808, 12.854113527516251]]], [[[92.71990087666964, 12.86487392368051], [92.71713941981126, 12.833405148009092], [92.7095874275478, 12.833714547981714], [92.71990087666964, 12.86487392368051]]], [[[92.77815486856234, 12.866694189915316], [92.77601110677234, 12.86553232194558], [92.77627119126369, 12.866702490649656], [92.77815486856234, 12.866694189915316]]], [[[92.76102920270456, 12.86787735279634], [92.76518899758996, 12.868959291920604], [92.76612493599069, 12.854864155241803], [92.76102920270456, 12.86787735279634]]], [[[92.7570574740219, 12.878729851156574], [92.76045123739799, 12.877446947982824], [92.75694581818934, 12.876213494844064], [92.7570574740219, 12.878729851156574]]], [[[92.79190985559758, 12.891440527845285], [92.78266905890595, 12.883356731273343], [92.78258227405613, 12.892720790695519], [92.79190985559758, 12.891440527845285]]], [[[92.89388566309094, 12.898383594897258], [92.89166961440561, 12.898843088656205], [92.89277577024832, 12.899931261267627], [92.89388566309094, 12.898383594897258]]], [[[92.75416824485673, 12.913818520134944], [92.75569931992725, 12.891526650727016], [92.75003824275257, 12.890794776485652], [92.75416824485673, 12.913818520134944]]], [[[92.75776647932706, 12.914034948094969], [92.7578027850082, 12.9121821069291], [92.75706386354807, 12.912366646352776], [92.75776647932706, 12.914034948094969]]], [[[92.76784985275935, 12.918051621539322], [92.76750444503053, 12.916392552880525], [92.76669769865595, 12.917836705890938], [92.76784985275935, 12.918051621539322]]], [[[92.77407745275067, 12.911536008050941], [92.80063343976906, 12.897662912681774], [92.79264148860432, 12.892046544374866], [92.77407745275067, 12.911536008050941]]], [[[92.86475023630314, 12.914576409765047], [92.86321535534465, 12.913820754901844], [92.86364010304528, 12.915077027048948], [92.86475023630314, 12.914576409765047]]], [[[92.76758227343409, 12.921248307658875], [92.7621435330316, 12.921580150011732], [92.76658072005195, 12.925435273414575], [92.76758227343409, 12.921248307658875]]], [[[92.76962691387537, 12.928915746868885], [92.77593142395985, 12.925553417627707], [92.7727159894643, 12.917682832897496], [92.76962691387537, 12.928915746868885]]], [[[92.93668531807467, 12.917100148219175], [92.93165054315108, 12.91701035196141], [92.93173333650226, 12.919019497188252], [92.93668531807467, 12.917100148219175]]], [[[92.76609623786396, 12.932635150948546], [92.76215724817104, 12.926515531734546], [92.76247860073639, 12.93524905413837], [92.76609623786396, 12.932635150948546]]], [[[92.88819643676355, 12.929259131948125], [92.88684970267373, 12.928110409848165], [92.88644561751885, 12.928966002395859], [92.88819643676355, 12.929259131948125]]], [[[92.8924495050197, 12.93266234971883], [92.89098345930317, 12.932096510138377], [92.89167694655042, 12.932957652088376], [92.8924495050197, 12.93266234971883]]], [[[92.85975109670245, 12.932752711792883], [92.88617310329057, 12.923965893456264], [92.86528134609182, 12.916691571481321], [92.85975109670245, 12.932752711792883]]], [[[92.89029330380758, 12.937999382751805], [92.89313737148261, 12.936839794833013], [92.88951415435743, 12.935078598891023], [92.89029330380758, 12.937999382751805]]], [[[92.90166285407317, 12.941833917753943], [92.89965539322684, 12.941200754895206], [92.89988934227495, 12.94195843664382], [92.90166285407317, 12.941833917753943]]], [[[92.6965802556002, 12.991128910600025], [92.71961608702986, 12.874334060333025], [92.66821654466222, 12.782699590377351], [92.64809641094985, 12.861755919713504], [92.6965802556002, 12.991128910600025]]], [[[92.9126689330349, 13.00361006382056], [92.91030169201069, 13.004209414056731], [92.91089217699343, 13.005035746818484], [92.9126689330349, 13.00361006382056]]], [[[92.95943588473308, 12.98890975562653], [92.98119005650535, 12.93292900148833], [92.95208372430356, 12.940932632143783], [92.95943588473308, 12.98890975562653]]], [[[92.91029124209722, 13.007708267754552], [92.9092935428699, 13.007230032453352], [92.90944614138405, 13.007958176137777], [92.91029124209722, 13.007708267754552]]], [[[92.98959908089485, 12.999610207862954], [92.98656594225358, 12.999799028027862], [92.98938983928598, 13.000893185896425], [92.98959908089485, 12.999610207862954]]], [[[92.94906133971377, 13.024820050272039], [92.9468518736369, 13.024334394823583], [92.94514145985295, 13.025290706452196], [92.94906133971377, 13.024820050272039]]], [[[92.9208622756833, 13.000524697583701], [92.93996423641867, 13.025108554560433], [92.94191420863274, 12.99551905348337], [92.9208622756833, 13.000524697583701]]], [[[92.91900381515377, 13.042733907251009], [92.91440282086559, 13.042471234074418], [92.91669194805134, 13.047669785568855], [92.91900381515377, 13.042733907251009]]], [[[92.93412489379338, 13.052497557127934], [92.93204092716344, 13.050659831983058], [92.93197047822578, 13.052987894620614], [92.93412489379338, 13.052497557127934]]], [[[92.91465085798133, 13.06635599365117], [92.91676708138888, 13.057928951002957], [92.91379910105616, 13.066969558315325], [92.91465085798133, 13.06635599365117]]], [[[92.731307060305, 13.094471842759818], [92.72851863152437, 13.093191498344956], [92.73072524881577, 13.095422336171758], [92.731307060305, 13.094471842759818]]], [[[92.6960950239954, 13.09535680680717], [92.72009675989266, 13.0955682953303], [92.70184277284272, 13.070959980315367], [92.6960950239954, 13.09535680680717]]], [[[92.79711312842292, 13.170130658821444], [92.7932479204816, 13.169634705439877], [92.79461973800464, 13.171188707985017], [92.79711312842292, 13.170130658821444]]], [[[93.05887083711237, 13.22675453677386], [93.05894457528595, 13.222467919225208], [93.0576465662276, 13.226449674353558], [93.05887083711237, 13.22675453677386]]], [[[93.01659420245687, 13.28464211245918], [93.0148057913259, 13.284820432973431], [93.01649411083409, 13.285081328806768], [93.01659420245687, 13.28464211245918]]], [[[93.07727289724839, 13.299373243616515], [93.0741078618386, 13.303054247402125], [93.07872441304353, 13.301466937279413], [93.07727289724839, 13.299373243616515]]], [[[93.01622386197205, 13.324102058169908], [93.02197623470659, 13.322327925893541], [93.021544929579, 13.301254577325798], [93.01622386197205, 13.324102058169908]]], [[[92.9680083283535, 13.335745725116595], [92.96542292693486, 13.335989874227323], [92.96995897701242, 13.338745641851323], [92.9680083283535, 13.335745725116595]]], [[[93.00953836988236, 13.336753602681814], [93.00715090980592, 13.336398612123594], [93.0093249777291, 13.337248547035669], [93.00953836988236, 13.336753602681814]]], [[[93.0157236926321, 13.339000582055185], [93.01365055654865, 13.337421186794321], [93.01408703897492, 13.338946943942544], [93.0157236926321, 13.339000582055185]]], [[[93.03685419684082, 13.343270470106063], [93.0372126320987, 13.340552542213915], [93.03668851544708, 13.3407426682427], [93.03685419684082, 13.343270470106063]]], [[[93.02064899345757, 13.345033096075934], [93.01629309934168, 13.34101113793494], [93.01885292319147, 13.34595225086612], [93.02064899345757, 13.345033096075934]]], [[[93.07576741654661, 13.366474531703389], [93.07389227028497, 13.364688096314064], [93.07375883078923, 13.365183150249694], [93.07576741654661, 13.366474531703389]]], [[[93.0832718129097, 13.368473206493197], [93.08054364801524, 13.368445331546695], [93.08184702096051, 13.369644980275089], [93.0832718129097, 13.368473206493197]]], [[[93.0606251397982, 13.385574581957368], [93.06225971865751, 13.383004514975907], [93.06130147161869, 13.383003800943364], [93.0606251397982, 13.385574581957368]]], [[[92.86611328775506, 13.413504879530333], [92.86496041696648, 13.412021271928458], [92.86464011930309, 13.413034681319399], [92.86611328775506, 13.413504879530333]]], [[[92.81223270252309, 13.419511459097237], [92.81868147704589, 13.416213481822265], [92.81449846579653, 13.403493096764006], [92.81223270252309, 13.419511459097237]]], [[[93.08727944519738, 13.41559390095364], [93.09545222842176, 13.415677222192537], [93.08920942896911, 13.410063161202444], [93.08727944519738, 13.41559390095364]]], [[[92.82173835900417, 13.435986954712972], [92.84230969809715, 13.426230474513304], [92.82212887444113, 13.421457196288152], [92.82173835900417, 13.435986954712972]]], [[[93.07054645120328, 13.42334417437916], [93.06718042865177, 13.42224960785609], [93.07249299171134, 13.431198379231294], [93.07054645120328, 13.42334417437916]]], [[[93.09622127644, 13.434297775056562], [93.1027054227576, 13.434625955816697], [93.10356007921496, 13.430178832807556], [93.09622127644, 13.434297775056562]]], [[[92.87423194193798, 13.506317250247987], [92.8668315381905, 13.507241744744027], [92.87018740558905, 13.513185749855916], [92.87423194193798, 13.506317250247987]]], [[[92.91650139341186, 13.515001454313959], [92.91642862835154, 13.507202146976583], [92.91394772069492, 13.507662423053716], [92.91650139341186, 13.515001454313959]]], [[[92.90552959637816, 13.535684848121203], [92.91191514211847, 13.533566505992638], [92.90567600822273, 13.530776469194942], [92.90552959637816, 13.535684848121203]]], [[[92.87776207226972, 13.538141431261577], [92.87434232437458, 13.536629615428515], [92.87519208325641, 13.540313941280088], [92.87776207226972, 13.538141431261577]]], [[[93.00679042204668, 13.559155000298432], [93.00491791118705, 13.558256260945951], [93.00563256234545, 13.56102568113497], [93.00679042204668, 13.559155000298432]]], [[[93.05640345454988, 13.562820076402707], [93.05195622139975, 13.564489432048102], [93.0567652293921, 13.566545221033797], [93.05640345454988, 13.562820076402707]]], [[[93.03027443624052, 13.57038151081943], [93.02549908477677, 13.372984146644946], [93.05551004294946, 13.382132722303544], [93.09004732649754, 13.336012141213956], [93.06522151447729, 13.304277754243522], [93.04170096105094, 13.367694445459799], [92.95012545169192, 13.343536453252351], [93.01181222141493, 13.276837314674426], [93.06565653166646, 13.272278001907253], [93.03181211530212, 13.17866485653539], [93.03462953673794, 13.082568838201913], [92.97160092403566, 13.013197038962343], [92.93616647776228, 13.087150128040413], [92.90424172658427, 13.079908924936332], [92.88772115128121, 13.04493792672159], [92.91614464456468, 13.05454745740448], [92.90154588384287, 13.02208233252079], [92.90833740997702, 13.000094850802704], [92.9385078366361, 12.971722120899635], [92.88125989156049, 12.982178207253787], [92.85450295595336, 12.939769649592318], [92.85836753977833, 12.903349836119618], [92.87576736221698, 12.908649026232611], [92.86956239047825, 12.89011859569443], [92.87346590963325, 12.88347255749263], [92.8420346394666, 12.876520082518503], [92.78785070280725, 13.0195701292022], [92.84217414694119, 13.399447699563567], [92.86808253115524, 13.402549968261797], [92.88389550697325, 13.429558706612925], [92.87205008967486, 13.472014327545295], [92.9297376433168, 13.501861057489824], [92.91494827916362, 13.533857387241202], [92.99001999268705, 13.527234026790156], [93.03027443624052, 13.57038151081943]]], [[[94.275653797905, 13.449722551603058], [94.2529539609295, 13.461582139092089], [94.27576452165289, 13.468584553932049], [94.275653797905, 13.449722551603058]]], [[[92.88847177527823, 13.595152266279348], [92.90334391663795, 13.59610252900356], [92.8850055118976, 13.57461928871452], [92.88847177527823, 13.595152266279348]]], [[[93.04310331533341, 13.637567811191133], [93.06631805780916, 13.649507683747448], [93.04668431757257, 13.621147243338392], [93.04310331533341, 13.637567811191133]]], [[[92.97691989115363, 13.65495529713332], [93.03183511926275, 13.63367494035593], [93.0256929988654, 13.627179438132359], [92.97691989115363, 13.65495529713332]]]]}}, {"type": "Feature", "properties": {"id": 4, "objectid": 4, "state": "AP", "stcode": "28", "district": "Anantapur", "dtcode": "502", "shape_length": 1411353.6292373298, "shape_area": 18893199861.55161, "ds_name": " Administrative Boundary", "src_agency": "Survey of India (SOI)", "state_name": "Andhra Pradesh", "id_final": "d48"}, "geometry": {"type": "Polygon", "coordinates": [[[77.66515138329977, 15.232863623091893], [77.78871321602807, 15.106994651483035], [77.88464170995287, 15.17855893043979], [77.99323461324032, 15.133149234302914], [78.01132411599053, 15.027044687092365], [78.13378111987764, 14.961224075193803], [78.0459921409891, 14.77198499038162], [78.12296356591672, 14.625801388274729], [78.03302336458455, 14.530678403086021], [77.94406166496101, 14.570386760655866], [78.22888306021875, 14.315319816110826], [78.42053712672, 14.282815746806412], [78.46676866303049, 13.995198083431463], [78.27275303536278, 13.894907806398288], [78.23699828745119, 13.778796608187347], [78.1288517250963, 13.785460790310484], [78.04947020853619, 13.895990887766938], [77.95284457654657, 13.827422246639458], [77.96808900370813, 13.96018579981579], [77.92663047201806, 13.905340078815012], [77.82653603253392, 13.944725273990262], [77.71735917488213, 13.741204045428036], [77.5272096325577, 13.753816673832754], [77.52509564688557, 13.691036451843758], [77.45525029695057, 13.682260928372541], [77.43246605805346, 13.84322442446846], [77.20037742898135, 13.863049308209321], [77.18471530347279, 13.925089798631102], [77.12814558889907, 13.856471867921694], [77.17299687111192, 13.76202251759221], [76.99844786682851, 13.745589480339966], [77.04160518909494, 13.933448160757575], [76.89448708941681, 14.167828829924417], [77.023281992149, 14.176702792612565], [77.02763420844714, 14.061761596618737], [77.14917204186631, 14.001175916880294], [77.32218026987057, 14.03000436593127], [77.39868963596878, 13.888134415220877], [77.43782998515205, 13.97552935409385], [77.33225239682375, 14.030697815653898], [77.40087181584266, 14.118720843857497], [77.35166646017323, 14.131113551266223], [77.51698201854393, 14.186048868038572], [77.4064003080145, 14.337755335896585], [77.39254819647341, 14.198851484443773], [77.28646481526624, 14.340109162487956], [77.13885989915912, 14.339984316099505], [77.1007582659769, 14.217151489438752], [76.93971818042321, 14.244872586046498], [76.88477497718716, 14.395726211824497], [76.97477306528778, 14.485346134369587], [76.86792022292445, 14.474056105314801], [76.76499456682292, 14.602250179393712], [76.86958905553446, 14.937727371765101], [76.7665071278378, 14.975635995586204], [76.77671475552334, 15.078380237960124], [77.08237641033448, 15.006093289148266], [77.15812174662815, 15.14588051296605], [77.66515138329977, 15.232863623091893]]]}}, {"type": "Feature", "properties": {"id": 5, "objectid": 5, "state": "AP", "stcode": "28", "district": "Chittoor", "dtcode": "503", "shape_length": 1282175.4289619364, "shape_area": 14912347672.460918, "ds_name": " Administrative Boundary", "src_agency": "Survey of India (SOI)", "state_name": "Andhra Pradesh", "id_final": "d49"}, "geometry": {"type": "Polygon", "coordinates": [[[78.46521514855888, 13.994321843167821], [78.77097767554814, 13.827513026245315], [78.98934300499963, 13.911777543959756], [79.14868666956322, 13.865191472881937], [79.30604578122384, 13.724227644230886], [79.46749218808371, 13.795125177883289], [79.47796415008725, 13.913022100746758], [79.59283157938124, 13.92289309717445], [79.66835612389683, 13.835937483000492], [79.68188705363771, 13.925743466032953], [79.7377539686774, 13.798566462231596], [79.96972586391125, 13.692680218094377], [80.04656211162589, 13.493629703531395], [79.9330550255578, 13.351866491561397], [79.76021017394083, 13.318157939799947], [79.75968095608386, 13.207371366935073], [79.4354741126311, 13.351586785115128], [79.38188574079864, 13.307452458253257], [79.44536174246916, 13.30121240307759], [79.43836433569082, 13.18813604655918], [79.3070461478067, 13.105519928906176], [79.23486555482603, 13.17080939739058], [79.1630537973447, 13.020238115635834], [78.71445060519405, 13.068656911014555], [78.62087528481791, 12.991232614827839], [78.5559716269579, 12.700368832444681], [78.49301996847065, 12.747019288092687], [78.46485293870302, 12.62403931943629], [78.37369106749746, 12.626302815179269], [78.19974080109867, 12.692729768626416], [78.25212472200413, 12.860544816639361], [78.35580317844892, 12.940732581656958], [78.46469778942563, 12.866753600994688], [78.41109126575745, 12.945258860569817], [78.58729860013509, 13.28062989002834], [78.37708351325351, 13.331962112985936], [78.40141625429708, 13.587886651168718], [78.19292904187648, 13.564846656394112], [78.20413801543398, 13.62841557750693], [78.065658946855, 13.676137089553647], [78.46521514855888, 13.994321843167821]]]}}, {"type": "Feature", "properties": {"id": 6, "objectid": 6, "state": "AP", "stcode": "28", "district": "Y.S.R.", "dtcode": "504", "shape_length": 793984.4571010179, "shape_area": 15155281743.014128, "ds_name": " Administrative Boundary", "src_agency": "Survey of India (SOI)", "state_name": "Andhra Pradesh", "id_final": "d50"}, "geometry": {"type": "Polygon", "coordinates": [[[78.9371387354622, 15.229245619113557], [79.08318734364963, 15.173469994592555], [79.18885716347307, 14.616185806623538], [79.43533432784758, 14.243053045881348], [79.46884297822915, 13.79773970729852], [79.30604578122384, 13.724227644230886], [78.9979177337419, 13.910200610276744], [78.77136647752803, 13.827480026140154], [78.58720312296715, 13.910789990795127], [78.58482000612369, 13.985000977396945], [78.49327679157042, 13.937885385746888], [78.42053712672, 14.282815746806412], [78.22888306021875, 14.315319816110826], [77.94406166496101, 14.570386760655866], [78.03302336458455, 14.530678403086021], [78.1218699567095, 14.623916958900683], [78.04649329733495, 14.774007430125009], [78.28445740884212, 15.070567177559854], [78.38267564873279, 15.069202817887852], [78.39210285858671, 14.96797077115449], [78.50626984290246, 15.06941819068044], [78.47723766038061, 14.90219580096533], [78.54012909048824, 14.964850718432762], [78.66028410340671, 14.92976971635301], [78.76135559448153, 15.053348061959177], [78.75825604493038, 15.184652636602044], [78.9371387354622, 15.229245619113557]]]}}, {"type": "Feature", "properties": {"id": 7, "objectid": 7, "state": "AP", "stcode": "28", "district": "East Godavari", "dtcode": "505", "shape_length": 928230.395035673, "shape_area": 12655608441.456224, "ds_name": " Administrative Boundary", "src_agency": "Survey of India (SOI)", "state_name": "Andhra Pradesh", "id_final": "d51"}, "geometry": {"type": "Polygon", "coordinates": [[[81.98268361375897, 18.005132197166407], [82.01952327645569, 17.839340771549967], [81.85990442324582, 17.752852892757673], [82.0161442848497, 17.75337695136603], [82.01628702718291, 17.618490953185272], [82.22813456113298, 17.638730877120306], [82.37300470070433, 17.479359599285516], [82.55270079015003, 17.527101977177814], [82.60410876446149, 17.454880322114754], [82.54229702131612, 17.249249639567495], [82.24934478075534, 16.93125985071247], [82.34941762905177, 16.85049674705612], [82.36204350497098, 16.95993200466494], [82.32649247413579, 16.599177364292995], [81.71794763951203, 16.306550816142646], [81.69998696567752, 16.42278715269106], [81.84640933641666, 16.495918766857272], [81.85837713360146, 16.598811588877947], [81.74459126142501, 16.79328788808036], [81.7243140647933, 16.914290039429403], [81.74192052581806, 17.00953137688308], [81.64068935680774, 17.207197079060617], [81.679322682459, 17.30183731370713], [81.50125547780338, 17.48052590256151], [80.882738843548, 17.645913320935236], [80.88554632335851, 17.735677954596937], [81.05816501269297, 17.733085766705628], [81.16605727867645, 17.857551181364414], [81.6171600750431, 17.823080899972684], [81.98268361375897, 18.005132197166407]], [[81.74216000020596, 16.939829999011458], [81.74888999980143, 16.9344700001258], [81.74880000079345, 16.950260000304336], [81.74216000020596, 16.939829999011458]], [[82.20377838536118, 16.747541616372352], [82.26128287867503, 16.701915056603447], [82.31061608075255, 16.735037266814977], [82.30150038869915, 16.755181106334316], [82.20377838536118, 16.747541616372352]]]}}, {"type": "Feature", "properties": {"id": 8, "objectid": 8, "state": "AP", "stcode": "28", "district": "Guntur", "dtcode": "506", "shape_length": 781983.2331911654, "shape_area": 11173014918.914808, "ds_name": " Administrative Boundary", "src_agency": "Survey of India (SOI)", "state_name": "Andhra Pradesh", "id_final": "d52"}, "geometry": {"type": "Polygon", "coordinates": [[[80.10430054678598, 16.822310295681607], [80.14088315870417, 16.651333605276854], [80.5288010432738, 16.562562859424776], [80.79930174327829, 16.282108243694477], [80.90323786129782, 15.917041492517477], [80.83405842494818, 15.71169632722453], [80.72983156600921, 15.876167974405178], [80.41850448891401, 15.79656866521391], [80.47508100534613, 15.85251138177992], [80.37811743006317, 15.896617204452138], [80.42621552887937, 15.999485726801879], [80.3019324616614, 16.0553810164384], [80.09177903577323, 16.012904701326125], [79.95282470712907, 16.164279098623165], [79.86600421834869, 16.134692886002068], [79.90326638639587, 15.94242745516522], [79.79117047195747, 15.940692315410763], [79.77085545642872, 15.825157163130712], [79.7106096487104, 15.837243182346466], [79.55915839707639, 15.947837573604405], [79.53628534635342, 16.305725098283794], [79.22206698128947, 16.163043617070773], [79.25683795722651, 16.565818557090786], [79.77399084984444, 16.730775237693063], [79.9475094625974, 16.635026624108406], [80.10430054678598, 16.822310295681607]]]}}, {"type": "Feature", "properties": {"id": 9, "objectid": 9, "state": "AP", "stcode": "28", "district": "Krishna", "dtcode": "510", "shape_length": 816922.0767455493, "shape_area": 8561527637.783598, "ds_name": " Administrative Boundary", "src_agency": "Survey of India (SOI)", "state_name": "Andhra Pradesh", "id_final": "d53"}, "geometry": {"type": "Polygon", "coordinates": [[[80.61567278508888, 17.132132800522108], [80.6560174142656, 17.067999367710105], [80.95849599272616, 17.051364286569147], [80.93503437336676, 16.95873775143531], [81.0427675317419, 16.785241215116635], [81.01113601298421, 16.63629970556388], [80.95435130432443, 16.6713926486609], [81.01148253240923, 16.560116009233415], [81.18908096996492, 16.621202479813626], [81.23652044880505, 16.56976548783848], [81.32896403464612, 16.688888352944257], [81.33282644347227, 16.5101488724431], [81.55210512974485, 16.36771173313169], [81.25926460318347, 16.26546393006009], [80.9371852097809, 15.719221777950844], [80.83405842494818, 15.71169632722453], [80.88078048845354, 16.06839118874856], [80.66955314191965, 16.46654900523168], [80.48068155678261, 16.58600912131736], [80.14155946951249, 16.65090060836668], [80.11730633907064, 16.819549780927943], [79.99876148261679, 16.865214053502026], [80.19669259436775, 17.04394357691888], [80.38053168501284, 16.81737617208109], [80.5702408012675, 16.76800901778883], [80.59717646560885, 16.923603191937538], [80.36342760173679, 16.976748400258607], [80.40929832806657, 17.091693714419137], [80.46485931121877, 17.030023781449767], [80.61567278508888, 17.132132800522108]]]}}, {"type": "Feature", "properties": {"id": 10, "objectid": 10, "state": "AP", "stcode": "28", "district": "Kurnool", "dtcode": "511", "shape_length": 901339.5412676996, "shape_area": 17350560516.545586, "ds_name": " Administrative Boundary", "src_agency": "Survey of India (SOI)", "state_name": "Andhra Pradesh", "id_final": "d54"}, "geometry": {"type": "Polygon", "coordinates": [[[78.8349050184943, 16.145263814853852], [78.92256364549235, 16.126381602745514], [78.7714136002471, 15.664423829988467], [78.76161669033425, 15.054358726873343], [78.66168032467819, 14.930175352876386], [78.54012909048824, 14.964850718432762], [78.47723766038061, 14.90219580096533], [78.51655161757468, 14.996572039672586], [78.48696970434094, 15.072034183029135], [78.40964312070173, 14.972631869145763], [78.34270275515422, 15.002768294040655], [78.38267564873279, 15.069202817887852], [78.2928057552152, 15.073237204364698], [78.13685033678462, 14.947714304418536], [78.01132411599053, 15.027044687092365], [77.99323461324032, 15.133149234302914], [77.88464170995287, 15.17855893043979], [77.78871321602807, 15.106994651483035], [77.66397715107428, 15.234195599405146], [77.13782680077448, 15.14353418336999], [77.16690479257335, 15.268595786786834], [76.97456338139611, 15.49564607312343], [77.03041335293416, 15.634506468594118], [77.1213875648162, 15.63109935627672], [77.02519117554075, 15.837508401761339], [77.1551686458229, 15.950066785351725], [78.03188956905265, 15.907346114908204], [78.13395763045085, 15.836281426989373], [78.26086351078743, 16.02581702801886], [78.40519215081827, 16.073986449341028], [78.62723763511507, 16.087629805176118], [78.73605607609977, 16.008181093881536], [78.8349050184943, 16.145263814853852]]]}}, {"type": "Feature", "properties": {"id": 11, "objectid": 11, "state": "AP", "stcode": "28", "district": "Spsr Nellore", "dtcode": "515", "shape_length": 673637.2647510174, "shape_area": 13067292571.887081, "ds_name": " Administrative Boundary", "src_agency": "Survey of India (SOI)", "state_name": "Andhra Pradesh", "id_final": "d55"}, "geometry": {"type": "Polygon", "coordinates": [[[79.12889595868974, 15.099650737330215], [79.56004155656969, 15.021775983159879], [79.7782785872496, 15.066842257203325], [79.84254218474355, 14.965459499339115], [80.05438057764235, 15.004247105345748], [80.19704630933762, 14.581850268842357], [80.12739111085558, 14.163904801109451], [80.25282149695005, 13.777959678523798], [80.24175704160268, 13.47058812438988], [80.0781381365661, 13.488756278493595], [79.87369202673223, 13.788451105470955], [79.73395109296375, 13.802536538066857], [79.7287324020414, 13.904679388889516], [79.6787572353729, 13.924113240139363], [79.66835612389683, 13.835937483000492], [79.59283157938124, 13.92289309717445], [79.44309281202098, 13.890297836388548], [79.43521854525679, 14.24347963537778], [79.18885716347307, 14.616185806623538], [79.0814057522073, 14.982596863429217], [79.12889595868974, 15.099650737330215]]]}}, {"type": "Feature", "properties": {"id": 12, "objectid": 12, "state": "AP", "stcode": "28", "district": "Prakasam", "dtcode": "517", "shape_length": 832751.9311174314, "shape_area": 17307462862.109756, "ds_name": " Administrative Boundary", "src_agency": "Survey of India (SOI)", "state_name": "Andhra Pradesh", "id_final": "d56"}, "geometry": {"type": "Polygon", "coordinates": [[[79.54541250772533, 16.290572560105833], [79.55915839707639, 15.947837573604405], [79.73991387135254, 15.82623324767711], [79.79117047195747, 15.940692315410763], [79.90326638639587, 15.94242745516522], [79.87863112759622, 16.154784551283498], [80.0503274317752, 16.130618729864572], [80.09714647733868, 16.01107873920914], [80.3019324616614, 16.0553810164384], [80.42621552887937, 15.999485726801879], [80.37811743006317, 15.896617204452138], [80.47508100534613, 15.85251138177992], [80.25660996844996, 15.643338501651291], [80.02808692199397, 14.98045037358796], [79.77951517768524, 14.981099255673026], [79.7782785872496, 15.066842257203325], [79.55021631590581, 15.022319857538543], [79.35149486892058, 15.11668077728249], [79.08917247340038, 15.048176229895871], [79.08318734364963, 15.173469994592555], [78.94786877159655, 15.228323748264607], [78.74216326194454, 15.181614084316475], [78.9052614194112, 16.18339488903028], [79.02933912169968, 16.24171609912664], [79.2152217673948, 16.225835612966332], [79.22206698128947, 16.163043617070773], [79.54541250772533, 16.290572560105833]]]}}, {"type": "Feature", "properties": {"id": 13, "objectid": 13, "state": "AP", "stcode": "28", "district": "Srikakulam", "dtcode": "519", "shape_length": 680283.1129890468, "shape_area": 5697773439.36692, "ds_name": " Administrative Boundary", "src_agency": "Survey of India (SOI)", "state_name": "Andhra Pradesh", "id_final": "d57"}, "geometry": {"type": "Polygon", "coordinates": [[[83.89301588647783, 18.815671992678435], [84.31900768175065, 18.787852900388437], [84.33069406002969, 18.882969685016874], [84.43608239287057, 18.92173689051879], [84.41909111884911, 19.022797611692358], [84.57079275670763, 19.074555375393675], [84.60107429548765, 19.024474340202346], [84.66879089530548, 19.07712922515473], [84.59343969550092, 19.133268379345274], [84.66883240877301, 19.16686749806057], [84.76566082476631, 19.077246144454733], [84.12611941765047, 18.3127588184116], [83.66434279971723, 18.076752007183792], [83.60344431671689, 18.20615391537119], [83.70991924989298, 18.295670929604185], [83.58575104083833, 18.354293902649335], [83.63177882421745, 18.555812239151386], [83.52660325037536, 18.552310535560768], [83.53838078050235, 18.71037104006329], [83.8123499482748, 18.83329013394679], [83.78066625589379, 19.01838797257372], [83.89301588647783, 18.815671992678435]], [[84.35343552365013, 18.78964379970402], [84.35027185718994, 18.787323181234704], [84.35187393172889, 18.785521793538415], [84.35343552365013, 18.78964379970402]], [[84.33952177813624, 18.77844238559052], [84.33903706833664, 18.789691983110973], [84.32943284281562, 18.786949613776265], [84.33952177813624, 18.77844238559052]]]}}, {"type": "Feature", "properties": {"id": 14, "objectid": 14, "state": "AP", "stcode": "28", "district": "Visakhapatanam", "dtcode": "520", "shape_length": 986482.91340755, "shape_area": 11288297562.116693, "ds_name": " Administrative Boundary", "src_agency": "Survey of India (SOI)", "state_name": "Andhra Pradesh", "id_final": "d58"}, "geometry": {"type": "Polygon", "coordinates": [[[82.49349567122535, 18.54349256634048], [82.63606437749783, 18.237320648138606], [82.8067100414952, 18.451191425305588], [82.93818087329015, 18.36148679391751], [83.10080248748005, 18.41347925808154], [83.07909473269282, 18.34678864528657], [83.21890387945919, 18.333843808362776], [83.26680374618445, 18.216609755332087], [83.10437298342954, 18.188779272985663], [83.1274786396404, 18.098734559495252], [83.0468521483504, 18.072149199002784], [83.00781662275169, 18.035502420857178], [83.14565052682227, 17.845242541462582], [83.35792397570465, 18.064671532979936], [83.4432221125809, 17.922627239509502], [83.52619336308595, 17.9462183926061], [83.2159555847301, 17.591212874720657], [82.54258113536174, 17.248561875764775], [82.60462004671069, 17.460206926665254], [82.55270079015003, 17.527101977177814], [82.41039201187554, 17.46698366484346], [82.27669379902285, 17.624047763584148], [82.01628702718291, 17.618490953185272], [82.0161442848497, 17.75337695136603], [81.8595979539196, 17.753508956722026], [82.01952327645569, 17.839340771549967], [82.00696361852967, 18.058265069436505], [82.2498593904687, 17.993099990551222], [82.34213958663386, 18.058709590656477], [82.36262582010032, 18.422137469976345], [82.49349567122535, 18.54349256634048]], [[83.09137539924056, 18.170193043428803], [83.08852283079315, 18.14794443474479], [83.09767859515881, 18.155252161451944], [83.09137539924056, 18.170193043428803]], [[83.07648723192769, 18.13363097654825], [83.070604625061, 18.1577396211427], [83.07367770182994, 18.132131530742253], [83.07648723192769, 18.13363097654825]]]}}, {"type": "Feature", "properties": {"id": 15, "objectid": 15, "state": "AP", "stcode": "28", "district": "Vizianagaram", "dtcode": "521", "shape_length": 835190.5788719537, "shape_area": 5987589225.140161, "ds_name": " Administrative Boundary", "src_agency": "Survey of India (SOI)", "state_name": "Andhra Pradesh", "id_final": "d59"}, "geometry": {"type": "MultiPolygon", "coordinates": [[[[83.31032992225981, 18.995645831960047], [83.46329376641138, 18.95536276830289], [83.47374211416762, 19.094932285827564], [83.53683711038722, 19.00926043185494], [83.62617060634473, 19.162437155690345], [83.81114344808837, 18.857930870501306], [83.53838078050235, 18.71037104006329], [83.52660325037536, 18.552310535560768], [83.63177882421745, 18.555812239151386], [83.58575104083833, 18.354293902649335], [83.70991924989298, 18.295670929604185], [83.60344431671689, 18.20615391537119], [83.66570087413693, 18.08162798283525], [83.4432221125809, 17.922627239509502], [83.35792397570465, 18.064671532979936], [83.16126144430339, 17.84039798956186], [83.00781662275169, 18.035502420857178], [83.2613182863081, 18.272702486360473], [83.07909473269282, 18.34678864528657], [83.1036072238461, 18.413054021219843], [83.01910838149738, 18.45713177367288], [83.09317936533216, 18.547551629086446], [82.99897686613254, 18.62140787557493], [83.13614631591619, 18.785691822258784], [83.21058144433663, 18.731476386845635], [83.40409547453498, 18.843383776744396], [83.31032992225981, 18.995645831960047]]], [[[83.09767859515881, 18.155252161451944], [83.08156137316489, 18.163346780465748], [83.09137539924056, 18.170193043428803], [83.09767859515881, 18.155252161451944]]], [[[83.07826155582535, 18.14803636329696], [83.06959839864244, 18.13422614202066], [83.07094846816516, 18.15791745023194], [83.07826155582535, 18.14803636329696]]]]}}, {"type": "Feature", "properties": {"id": 16, "objectid": 16, "state": "AP", "stcode": "28", "district": "West Godavari", "dtcode": "523", "shape_length": 662718.4544053982, "shape_area": 8205557782.946188, "ds_name": " Administrative Boundary", "src_agency": "Survey of India (SOI)", "state_name": "Andhra Pradesh", "id_final": "d60"}, "geometry": {"type": "MultiPolygon", "coordinates": [[[[80.84950600026824, 17.61740600087654], [81.50125547780338, 17.48052590256151], [81.679322682459, 17.30183731370713], [81.64068935680774, 17.207197079060617], [81.74192052581806, 17.00953137688308], [81.7243140647933, 16.914290039429403], [81.74459126142501, 16.79328788808036], [81.85837713360146, 16.598811588877947], [81.84640933641666, 16.495918766857272], [81.69998696567752, 16.42278715269106], [81.71794763951203, 16.306550816142646], [81.38441023018709, 16.44325265967053], [81.32896403464612, 16.688888352944257], [81.23652044880505, 16.56976548783848], [81.18908096996492, 16.621202479813626], [81.02048107849494, 16.556961506761905], [80.97291244512846, 16.62635512059089], [81.0412063929947, 16.79542963093264], [80.87943805395267, 17.160830095172194], [81.17397725941417, 17.230336982544735], [81.1904104952669, 17.32481410817582], [81.32263567368776, 17.374565096162666], [80.84950600026824, 17.61740600087654]]], [[[81.74908000001837, 16.935689999030178], [81.74216000020596, 16.939829999011458], [81.74880000079345, 16.950260000304336], [81.74908000001837, 16.935689999030178]]]]}}, {"type": "Feature", "properties": {"id": 17, "objectid": 17, "state": "AR", "stcode": "12", "district": "Changlang", "dtcode": "229", "shape_length": 588417.559984707, "shape_area": 4871864544.180673, "ds_name": " Administrative Boundary", "src_agency": "Survey of India (SOI)", "state_name": "Arunanchal Pradesh", "id_final": "d61"}, "geometry": {"type": "Polygon", "coordinates": [[[95.87580182226053, 27.546477669208738], [96.90002572831452, 27.61462740361342], [96.90346562035013, 27.45227990052603], [97.13851800920868, 27.09104666993111], [96.85747535992137, 27.19232198671788], [96.88491003998963, 27.259444551592516], [96.79646809041952, 27.345742933961226], [96.60611997398598, 27.365806877616617], [96.52385143465932, 27.286545891877466], [96.09061364286225, 27.223325657095717], [95.71636814299981, 26.87846000876953], [95.62074849495936, 26.984451729902407], [95.68067785379702, 27.157692573041455], [95.63387321993694, 27.230319809991723], [95.89243147597612, 27.255284081438518], [96.01775393222086, 27.36491912054334], [95.84450664595653, 27.421584483863803], [95.87580182226053, 27.546477669208738]]]}}, {"type": "Feature", "properties": {"id": 18, "objectid": 18, "state": "AR", "stcode": "12", "district": "Dibang Valley", "dtcode": "230", "shape_length": 582178.716285833, "shape_area": 9169777411.587393, "ds_name": " Administrative Boundary", "src_agency": "Survey of India (SOI)", "state_name": "Arunanchal Pradesh", "id_final": "d62"}, "geometry": {"type": "Polygon", "coordinates": [[[96.042752699951, 29.46073481066268], [96.2354846017977, 29.241891998927905], [96.38083135029956, 29.254607533197852], [96.10205941662515, 29.078994947285487], [96.16087188514125, 28.89783415664326], [96.51358479660426, 29.07395831154659], [96.4646736029373, 28.983135330558063], [96.60423968373719, 28.744425976829717], [96.3230658570643, 28.52231975258941], [96.24307653656385, 28.578593275462342], [96.00979388385694, 28.53475268502401], [95.83842679960709, 28.288071493260556], [95.58617423991936, 28.37329408536283], [95.58914458703948, 28.484648319062693], [95.38184224585567, 28.570284003348302], [95.274296736729, 29.059425468462088], [95.44029687357244, 29.03660040817996], [95.58302965171444, 29.260614485916555], [96.042752699951, 29.46073481066268]]]}}, {"type": "Feature", "properties": {"id": 19, "objectid": 19, "state": "AR", "stcode": "12", "district": "East Kameng", "dtcode": "231", "shape_length": 394164.866007362, "shape_area": 4258333436.297447, "ds_name": " Administrative Boundary", "src_agency": "Survey of India (SOI)", "state_name": "Arunanchal Pradesh", "id_final": "d63"}, "geometry": {"type": "Polygon", "coordinates": [[[92.77962218890201, 27.953298423450384], [92.93071741818194, 27.91958985205645], [92.98286353803707, 27.820160509020727], [93.22177041753261, 27.830743832058992], [93.19477840823365, 27.67605209157114], [93.33012616415027, 27.55448481006103], [93.37194370411858, 27.371290071383154], [93.19502291215552, 27.378176174263025], [93.00228657138037, 27.249685280261488], [93.08080878482463, 27.18662956249082], [93.01180441400115, 27.142609532934202], [92.83929349171179, 27.13190196045547], [92.80366462598633, 27.446488488433786], [92.69242046344205, 27.45496337677987], [92.45614823496345, 27.73939419619798], [92.49252949802842, 27.85055005998374], [92.77962218890201, 27.953298423450384]]]}}, {"type": "Feature", "properties": {"id": 22, "objectid": 22, "state": "AR", "stcode": "12", "district": "Lohit", "dtcode": "234", "shape_length": 366216.82526782394, "shape_area": 2729718846.4049096, "ds_name": " Administrative Boundary", "src_agency": "Survey of India (SOI)", "state_name": "Arunanchal Pradesh", "id_final": "d64"}, "geometry": {"type": "Polygon", "coordinates": [[[96.29609676737044, 28.352859429484717], [96.28164583926035, 28.08378153504329], [96.41664792526694, 27.967967367213614], [96.5932166517579, 27.954363723879286], [96.71229635447898, 27.820973580806704], [96.70151745796207, 27.660960330908097], [96.37277447391139, 27.64495541088043], [96.32001310742837, 27.57511374546526], [96.19871216051642, 27.877455228287086], [95.77708347737622, 27.746789340704325], [95.987818563757, 27.962903234287996], [96.05157615046645, 28.198921398424044], [96.2678848440262, 28.238931606011757], [96.29609676737044, 28.352859429484717]]]}}, {"type": "Feature", "properties": {"id": 23, "objectid": 23, "state": "AR", "stcode": "12", "district": "Lower Dibang Valley", "dtcode": "235", "shape_length": 405318.77919431654, "shape_area": 3598149740.230137, "ds_name": " Administrative Boundary", "src_agency": "Survey of India (SOI)", "state_name": "Arunanchal Pradesh", "id_final": "d65"}, "geometry": {"type": "Polygon", "coordinates": [[[96.24307653656385, 28.578593275462342], [96.36355547458454, 28.487453027847113], [96.25338940594139, 28.4070403722847], [96.31023684610561, 28.38084974277248], [96.2678848440262, 28.238931606011757], [96.05157615046645, 28.198921398424044], [95.987818563757, 27.962903234287996], [95.60536678688831, 27.954628772716717], [95.51533842150211, 27.87971369596391], [95.563657529657, 28.254880315029457], [95.38523956019844, 28.30804948181705], [95.32004417924153, 28.425832300573102], [95.41134696272721, 28.550780166745486], [95.58914458703948, 28.484648319062693], [95.58539233491305, 28.373768562824594], [95.82773121206907, 28.2859785220004], [96.00979388385694, 28.53475268502401], [96.24307653656385, 28.578593275462342]]]}}, {"type": "Feature", "properties": {"id": 24, "objectid": 24, "state": "AR", "stcode": "12", "district": "Lower Subansiri", "dtcode": "236", "shape_length": 209985.6207991708, "shape_area": 1451005289.6815178, "ds_name": " Administrative Boundary", "src_agency": "Survey of India (SOI)", "state_name": "Arunanchal Pradesh", "id_final": "d66"}, "geometry": {"type": "Polygon", "coordinates": [[[93.88311671871108, 27.78741605242299], [93.93076579408825, 27.60211961384536], [94.04488979104775, 27.519116258306138], [93.874743298599, 27.458278798237586], [93.83340156194456, 27.324138436542636], [93.63786945068958, 27.293063357414173], [93.53288367428323, 27.59800612841374], [93.88311671871108, 27.78741605242299]]]}}, {"type": "Feature", "properties": {"id": 20, "objectid": 20, "state": "AR", "stcode": "12", "district": "East Siang", "dtcode": "232", "shape_length": 204295.86826671707, "shape_area": 1680356917.2805007, "ds_name": " Administrative Boundary", "src_agency": "Survey of India (SOI)", "state_name": "Arunanchal Pradesh", "id_final": "d67"}, "geometry": {"type": "Polygon", "coordinates": [[[95.38158629632964, 28.310808628012825], [95.563657529657, 28.254880315029457], [95.51533842150211, 27.87971369596391], [95.13635384235188, 27.81566637589082], [95.06736718714582, 28.02344916571288], [95.2329782669798, 28.047644559155263], [95.20116739756894, 28.173451118190897], [95.38158629632964, 28.310808628012825]]]}}, {"type": "Feature", "properties": {"id": 21, "objectid": 21, "state": "AR", "stcode": "12", "district": "Kurung Kumey", "dtcode": "233", "shape_length": 344039.7151862346, "shape_area": 4287153596.3618207, "ds_name": " Administrative Boundary", "src_agency": "Survey of India (SOI)", "state_name": "Arunanchal Pradesh", "id_final": "d68"}, "geometry": {"type": "Polygon", "coordinates": [[[93.28824227647394, 28.348106068171287], [93.4573706925666, 28.271964201798937], [93.4602227275005, 28.112910627545972], [93.61851133959553, 27.953585674175937], [93.52337791221368, 27.610923587257982], [93.22998156082463, 27.604384322864068], [93.22177041753261, 27.830743832058992], [92.9668856409227, 27.826009400401457], [92.93071741818194, 27.91958985205645], [92.66653978388868, 28.06375308480939], [92.80603444986538, 28.206909029293048], [92.99729842284795, 28.229427663846106], [93.02234264665864, 28.3103858179827], [93.28824227647394, 28.348106068171287]]]}}, {"type": "Feature", "properties": {"id": 25, "objectid": 25, "state": "AR", "stcode": "12", "district": "Papum Pare", "dtcode": "237", "shape_length": 428960.44783072965, "shape_area": 3324534917.346744, "ds_name": " Administrative Boundary", "src_agency": "Survey of India (SOI)", "state_name": "Arunanchal Pradesh", "id_final": "d69"}, "geometry": {"type": "Polygon", "coordinates": [[[93.42780627300672, 27.630763911548257], [93.62342914457265, 27.464742179714907], [93.55104333487812, 27.402596675455207], [93.63786945068958, 27.293063357414173], [93.84721180637746, 27.332571349727466], [93.81503850037844, 27.391545440160204], [93.92287066428445, 27.491224996093788], [94.19186664888532, 27.544032978346664], [94.20246188103526, 27.494467005256205], [93.79596978074659, 27.137645309152546], [93.8292265553049, 27.06681381917172], [93.46249008928375, 26.937880445284918], [93.21066240239932, 27.130948835718467], [93.30944897739828, 27.172283556528857], [93.22509061799704, 27.25060985562673], [93.37194370411858, 27.371290071383154], [93.269622108767, 27.595129560005557], [93.42780627300672, 27.630763911548257]]]}}, {"type": "Feature", "properties": {"id": 26, "objectid": 26, "state": "AR", "stcode": "12", "district": "Tawang", "dtcode": "238", "shape_length": 310834.72003614006, "shape_area": 2371661294.4047856, "ds_name": " Administrative Boundary", "src_agency": "Survey of India (SOI)", "state_name": "Arunanchal Pradesh", "id_final": "d70"}, "geometry": {"type": "Polygon", "coordinates": [[[92.30202472100511, 27.80203980982446], [92.42301850886079, 27.830682962500457], [92.4647752961587, 27.75047333048122], [92.24407597160237, 27.668149635700694], [92.23078446506904, 27.572817559432426], [92.0219143383801, 27.450140675102872], [91.65245214430614, 27.48304127327576], [91.56603236653099, 27.58389767429687], [91.64540461167722, 27.763376734646933], [91.57553729824981, 27.864293343169066], [91.92770463859442, 27.722594229883725], [92.21866064266516, 27.869514902180526], [92.30202472100511, 27.80203980982446]]]}}, {"type": "Feature", "properties": {"id": 27, "objectid": 27, "state": "AR", "stcode": "12", "district": "Tirap", "dtcode": "239", "shape_length": 181221.26146998303, "shape_area": 1057282626.6522392, "ds_name": " Administrative Boundary", "src_agency": "Survey of India (SOI)", "state_name": "Arunanchal Pradesh", "id_final": "d71"}, "geometry": {"type": "Polygon", "coordinates": [[[95.53495611569856, 27.26173144959824], [95.67978655472903, 27.165886983906756], [95.62074849495936, 26.984451729902407], [95.69142652320824, 26.903577325410808], [95.49975934383004, 26.80705888213911], [95.36579172737608, 26.878622381841083], [95.37468600159742, 27.092686033516085], [95.53495611569856, 27.26173144959824]]]}}, {"type": "Feature", "properties": {"id": 28, "objectid": 28, "state": "AR", "stcode": "12", "district": "Upper Siang", "dtcode": "240", "shape_length": 479253.7782229575, "shape_area": 6489901608.9334955, "ds_name": " Administrative Boundary", "src_agency": "Survey of India (SOI)", "state_name": "Arunanchal Pradesh", "id_final": "d72"}, "geometry": {"type": "Polygon", "coordinates": [[[94.79352239910112, 29.18853733364555], [95.274296736729, 29.059425468462088], [95.40957749879796, 28.54947401957435], [95.32004417924153, 28.425832300573102], [95.3741888514673, 28.322064516666742], [95.24636517462224, 28.178856564325702], [95.09622777302164, 28.270043006078794], [95.07842595998636, 28.528875485377675], [94.76592884119418, 28.548592411318175], [94.6333334244322, 28.784166726917032], [94.19158787107354, 29.03724919610664], [94.42981867706082, 29.219620544790693], [94.55071098264587, 29.220750760578174], [94.63097645624346, 29.341236414918015], [94.79352239910112, 29.18853733364555]]]}}, {"type": "Feature", "properties": {"id": 29, "objectid": 29, "state": "AR", "stcode": "12", "district": "Upper Subansiri", "dtcode": "241", "shape_length": 476531.0761746009, "shape_area": 6257782886.27953, "ds_name": " Administrative Boundary", "src_agency": "Survey of India (SOI)", "state_name": "Arunanchal Pradesh", "id_final": "d73"}, "geometry": {"type": "Polygon", "coordinates": [[[94.01810839486322, 28.665476526055123], [94.00143300100243, 28.577723964968353], [94.13917678544956, 28.44443994525078], [94.40134210220806, 28.340269813347863], [94.3905172986129, 28.08405746437966], [94.58912465255744, 27.86162007237395], [94.33254230546807, 27.75777719271544], [94.07417960342971, 27.849297237378746], [94.06820408588158, 27.939097873269265], [93.8763618600621, 28.051448519580887], [93.83764206380566, 28.244734675988216], [93.73604455232903, 28.286095532470313], [93.65079234323545, 28.19743094475545], [93.61348688231082, 28.272691698902122], [93.22303691822829, 28.334065713641998], [93.18045103974896, 28.434875105145526], [93.4459733318812, 28.674722213843054], [94.01810839486322, 28.665476526055123]]]}}, {"type": "Feature", "properties": {"id": 30, "objectid": 30, "state": "AR", "stcode": "12", "district": "West Kameng", "dtcode": "242", "shape_length": 377943.91255122295, "shape_area": 4742694836.106576, "ds_name": " Administrative Boundary", "src_agency": "Survey of India (SOI)", "state_name": "Arunanchal Pradesh", "id_final": "d74"}, "geometry": {"type": "Polygon", "coordinates": [[[92.43588376711944, 27.738659607941123], [92.69242046344205, 27.45496337677987], [92.80323936566833, 27.447068625592998], [92.83336601347229, 27.214454613831514], [92.60805307652389, 27.140243635739353], [92.62371839238982, 26.976889333779358], [92.12001854651804, 26.888983723869202], [92.02316606011854, 27.109653238986304], [92.03800245197729, 27.25842199490567], [92.12497536642576, 27.282018260477084], [92.02559973747358, 27.46929935387533], [92.43588376711944, 27.738659607941123]]]}}, {"type": "Feature", "properties": {"id": 31, "objectid": 31, "state": "AR", "stcode": "12", "district": "West Siang", "dtcode": "243", "shape_length": 204806.2024822593, "shape_area": 1289317508.7651846, "ds_name": " Administrative Boundary", "src_agency": "Survey of India (SOI)", "state_name": "Arunanchal Pradesh", "id_final": "d75"}, "geometry": {"type": "Polygon", "coordinates": [[[94.44615239511315, 28.403567240695573], [94.61354747762844, 28.257587309583382], [94.61485617979605, 28.149797728150432], [94.87131349913129, 28.2168000248503], [94.93018459836053, 28.049372182781834], [94.8200248732282, 27.985793068002433], [94.40832278490501, 28.069117865759054], [94.37761920803808, 28.308913973553818], [94.44615239511315, 28.403567240695573]]]}}, {"type": "Feature", "properties": {"id": 32, "objectid": 32, "state": "AR", "stcode": "12", "district": "Anjaw", "dtcode": "628", "shape_length": 400872.69728640496, "shape_area": 5943448619.917078, "ds_name": " Administrative Boundary", "src_agency": "Survey of India (SOI)", "state_name": "Arunanchal Pradesh", "id_final": "d76"}, "geometry": {"type": "Polygon", "coordinates": [[[96.58690124897254, 28.45566979960253], [96.98761189137832, 28.303325286734992], [97.10569414103128, 28.346958370481747], [97.37836835692147, 28.217789959156672], [97.3104320799901, 28.074516574326545], [97.4128965141613, 28.014836541441362], [97.37359001678064, 27.880177072665163], [97.24902118860811, 27.899297119007702], [96.9071110917086, 27.616430484931982], [96.70557701794516, 27.65066571591579], [96.71229635447898, 27.820973580806704], [96.5932166517579, 27.954363723879286], [96.41664792526694, 27.967967367213614], [96.28164583926035, 28.08378153504329], [96.34106577098824, 28.202989946196862], [96.29543126393857, 28.362648021244173], [96.4173781775715, 28.34094419187595], [96.58690124897254, 28.45566979960253]]]}}, {"type": "Feature", "properties": {"id": 33, "objectid": 33, "state": "AR", "stcode": "12", "district": "Longding", "dtcode": "666", "shape_length": 180943.36830981908, "shape_area": 879706801.6899847, "ds_name": " Administrative Boundary", "src_agency": "Survey of India (SOI)", "state_name": "Arunanchal Pradesh", "id_final": "d77"}, "geometry": {"type": "Polygon", "coordinates": [[[95.36397225655985, 27.10219608611699], [95.36579172737608, 26.878622381841083], [95.49825580248967, 26.86094087302601], [95.50502494955316, 26.792535762714117], [95.260189928175, 26.655251167848853], [95.192432810753, 27.035117182284964], [95.36397225655985, 27.10219608611699]]]}}, {"type": "Feature", "properties": {"id": 34, "objectid": 34, "state": "AR", "stcode": "12", "district": "Kra Daadi", "dtcode": "677", "shape_length": 261880.20651211689, "shape_area": 2121271761.4935179, "ds_name": " Administrative Boundary", "src_agency": "Survey of India (SOI)", "state_name": "Arunanchal Pradesh", "id_final": "d78"}, "geometry": {"type": "Polygon", "coordinates": [[[93.75340527326466, 28.279776934197265], [93.84168050110898, 28.24194382918499], [93.96394615041835, 27.98069148891109], [93.88216600026648, 27.79099060696889], [93.53288367428323, 27.59800612841374], [93.50947756950475, 27.74290444139521], [93.61851133959553, 27.953585674175937], [93.4602227275005, 28.112910627545972], [93.4573706925666, 28.271964201798937], [93.613955763006, 28.27251579545476], [93.65079234323545, 28.19743094475545], [93.75340527326466, 28.279776934197265]]]}}, {"type": "Feature", "properties": {"id": 35, "objectid": 35, "state": "AR", "stcode": "12", "district": "Namsai", "dtcode": "678", "shape_length": 176628.8901951884, "shape_area": 1316666332.7928667, "ds_name": " Administrative Boundary", "src_agency": "Survey of India (SOI)", "state_name": "Arunanchal Pradesh", "id_final": "d79"}, "geometry": {"type": "Polygon", "coordinates": [[[96.19871216051642, 27.877455228287086], [96.28897717312647, 27.555436790680314], [96.12579212542015, 27.61956928971796], [95.86087380004237, 27.543077792537627], [95.75236853322069, 27.723829486064638], [96.19871216051642, 27.877455228287086]]]}}, {"type": "Feature", "properties": {"id": 36, "objectid": 36, "state": "AR", "stcode": "12", "district": "Siang", "dtcode": "679", "shape_length": 377170.3709912202, "shape_area": 3280575551.4924946, "ds_name": " Administrative Boundary", "src_agency": "Survey of India (SOI)", "state_name": "Arunanchal Pradesh", "id_final": "d80"}, "geometry": {"type": "Polygon", "coordinates": [[[94.39565509905776, 28.932118278307744], [94.7455756937333, 28.686342040918603], [94.76592884119418, 28.548592411318175], [95.07842595998636, 28.528875485377675], [95.0615122566066, 28.355318238446987], [95.2329782669798, 28.047644559155263], [94.92509017145977, 28.052839131872958], [94.87131349913129, 28.2168000248503], [94.61485617979605, 28.149797728150432], [94.61354747762844, 28.257587309583382], [94.48933961188824, 28.375370629769435], [94.56000960431636, 28.49648519411273], [94.53621499526417, 28.58880828161343], [94.45720088506503, 28.591301405949068], [94.39565509905776, 28.932118278307744]]]}}, {"type": "Feature", "properties": {"id": 75, "objectid": 75, "state": "BR", "stcode": "10", "district": "Araria", "dtcode": "188", "shape_length": 385019.5180995918, "shape_area": 2696205651.9674835, "ds_name": " Administrative Boundary", "src_agency": "Survey of India (SOI)", "state_name": "Bihar", "id_final": "d81"}, "geometry": {"type": "Polygon", "coordinates": [[[87.07221418551617, 26.56085950318313], [87.09175268613394, 26.45022123919059], [87.34109251321328, 26.347519154748063], [87.46654623972964, 26.440209598001385], [87.6513924116958, 26.393369344054552], [87.61093560221825, 26.345940186643194], [87.70578218303552, 26.161552079700257], [87.6344100027823, 26.016857140773364], [87.07867957508812, 25.961597870013673], [87.07221418551617, 26.56085950318313]]]}}, {"type": "Feature", "properties": {"id": 76, "objectid": 76, "state": "BR", "stcode": "10", "district": "Aurangabad", "dtcode": "189", "shape_length": 371783.98064569314, "shape_area": 3179164216.1759553, "ds_name": " Administrative Boundary", "src_agency": "Survey of India (SOI)", "state_name": "Bihar", "id_final": "d82"}, "geometry": {"type": "Polygon", "coordinates": [[[84.47159347141064, 25.0902573010691], [84.73595061875771, 25.0687548815344], [84.71784611753122, 24.917097667626805], [84.64006558669081, 24.874074472195264], [84.7356225767834, 24.794438112617858], [84.72252813611387, 24.699297798715556], [84.60257796741602, 24.655821356628177], [84.54691316347277, 24.526747282055826], [84.40312943909268, 24.572649758358278], [84.32737305077124, 24.487251443424828], [84.29662245915314, 24.56080693421631], [84.19413788236852, 24.554833988855155], [84.10836950106294, 24.477440705276887], [84.03215835807778, 24.694592012166105], [84.30842148311342, 25.01408747386064], [84.47159347141064, 25.0902573010691]]]}}, {"type": "Feature", "properties": {"id": 37, "objectid": 37, "state": "AR", "stcode": "12", "district": "Kamle", "dtcode": "718", "shape_length": 204618.12548196968, "shape_area": 1341838468.1460404, "ds_name": " Administrative Boundary", "src_agency": "Survey of India (SOI)", "state_name": "Arunanchal Pradesh", "id_final": "d83"}, "geometry": {"type": "Polygon", "coordinates": [[[93.9769294258355, 27.977412702015553], [94.07417960342971, 27.849297237378746], [94.35603810976669, 27.72877365861597], [94.20953536049387, 27.608812922184757], [94.26814863782407, 27.520928423921816], [94.02400201840635, 27.49942109731492], [93.93076579408825, 27.60211961384536], [93.88264073915984, 27.90974767684067], [93.9769294258355, 27.977412702015553]]]}}, {"type": "Feature", "properties": {"id": 38, "objectid": 38, "state": "AR", "stcode": "12", "district": "Lower Siang", "dtcode": "719", "shape_length": 297821.4756550348, "shape_area": 1751551306.0948203, "ds_name": " Administrative Boundary", "src_agency": "Survey of India (SOI)", "state_name": "Arunanchal Pradesh", "id_final": "d84"}, "geometry": {"type": "Polygon", "coordinates": [[[94.92791241362448, 28.051768854116997], [95.06736718714582, 28.02344916571288], [95.13635384235188, 27.81566637589082], [94.461731803729, 27.555242436959748], [94.21044484272134, 27.608422532557306], [94.35546845486468, 27.719210741926283], [94.31714169179384, 27.773967382041292], [94.4694839843064, 27.832824625309712], [94.63175035368548, 27.866713250066994], [94.74596448257509, 27.772962485523284], [94.89918316965282, 27.822589242149185], [94.92791241362448, 28.051768854116997]]]}}, {"type": "Feature", "properties": {"id": 77, "objectid": 77, "state": "BR", "stcode": "10", "district": "Banka", "dtcode": "190", "shape_length": 342906.33189174795, "shape_area": 2914803258.782167, "ds_name": " Administrative Boundary", "src_agency": "Survey of India (SOI)", "state_name": "Bihar", "id_final": "d85"}, "geometry": {"type": "Polygon", "coordinates": [[[86.7325969464083, 25.12153198603657], [87.17270993968025, 25.051632186167232], [87.05112014952083, 24.608481804895018], [86.93984869509832, 24.6524791365325], [86.91645648614308, 24.54510736766444], [86.77145472378997, 24.61850482754618], [86.6521141228713, 24.570141977924948], [86.49522443415646, 24.763421234143728], [86.49124853542199, 24.972700476891507], [86.60445543058691, 24.948617076143318], [86.7325969464083, 25.12153198603657]]]}}, {"type": "Feature", "properties": {"id": 78, "objectid": 78, "state": "BR", "stcode": "10", "district": "Begusarai", "dtcode": "191", "shape_length": 359204.44611728017, "shape_area": 1848491399.4705098, "ds_name": " Administrative Boundary", "src_agency": "Survey of India (SOI)", "state_name": "Bihar", "id_final": "d86"}, "geometry": {"type": "Polygon", "coordinates": [[[86.13285499108241, 25.761585033105693], [86.29448920951006, 25.63784373074825], [86.29268471471846, 25.5225811459718], [86.51412370691928, 25.41203579340152], [86.19427424198199, 25.24972571197621], [86.04735172710166, 25.391422174628342], [85.88786163782468, 25.42162251785656], [85.88969762429267, 25.499078573655154], [85.73419725771353, 25.524199147857455], [85.88066838696962, 25.664558350606338], [86.01003265698066, 25.59676979819179], [86.01069961063685, 25.723109571394648], [86.13285499108241, 25.761585033105693]]]}}, {"type": "Feature", "properties": {"id": 79, "objectid": 79, "state": "BR", "stcode": "10", "district": "Bhagalpur", "dtcode": "192", "shape_length": 384618.74083201174, "shape_area": 2459426082.0361886, "ds_name": " Administrative Boundary", "src_agency": "Survey of India (SOI)", "state_name": "Bihar", "id_final": "d87"}, "geometry": {"type": "Polygon", "coordinates": [[[87.09723899328053, 25.498663941605543], [87.10089621713834, 25.433162126836255], [87.22604826172334, 25.45357265603448], [87.26306968249168, 25.35144585012364], [87.36544209616255, 25.42457829939291], [87.52763693432324, 25.355705060437757], [87.54302066786181, 25.280980562939096], [87.48737408114704, 25.29713591754393], [87.47815338328284, 25.19432763677251], [87.3275694026935, 25.223563691103667], [87.29555165946347, 25.088484436869514], [87.17270993968025, 25.051632186167232], [86.67817792638833, 25.121267554893066], [86.73805415664334, 25.18309845558626], [86.63813303187415, 25.242833298237784], [86.85690168732548, 25.363513420095146], [86.82711284927854, 25.457432318633188], [87.09723899328053, 25.498663941605543]]]}}, {"type": "Feature", "properties": {"id": 80, "objectid": 80, "state": "BR", "stcode": "10", "district": "Bhojpur", "dtcode": "193", "shape_length": 298572.5819852343, "shape_area": 2322347786.5709214, "ds_name": " Administrative Boundary", "src_agency": "Survey of India (SOI)", "state_name": "Bihar", "id_final": "d88"}, "geometry": {"type": "Polygon", "coordinates": [[[84.68315950137978, 25.7544474126842], [84.85072961373403, 25.699254436159244], [84.72669091377851, 25.333892655188393], [84.46346435346882, 25.161007136711508], [84.3324528170386, 25.203351367281208], [84.27316925637619, 25.359972217555182], [84.3643730703117, 25.471767465470705], [84.33580280842759, 25.68573574609022], [84.68315950137978, 25.7544474126842]]]}}, {"type": "Feature", "properties": {"id": 81, "objectid": 81, "state": "BR", "stcode": "10", "district": "Buxar", "dtcode": "194", "shape_length": 281440.74691638234, "shape_area": 1634085683.633999, "ds_name": " Administrative Boundary", "src_agency": "Survey of India (SOI)", "state_name": "Bihar", "id_final": "d89"}, "geometry": {"type": "Polygon", "coordinates": [[[84.38678734630652, 25.745644602654195], [84.3278018875378, 25.668386195763546], [84.3630493304208, 25.46717410637981], [84.26817542457071, 25.353156076812287], [84.04535765850493, 25.37499275520489], [84.01489665996306, 25.261836115585748], [83.77932387671127, 25.36937691288107], [84.08919419657252, 25.713372969842037], [84.29296056600049, 25.660044753997713], [84.38678734630652, 25.745644602654195]]]}}, {"type": "Feature", "properties": {"id": 82, "objectid": 82, "state": "BR", "stcode": "10", "district": "Darbhanga", "dtcode": "195", "shape_length": 471340.50690190477, "shape_area": 2414927306.347297, "ds_name": " Administrative Boundary", "src_agency": "Survey of India (SOI)", "state_name": "Bihar", "id_final": "d90"}, "geometry": {"type": "Polygon", "coordinates": [[[85.72617621624885, 26.44315160136903], [85.83697144959021, 26.387752032341663], [85.83348872439697, 26.281871940565356], [85.99145724383881, 26.32152219732404], [86.02865612997275, 26.19391535108908], [86.24205526527324, 26.225814526961052], [86.32550092758407, 26.160732811455965], [86.4046610799528, 25.9275192738857], [86.36640887040872, 25.935379663523907], [86.31457146001776, 25.857266035493485], [86.4135515189691, 25.72124749134347], [86.22537146681371, 25.776644094412347], [86.23077598303702, 25.895729295340253], [85.72022822908589, 26.04748656945938], [85.72617621624885, 26.44315160136903]]]}}, {"type": "Feature", "properties": {"id": 83, "objectid": 83, "state": "BR", "stcode": "10", "district": "Gaya", "dtcode": "196", "shape_length": 619314.1123358213, "shape_area": 4781355796.646316, "ds_name": " Administrative Boundary", "src_agency": "Survey of India (SOI)", "state_name": "Bihar", "id_final": "d91"}, "geometry": {"type": "MultiPolygon", "coordinates": [[[[85.1835433271138, 25.071440980251733], [85.38299834579549, 24.991618803521256], [85.26688711101197, 24.744617456685575], [85.39174590217337, 24.52987198201226], [84.95407332588982, 24.371468895372484], [84.80213715555067, 24.53051427350283], [84.6650203783332, 24.390850741554086], [84.56758006773451, 24.40915131423866], [84.49624931879018, 24.286269471951737], [84.29740348198936, 24.449119953981203], [84.40312943909268, 24.572649758358278], [84.54691316347277, 24.526747282055826], [84.60257796741602, 24.655821356628177], [84.72252813611387, 24.699297798715556], [84.7356225767834, 24.794438112617858], [84.64006558669081, 24.874074472195264], [84.73994197972736, 24.962281387698777], [84.6987239503336, 25.041860895588137], [85.08933908612521, 24.992509874494797], [85.1835433271138, 25.071440980251733]]], [[[84.5222801848047, 24.267079769391888], [84.50306848279541, 24.26200672375757], [84.50914837945942, 24.283167111957116], [84.5222801848047, 24.267079769391888]]]]}}, {"type": "Feature", "properties": {"id": 84, "objectid": 84, "state": "BR", "stcode": "10", "district": "Gopalganj", "dtcode": "197", "shape_length": 347968.69793260697, "shape_area": 1964218889.0294306, "ds_name": " Administrative Boundary", "src_agency": "Survey of India (SOI)", "state_name": "Bihar", "id_final": "d92"}, "geometry": {"type": "Polygon", "coordinates": [[[84.08658309672646, 26.63907094212834], [84.41239777839178, 26.583587064882458], [84.48545034396489, 26.617803464597525], [84.5383971903105, 26.483690496095292], [84.71251740676361, 26.42701826963534], [84.89788505958155, 26.21441233034178], [84.42780321738722, 26.37457515626986], [84.27267758216466, 26.307613228893462], [83.90807573370937, 26.44706354493168], [84.08658309672646, 26.63907094212834]]]}}, {"type": "Feature", "properties": {"id": 39, "objectid": 39, "state": "AR", "stcode": "12", "district": "Pakke Kessang", "dtcode": "723", "shape_length": 292821.16620707035, "shape_area": 1840585395.6291068, "ds_name": " Administrative Boundary", "src_agency": "Survey of India (SOI)", "state_name": "Arunanchal Pradesh", "id_final": "d93"}, "geometry": {"type": "Polygon", "coordinates": [[[93.29971919676687, 27.39959132239242], [93.22121835539782, 27.203540001538755], [93.30944897739828, 27.172283556528857], [93.21293909160106, 27.116587765821], [93.38959290525487, 26.958209551279783], [93.0217655002423, 26.913436783069393], [92.59779365628022, 27.0529401167856], [92.60805307652389, 27.140243635739353], [92.74997964849419, 27.19528521649777], [93.01180441400115, 27.142609532934202], [93.08080878482463, 27.18662956249082], [93.00228657138037, 27.249685280261488], [93.29971919676687, 27.39959132239242]]]}}, {"type": "Feature", "properties": {"id": 85, "objectid": 85, "state": "BR", "stcode": "10", "district": "Jamui", "dtcode": "198", "shape_length": 403932.1838899788, "shape_area": 2981608255.656418, "ds_name": " Administrative Boundary", "src_agency": "Survey of India (SOI)", "state_name": "Bihar", "id_final": "d94"}, "geometry": {"type": "Polygon", "coordinates": [[[86.37078805037208, 25.143755382790687], [86.50646591138643, 24.984965033683906], [86.49549077780695, 24.762811612294513], [86.6190642981482, 24.660329192894377], [86.444807080683, 24.367720807520666], [86.27616114395582, 24.465860821468134], [86.32287571758906, 24.586766806260957], [86.13240769953076, 24.603362636500425], [86.10713305181292, 24.734930528598973], [85.82162906917176, 24.926969861020886], [85.92097469246872, 25.015125336146788], [86.11849819059444, 24.974102674378535], [86.14456352953663, 25.04994996077135], [86.23379543003587, 24.993326378127488], [86.37078805037208, 25.143755382790687]]]}}, {"type": "Feature", "properties": {"id": 86, "objectid": 86, "state": "BR", "stcode": "10", "district": "Jehanabad", "dtcode": "199", "shape_length": 219863.03179065534, "shape_area": 902424229.1600611, "ds_name": " Administrative Boundary", "src_agency": "Survey of India (SOI)", "state_name": "Bihar", "id_final": "d95"}, "geometry": {"type": "Polygon", "coordinates": [[[84.99613498936033, 25.318678321668354], [85.21132030551989, 25.2649613494803], [85.15417108199118, 25.23602126756462], [85.20393104356356, 25.059947624193768], [85.08933908612521, 24.992509874494797], [84.93481595018613, 24.98683745894362], [84.83027521528548, 25.14077786577853], [84.99613498936033, 25.318678321668354]]]}}, {"type": "Feature", "properties": {"id": 40, "objectid": 40, "state": "AR", "stcode": "12", "district": "Leparada", "dtcode": "724", "shape_length": 138959.55241556105, "shape_area": 750949909.3832649, "ds_name": " Administrative Boundary", "src_agency": "Survey of India (SOI)", "state_name": "Arunanchal Pradesh", "id_final": "d96"}, "geometry": {"type": "Polygon", "coordinates": [[[94.48423781255411, 28.021717096313505], [94.90387101949847, 28.0259401620017], [94.92321292254557, 27.851996647509807], [94.74596448257509, 27.772962485523284], [94.59483598699667, 27.87070712136576], [94.48423781255411, 28.021717096313505]]]}}, {"type": "Feature", "properties": {"id": 87, "objectid": 87, "state": "BR", "stcode": "10", "district": "Kaimur (Bhabua)", "dtcode": "200", "shape_length": 378099.350526564, "shape_area": 3209754183.135665, "ds_name": " Administrative Boundary", "src_agency": "Survey of India (SOI)", "state_name": "Bihar", "id_final": "d97"}, "geometry": {"type": "Polygon", "coordinates": [[[83.74511484423417, 25.400431152407904], [83.87327938461468, 25.31464269287608], [83.80571376732813, 25.211260523235584], [83.83938453313937, 25.0012012808264], [83.71577752735672, 24.836056126031984], [83.78533116062387, 24.759825704234352], [83.74169924527173, 24.569776408845932], [83.52536062162972, 24.54288583057955], [83.51802700771374, 24.68259426376797], [83.35763570089478, 24.870539198622705], [83.34980426618716, 25.184799006861333], [83.74511484423417, 25.400431152407904]]]}}, {"type": "Feature", "properties": {"id": 88, "objectid": 88, "state": "BR", "stcode": "10", "district": "Katihar", "dtcode": "201", "shape_length": 480636.26436029247, "shape_area": 2953172168.4006233, "ds_name": " Administrative Boundary", "src_agency": "Survey of India (SOI)", "state_name": "Bihar", "id_final": "d98"}, "geometry": {"type": "Polygon", "coordinates": [[[87.82826052944678, 25.879694621754073], [88.04974311657989, 25.70216712231394], [88.07706204308583, 25.506733533659563], [87.92713820084182, 25.538958372558326], [87.78709521409446, 25.449202495418213], [87.82908866670356, 25.214479492682155], [87.36544209616255, 25.42457829939291], [87.21534677625692, 25.391886035854604], [87.24752143592353, 25.71000424134136], [87.57122646254652, 25.65930814496308], [87.79143545221724, 25.74484841670547], [87.82826052944678, 25.879694621754073]]]}}, {"type": "Feature", "properties": {"id": 41, "objectid": 41, "state": "AR", "stcode": "12", "district": "Shi Yomi", "dtcode": "725", "shape_length": 235075.85834173037, "shape_area": 2532964729.7338448, "ds_name": " Administrative Boundary", "src_agency": "Survey of India (SOI)", "state_name": "Arunanchal Pradesh", "id_final": "d99"}, "geometry": {"type": "Polygon", "coordinates": [[[94.45677666652985, 28.592806756803853], [94.53621499526417, 28.58880828161343], [94.56096138847197, 28.48982270384785], [94.38613545539958, 28.335837582728384], [94.00143300100243, 28.577723964968353], [93.98670429295171, 28.803755463250965], [94.19158787107354, 29.03724919610664], [94.39565509905776, 28.932118278307744], [94.45677666652985, 28.592806756803853]]]}}, {"type": "Feature", "properties": {"id": 42, "objectid": 42, "state": "AS", "stcode": "18", "district": "Barpeta", "dtcode": "280", "shape_length": 408513.01881161274, "shape_area": 2161104090.494118, "ds_name": " Administrative Boundary", "src_agency": "Survey of India (SOI)", "state_name": "Assam", "id_final": "d100"}, "geometry": {"type": "Polygon", "coordinates": [[[91.11611400823311, 26.662553108948998], [91.26852374161284, 26.622062040320305], [91.294382009367, 26.570755106241773], [91.23740149865361, 26.180183867274355], [90.91684826567483, 26.08966996073997], [90.71450571204578, 26.130056124089844], [90.65341306172726, 26.23724842152015], [90.85976827292889, 26.36262347653528], [90.78717571909844, 26.43913000375236], [90.84093000368578, 26.55412999484133], [90.99482273043516, 26.600784497864527], [90.93539427440871, 26.480474692515717], [91.00957701422784, 26.433602897981146], [91.03444695077611, 26.535959048997963], [91.13256257750572, 26.568498719820756], [91.11611400823311, 26.662553108948998]], [[91.23590707423885, 26.606867995830495], [91.22879529268296, 26.612884807532943], [91.22517122540361, 26.608185581636807], [91.23590707423885, 26.606867995830495]]]}}, {"type": "Feature", "properties": {"id": 43, "objectid": 43, "state": "AS", "stcode": "18", "district": "Bongaigaon", "dtcode": "281", "shape_length": 302200.5714044233, "shape_area": 1085561885.5630648, "ds_name": " Administrative Boundary", "src_agency": "Survey of India (SOI)", "state_name": "Assam", "id_final": "d101"}, "geometry": {"type": "Polygon", "coordinates": [[[90.85092611134904, 26.519241758425668], [90.8034655875526, 26.30585603730471], [90.37443556808087, 26.15572331261074], [90.4837396034203, 26.295894358500654], [90.39710805675568, 26.44030631152381], [90.47706270713634, 26.46261972438337], [90.47700775927025, 26.3858851949425], [90.51957120482011, 26.50923760407905], [90.7356744643627, 26.44184423002589], [90.7747638880536, 26.530635702445696], [90.85092611134904, 26.519241758425668]]]}}, {"type": "Feature", "properties": {"id": 44, "objectid": 44, "state": "AS", "stcode": "18", "district": "Cachar", "dtcode": "282", "shape_length": 432182.0806289202, "shape_area": 3638672487.3120337, "ds_name": " Administrative Boundary", "src_agency": "Survey of India (SOI)", "state_name": "Assam", "id_final": "d102"}, "geometry": {"type": "Polygon", "coordinates": [[[92.73302689241831, 25.13951251632461], [92.83582287557864, 25.05271187821624], [93.0368934269103, 25.10481015226119], [93.06195157991617, 25.002397178751874], [93.26232791128284, 24.96865559084949], [93.19112419834107, 24.803954230007747], [93.10942868109643, 24.81147501187008], [93.03520689426438, 24.409592532084073], [92.8261478101126, 24.376415854455523], [92.78019715603862, 24.56906415321543], [92.66795505279217, 24.591166293326964], [92.68373752463464, 24.814594944402344], [92.42006262976128, 24.966262811374758], [92.4808817557255, 25.108521329240613], [92.73302689241831, 25.13951251632461]]]}}, {"type": "Feature", "properties": {"id": 45, "objectid": 45, "state": "AS", "stcode": "18", "district": "Darrang", "dtcode": "283", "shape_length": 352232.96486137074, "shape_area": 1558724505.2389944, "ds_name": " Administrative Boundary", "src_agency": "Survey of India (SOI)", "state_name": "Assam", "id_final": "d103"}, "geometry": {"type": "Polygon", "coordinates": [[[92.29198460289935, 26.637146119602207], [92.38184488942069, 26.529855123755897], [92.04016955671766, 26.272959598923006], [91.74556959047547, 26.211328973696702], [91.82988656461893, 26.586398628619335], [92.04735036662086, 26.553812519932265], [92.07075229725301, 26.49054895902667], [92.12617562294851, 26.56958738165311], [92.12160000344106, 26.593041349586347], [92.01985383842052, 26.578483588976884], [92.0860400064422, 26.659779989967593], [92.18560043710895, 26.67795395966077], [92.23467787690146, 26.57262741655009], [92.29198460289935, 26.637146119602207]]]}}, {"type": "Feature", "properties": {"id": 46, "objectid": 46, "state": "AS", "stcode": "18", "district": "Dhemaji", "dtcode": "284", "shape_length": 405138.3083489547, "shape_area": 2449922719.4877114, "ds_name": " Administrative Boundary", "src_agency": "Survey of India (SOI)", "state_name": "Assam", "id_final": "d104"}, "geometry": {"type": "Polygon", "coordinates": [[[95.50123163543465, 27.858180771827065], [95.24631831262529, 27.65648126885309], [94.99016589213018, 27.656168986546326], [94.59087783856434, 27.28005034304245], [94.52428764807605, 27.34820609437087], [94.3068770826701, 27.31916643579452], [94.24704242667393, 27.39198859164074], [94.30736457207136, 27.434627493064312], [94.23756447091382, 27.632679887803807], [94.461731803729, 27.555242436959748], [95.30876058142134, 27.868010780753877], [95.50123163543465, 27.858180771827065]]]}}, {"type": "Feature", "properties": {"id": 47, "objectid": 47, "state": "AS", "stcode": "18", "district": "Dhubri", "dtcode": "285", "shape_length": 500472.2323712048, "shape_area": 1463546037.113341, "ds_name": " Administrative Boundary", "src_agency": "Survey of India (SOI)", "state_name": "Assam", "id_final": "d105"}, "geometry": {"type": "Polygon", "coordinates": [[[90.42476567783591, 26.363718978084737], [90.48363360583893, 26.294910579108016], [90.37273626968695, 26.178426228124017], [90.25182377931053, 26.1781960868278], [90.18206922125937, 26.048845096045937], [89.84329954324534, 25.88273640378644], [89.88707699543892, 25.945201554923564], [89.70354303096863, 26.17730668352077], [89.72052845567823, 26.307842715209535], [89.82918601732226, 26.384835985434474], [89.87506722551711, 26.36276044973553], [89.85667000238044, 26.177359997164174], [90.00388000103835, 26.11733999632836], [90.15202865909811, 26.208950677509677], [90.13445980641414, 26.348401550241206], [90.26723445711325, 26.330545114500183], [90.28408466869845, 26.236649484289973], [90.42476567783591, 26.363718978084737]], [[89.81480448875892, 26.32154848516102], [89.8068411265294, 26.34900766038018], [89.78999499671775, 26.34248639312981], [89.81480448875892, 26.32154848516102]]]}}, {"type": "Feature", "properties": {"id": 48, "objectid": 48, "state": "AS", "stcode": "18", "district": "Dibrugarh", "dtcode": "286", "shape_length": 440923.8880928333, "shape_area": 3275851112.7790146, "ds_name": " Administrative Boundary", "src_agency": "Survey of India (SOI)", "state_name": "Assam", "id_final": "d106"}, "geometry": {"type": "Polygon", "coordinates": [[[95.19916874884483, 27.691603002213945], [95.31837805363489, 27.587561427370854], [95.22900805722868, 27.498861385401504], [95.24808010297023, 27.404781378037583], [95.47361016162755, 27.367382204561657], [95.45327315870281, 27.12943423167743], [95.37138442737736, 27.093406087030687], [95.2839565873878, 27.1975914091565], [95.15314183859336, 27.124271442730862], [94.97905170577361, 27.147814609777228], [94.96790094605795, 27.22715051003062], [94.8322895615623, 27.091166076423487], [94.73587654313413, 27.275497532185437], [94.59303549113184, 27.14570664332172], [94.69319330345344, 27.421712592917963], [94.99643313005727, 27.65989084397637], [95.19916874884483, 27.691603002213945]]]}}, {"type": "Feature", "properties": {"id": 49, "objectid": 49, "state": "AS", "stcode": "18", "district": "Goalpara", "dtcode": "287", "shape_length": 332354.47463919007, "shape_area": 1856877825.673855, "ds_name": " Administrative Boundary", "src_agency": "Survey of India (SOI)", "state_name": "Assam", "id_final": "d107"}, "geometry": {"type": "Polygon", "coordinates": [[[90.71398075822982, 26.130508517129577], [91.09986988974578, 26.007760038674522], [91.01601241801289, 25.884344373868245], [90.74281658836063, 25.95798710862728], [90.5136277044169, 25.896272383348713], [90.47611015402714, 26.009575256243572], [90.11587233136261, 25.962588730275982], [90.26814390178231, 26.18510765626888], [90.43952877829166, 26.14795047660405], [90.65401807855042, 26.23843932376171], [90.71398075822982, 26.130508517129577]]]}}, {"type": "Feature", "properties": {"id": 50, "objectid": 50, "state": "AS", "stcode": "18", "district": "Golaghat", "dtcode": "288", "shape_length": 587254.5327628853, "shape_area": 3157440478.3424726, "ds_name": " Administrative Boundary", "src_agency": "Survey of India (SOI)", "state_name": "Assam", "id_final": "d108"}, "geometry": {"type": "Polygon", "coordinates": [[[93.98883917196645, 26.82649695121436], [94.09737731531857, 26.642949318916195], [94.17782778084369, 26.346079922064096], [94.00107849459009, 26.172267427977385], [93.97869537504894, 25.91672929635365], [93.79547429140503, 25.80892780169392], [93.8839560670204, 26.39189557614711], [93.77489992602484, 26.38384184548162], [93.71432608289285, 26.604721018153988], [93.29508206458644, 26.5717783558083], [93.28684059280013, 26.637206754821623], [93.37730570979139, 26.746962640897614], [93.65092634681366, 26.706219572822306], [93.64871807993251, 26.788233726390008], [93.9079092247193, 26.7580740731024], [93.98883917196645, 26.82649695121436]]]}}, {"type": "Feature", "properties": {"id": 51, "objectid": 51, "state": "AS", "stcode": "18", "district": "Hailakandi", "dtcode": "289", "shape_length": 261275.98399687881, "shape_area": 1278172550.4596088, "ds_name": " Administrative Boundary", "src_agency": "Survey of India (SOI)", "state_name": "Assam", "id_final": "d109"}, "geometry": {"type": "Polygon", "coordinates": [[[92.60522294861484, 24.866086762713323], [92.68373752463464, 24.814594944402344], [92.66850750336803, 24.589622346610597], [92.7805975162064, 24.568369252493703], [92.68502089308386, 24.346921512543524], [92.46420730146382, 24.13625985239824], [92.49379671915345, 24.683300619976656], [92.60522294861484, 24.866086762713323]]]}}, {"type": "Feature", "properties": {"id": 52, "objectid": 52, "state": "AS", "stcode": "18", "district": "Jorhat", "dtcode": "290", "shape_length": 338387.44059792813, "shape_area": 1780630670.1195645, "ds_name": " Administrative Boundary", "src_agency": "Survey of India (SOI)", "state_name": "Assam", "id_final": "d110"}, "geometry": {"type": "Polygon", "coordinates": [[[93.97314086219836, 26.79726150548984], [94.47400520246381, 26.935617376779785], [94.6029778855884, 26.71152475483776], [94.46028390024401, 26.661630130421678], [94.31662226910532, 26.45832370502549], [94.25633679101344, 26.541223416042108], [94.13763297718354, 26.348826762470342], [94.09781950729196, 26.641970142015175], [93.97314086219836, 26.79726150548984]]]}}, {"type": "Feature", "properties": {"id": 53, "objectid": 53, "state": "AS", "stcode": "18", "district": "Kamrup", "dtcode": "291", "shape_length": 507420.0520224483, "shape_area": 3005667841.9919066, "ds_name": " Administrative Boundary", "src_agency": "Survey of India (SOI)", "state_name": "Assam", "id_final": "d111"}, "geometry": {"type": "Polygon", "coordinates": [[[91.5804921902111, 26.509877224835677], [91.63002241236926, 26.446315456695785], [91.77985606507728, 26.4818109346498], [91.822089976319, 26.370432749419624], [91.75577177217315, 26.205931492070047], [91.5615933777957, 26.14089831566089], [91.56941970215628, 26.05910671066816], [91.72308316212671, 26.035443006536948], [91.71345159857495, 25.944063319876424], [91.65137222359498, 25.906395864455394], [91.57984128750842, 26.033247804481526], [91.47480885303598, 25.874021113409146], [91.52658590796202, 25.891073656828492], [91.53043365001263, 25.871253983638397], [91.33535490277882, 25.840544227456558], [91.22245406761304, 25.72256326176803], [91.19574724601019, 25.861108931967244], [91.00601459949833, 25.82038332650991], [91.10004314898539, 26.00929641702007], [90.9358829492804, 26.09257898663965], [91.21274706914437, 26.179913677415875], [91.41425493395789, 26.136121160096057], [91.41265387536252, 26.265567889302414], [91.52488961797896, 26.33668534309741], [91.5804921902111, 26.509877224835677]]]}}, {"type": "Feature", "properties": {"id": 54, "objectid": 54, "state": "AS", "stcode": "18", "district": "Karbi Anglong", "dtcode": "292", "shape_length": 789907.4035291461, "shape_area": 7052769812.46202, "ds_name": " Administrative Boundary", "src_agency": "Survey of India (SOI)", "state_name": "Assam", "id_final": "d112"}, "geometry": {"type": "Polygon", "coordinates": [[[93.7019027183453, 26.607074913508374], [93.77489992602484, 26.38384184548162], [93.89425000905364, 26.37173069648679], [93.80426361952415, 25.979826627107485], [93.49655264556986, 25.654533566452542], [93.21021006053472, 25.542944962670887], [93.13180753166925, 25.686221854127027], [93.24418529133317, 25.82961104885135], [93.10833346704551, 26.078323865859886], [92.79359913982336, 26.219507705094447], [92.94309846843655, 26.327208733461706], [92.90189457068095, 26.401439290929513], [93.11812088642604, 26.441606926197053], [93.10387779569947, 26.44865921912255], [93.12827634883008, 26.464083771622494], [93.12528606097052, 26.495705511929486], [93.00864735537507, 26.481206763415937], [93.05911935062363, 26.54437065373421], [93.29144914471395, 26.504548215382577], [93.25074322602504, 26.569773265544914], [93.7019027183453, 26.607074913508374]]]}}, {"type": "Feature", "properties": {"id": 55, "objectid": 55, "state": "AS", "stcode": "18", "district": "Karimganj", "dtcode": "293", "shape_length": 251566.6082969181, "shape_area": 1743593347.0350225, "ds_name": " Administrative Boundary", "src_agency": "Survey of India (SOI)", "state_name": "Assam", "id_final": "d113"}, "geometry": {"type": "Polygon", "coordinates": [[[92.23287316797354, 24.900146090574225], [92.58632869695136, 24.86112228094873], [92.4322862880993, 24.255251698113927], [92.21287240337303, 24.249926838079908], [92.29599230132877, 24.736452617015868], [92.23287316797354, 24.900146090574225]]]}}, {"type": "Feature", "properties": {"id": 56, "objectid": 56, "state": "AS", "stcode": "18", "district": "Kokrajhar", "dtcode": "294", "shape_length": 391937.48259890656, "shape_area": 3037073800.431767, "ds_name": " Administrative Boundary", "src_agency": "Survey of India (SOI)", "state_name": "Assam", "id_final": "d114"}, "geometry": {"type": "MultiPolygon", "coordinates": [[[[90.3375092541102, 26.869427090767537], [90.38116849138954, 26.268643370829643], [90.28408466869845, 26.236649484289973], [90.26723445711325, 26.330545114500183], [90.13473176833168, 26.348491300133773], [90.15202865909811, 26.208950677509677], [89.92192742179846, 26.121730206279803], [89.85667000238044, 26.177359997164174], [89.90443741796514, 26.336381845109635], [89.8280737107689, 26.394512651539927], [89.85897649657666, 26.73489681968904], [90.13987973635473, 26.753618523579373], [90.3375092541102, 26.869427090767537]]], [[[90.40170607253685, 26.442314651551154], [90.40453000287737, 26.443019998056442], [90.40517019378798, 26.442017037450764], [90.40170607253685, 26.442314651551154]]]]}}, {"type": "Feature", "properties": {"id": 57, "objectid": 57, "state": "AS", "stcode": "18", "district": "Lakhimpur", "dtcode": "295", "shape_length": 367286.83707389334, "shape_area": 2819906483.488561, "ds_name": " Administrative Boundary", "src_agency": "Survey of India (SOI)", "state_name": "Assam", "id_final": "d115"}, "geometry": {"type": "Polygon", "coordinates": [[[94.27880816682743, 27.487089370370008], [94.3068770826701, 27.31916643579452], [94.61353734713727, 27.306903544781328], [94.57322596906802, 27.185875833229556], [93.78861723359182, 26.829490465924756], [93.69778211057138, 26.994179919167923], [93.83567088670807, 27.07429747468644], [93.79477051473629, 27.13604721938229], [94.15666608640554, 27.474857510497536], [94.27880816682743, 27.487089370370008]]]}}, {"type": "Feature", "properties": {"id": 58, "objectid": 58, "state": "AS", "stcode": "18", "district": "Marigaon", "dtcode": "296", "shape_length": 225753.46844832195, "shape_area": 1498413668.5322042, "ds_name": " Administrative Boundary", "src_agency": "Survey of India (SOI)", "state_name": "Assam", "id_final": "d116"}, "geometry": {"type": "Polygon", "coordinates": [[[92.4196886491475, 26.51199016164935], [92.43979000664503, 26.37020998819679], [92.58216000713199, 26.34693998796035], [92.41912889277255, 26.269901788496075], [92.36288575408115, 26.07758195535729], [92.1780696949785, 26.06855271490784], [92.16693732491741, 26.1640095208465], [91.957722772031, 26.231007517829497], [92.15860348687264, 26.413834510834814], [92.4196886491475, 26.51199016164935]]]}}, {"type": "Feature", "properties": {"id": 59, "objectid": 59, "state": "AS", "stcode": "18", "district": "Nagaon", "dtcode": "297", "shape_length": 595039.8567788578, "shape_area": 2467166643.4797826, "ds_name": " Administrative Boundary", "src_agency": "Survey of India (SOI)", "state_name": "Assam", "id_final": "d117"}, "geometry": {"type": "Polygon", "coordinates": [[[93.31378502733847, 26.687806744438646], [93.23486273248061, 26.553704059675564], [93.27313382078977, 26.545485544439067], [93.26391444507145, 26.52742244275297], [93.28783123586011, 26.52063570281223], [93.29194123226598, 26.50464339359869], [93.0600018180334, 26.54473480198747], [93.00864735537507, 26.481206763415937], [93.12528606097052, 26.495705511929486], [93.11812088642604, 26.441606926197053], [93.04383214058876, 26.437222590483895], [92.8833020732269, 26.38355377252449], [92.94541738227664, 26.331862865078737], [92.7058733831684, 26.142229097918914], [92.71339169919223, 26.018147179781483], [92.55286649367551, 25.965395784110157], [92.57241444316975, 26.115866796216224], [92.39522298510515, 26.113480720581638], [92.41912889277255, 26.269901788496075], [92.58216000713199, 26.34693998796035], [92.43979000664503, 26.37020998819679], [92.41900310529026, 26.516980622648088], [92.75085652245772, 26.5114047369922], [92.95119803919424, 26.62040260011012], [93.10983105189352, 26.57800730602285], [93.31378502733847, 26.687806744438646]]]}}, {"type": "Feature", "properties": {"id": 60, "objectid": 60, "state": "AS", "stcode": "18", "district": "Nalbari", "dtcode": "298", "shape_length": 232334.91176583627, "shape_area": 1013199777.696762, "ds_name": " Administrative Boundary", "src_agency": "Survey of India (SOI)", "state_name": "Assam", "id_final": "d118"}, "geometry": {"type": "Polygon", "coordinates": [[[91.56362584643155, 26.534862538485065], [91.41425493395789, 26.136121160096057], [91.22218428563558, 26.179318267553366], [91.24799161106785, 26.538324973844734], [91.56362584643155, 26.534862538485065]]]}}, {"type": "Feature", "properties": {"id": 61, "objectid": 61, "state": "AS", "stcode": "18", "district": "Dima Hasao", "dtcode": "299", "shape_length": 498170.6544892446, "shape_area": 4698216626.981192, "ds_name": " Administrative Boundary", "src_agency": "Survey of India (SOI)", "state_name": "Assam", "id_final": "d119"}, "geometry": {"type": "Polygon", "coordinates": [[[93.00669071533275, 25.82483994989822], [93.14644438331771, 25.738318187136134], [93.20771366972666, 25.54418143401624], [93.35012281918925, 25.532248737584297], [93.4732397583282, 25.385210990401685], [93.2447916924337, 24.97032806051583], [93.06195157991617, 25.002397178751874], [93.0360887699744, 25.10502490533888], [92.83582287557864, 25.05271187821624], [92.75278596876362, 25.1390207559854], [92.61954427324567, 25.102409469563966], [92.52309785623122, 25.125970833985427], [92.8029146654295, 25.216172576652067], [92.78179806284842, 25.333182884348915], [92.56440753699022, 25.473689543248607], [92.82094543890388, 25.741448184194955], [93.00669071533275, 25.82483994989822]]]}}, {"type": "Feature", "properties": {"id": 62, "objectid": 62, "state": "AS", "stcode": "18", "district": "Sivasagar", "dtcode": "300", "shape_length": 270562.73420834047, "shape_area": 1516852717.1292205, "ds_name": " Administrative Boundary", "src_agency": "Survey of India (SOI)", "state_name": "Assam", "id_final": "d120"}, "geometry": {"type": "Polygon", "coordinates": [[[94.74495271768325, 27.24542098040207], [94.83678153500328, 27.091880489660625], [94.73384518570043, 26.932590409221675], [94.9418267244329, 26.959437523352523], [94.61932920109959, 26.711984511712185], [94.39528286992807, 26.954927037816788], [94.6419919263984, 27.246748346355265], [94.74495271768325, 27.24542098040207]]]}}, {"type": "Feature", "properties": {"id": 63, "objectid": 63, "state": "AS", "stcode": "18", "district": "Sonitpur", "dtcode": "301", "shape_length": 302034.94266775856, "shape_area": 3318539503.918358, "ds_name": " Administrative Boundary", "src_agency": "Survey of India (SOI)", "state_name": "Assam", "id_final": "d121"}, "geometry": {"type": "Polygon", "coordinates": [[[92.76322280375874, 27.027313556212277], [93.06158396484534, 26.922026127225692], [93.14502876823177, 26.59170927344333], [92.34419649988887, 26.50463906296019], [92.40722486650712, 26.63819621813791], [92.33679871733571, 26.669339421338847], [92.31314565992334, 26.925145572858916], [92.76322280375874, 27.027313556212277]]]}}, {"type": "Feature", "properties": {"id": 64, "objectid": 64, "state": "AS", "stcode": "18", "district": "Tinsukia", "dtcode": "302", "shape_length": 418235.74896268995, "shape_area": 3677158694.3341923, "ds_name": " Administrative Boundary", "src_agency": "Survey of India (SOI)", "state_name": "Assam", "id_final": "d122"}, "geometry": {"type": "Polygon", "coordinates": [[[95.96985663908666, 27.959648003173175], [95.75236853322069, 27.723829486064638], [95.87664896466875, 27.54428313414541], [95.84450664595653, 27.421584483863803], [96.01787644820398, 27.369426918732255], [95.89243147597612, 27.255284081438518], [95.45101570630332, 27.231399203700327], [95.47361016162755, 27.367382204561657], [95.22038200773973, 27.44261626225991], [95.31837805363489, 27.587561427370854], [95.27370430673155, 27.689317548821034], [95.57193102322248, 27.938515649413084], [95.96985663908666, 27.959648003173175]]]}}, {"type": "Feature", "properties": {"id": 65, "objectid": 65, "state": "AS", "stcode": "18", "district": "Chirang", "dtcode": "612", "shape_length": 284127.9341624141, "shape_area": 1871154078.6739492, "ds_name": " Administrative Boundary", "src_agency": "Survey of India (SOI)", "state_name": "Assam", "id_final": "d123"}, "geometry": {"type": "Polygon", "coordinates": [[[90.64573079525877, 26.7777785345126], [90.95712494537588, 26.781933041024168], [90.85384364627154, 26.528611072247806], [90.7356744643627, 26.44184423002589], [90.51957120482011, 26.50923760407905], [90.4763899474658, 26.385818497158944], [90.34812885963812, 26.560896411436218], [90.3375092541102, 26.869427090767537], [90.41750437413592, 26.904515744586202], [90.64573079525877, 26.7777785345126]]]}}, {"type": "Feature", "properties": {"id": 66, "objectid": 66, "state": "AS", "stcode": "18", "district": "Baksa", "dtcode": "616", "shape_length": 463674.6745895705, "shape_area": 2377931914.0295753, "ds_name": " Administrative Boundary", "src_agency": "Survey of India (SOI)", "state_name": "Assam", "id_final": "d124"}, "geometry": {"type": "MultiPolygon", "coordinates": [[[[90.95928237550656, 26.784483294835713], [91.7047241407521, 26.812934986240975], [91.80847997644025, 26.482629657200516], [91.62503857469568, 26.44724270439211], [91.56355660464624, 26.57398339571666], [91.29393878578696, 26.4927625947038], [91.26852374161284, 26.622062040320305], [91.11093427949179, 26.662987804093117], [91.13256257750572, 26.568498719820756], [90.97895605516584, 26.42641568168133], [90.99482273043516, 26.600784497864527], [90.86968890207373, 26.576850973150613], [90.95928237550656, 26.784483294835713]]], [[[91.22879529268296, 26.612884807532943], [91.23590707423885, 26.606867995830495], [91.22517122540361, 26.608185581636807], [91.22879529268296, 26.612884807532943]]]]}}, {"type": "Feature", "properties": {"id": 67, "objectid": 67, "state": "AS", "stcode": "18", "district": "Udalguri", "dtcode": "617", "shape_length": 402292.5802536571, "shape_area": 1907593733.7525022, "ds_name": " Administrative Boundary", "src_agency": "Survey of India (SOI)", "state_name": "Assam", "id_final": "d125"}, "geometry": {"type": "Polygon", "coordinates": [[[92.32661384381525, 26.908482648469327], [92.33679871733571, 26.669339421338847], [92.40722486650712, 26.63819621813791], [92.35883441244428, 26.56730015721913], [92.27151823431782, 26.675891340684515], [92.2306373220153, 26.573690276729245], [92.18560043710895, 26.67795395966077], [92.01985383842052, 26.578483588976884], [92.12160000344106, 26.593041349586347], [92.08832931122748, 26.494288799726146], [91.8398691139968, 26.590011880812682], [91.839074625313, 26.518358884000698], [91.77788774583104, 26.51281542133517], [91.7047241407521, 26.812934986240975], [91.89173635336817, 26.919062682991033], [92.05672471981546, 26.84738503745626], [92.32661384381525, 26.908482648469327]]]}}, {"type": "Feature", "properties": {"id": 68, "objectid": 68, "state": "AS", "stcode": "18", "district": "Kamrup Metro", "dtcode": "618", "shape_length": 201165.19311607684, "shape_area": 904438977.2860676, "ds_name": " Administrative Boundary", "src_agency": "Survey of India (SOI)", "state_name": "Assam", "id_final": "d126"}, "geometry": {"type": "Polygon", "coordinates": [[[91.95292219763715, 26.2542783749136], [92.16693732491741, 26.1640095208465], [92.17600066510937, 26.077958547906878], [91.92027285324232, 25.997755333737324], [91.82727940745305, 26.11913954374897], [91.72263488452936, 26.035071053774022], [91.56802201565566, 26.060256158391383], [91.56473256999863, 26.14930403265275], [91.95292219763715, 26.2542783749136]]]}}, {"type": "Feature", "properties": {"id": 69, "objectid": 69, "state": "AS", "stcode": "18", "district": "Biswanath", "dtcode": "705", "shape_length": 226362.28507382263, "shape_area": 1720849425.7672482, "ds_name": " Administrative Boundary", "src_agency": "Survey of India (SOI)", "state_name": "Assam", "id_final": "d127"}, "geometry": {"type": "Polygon", "coordinates": [[[93.69817131851418, 26.993755405055982], [93.78948342318135, 26.860973709871796], [93.64871807993251, 26.788233726390008], [93.67051886041425, 26.712087517796448], [93.37206818876874, 26.745861421546277], [93.14502876823177, 26.59170927344333], [93.06158396484534, 26.922026127225692], [93.69817131851418, 26.993755405055982]]]}}, {"type": "Feature", "properties": {"id": 70, "objectid": 70, "state": "AS", "stcode": "18", "district": "Majuli", "dtcode": "706", "shape_length": 260525.9322656163, "shape_area": 1187708322.934511, "ds_name": " Administrative Boundary", "src_agency": "Survey of India (SOI)", "state_name": "Assam", "id_final": "d128"}, "geometry": {"type": "Polygon", "coordinates": [[[94.57369170976759, 27.17188140985168], [94.30846499246796, 26.861515805675808], [93.9079092247193, 26.7580740731024], [93.64871807993251, 26.788233726390008], [94.57369170976759, 27.17188140985168]]]}}, {"type": "Feature", "properties": {"id": 71, "objectid": 71, "state": "AS", "stcode": "18", "district": "South Salmara Mancachar", "dtcode": "707", "shape_length": 233304.40666451625, "shape_area": 658301800.8739126, "ds_name": " Administrative Boundary", "src_agency": "Survey of India (SOI)", "state_name": "Assam", "id_final": "d129"}, "geometry": {"type": "Polygon", "coordinates": [[[90.15316861854595, 26.048888627058677], [90.18750987213826, 26.001391958961285], [89.89473928370633, 25.744968624313646], [90.02025032957326, 25.607487025049707], [89.85207017667054, 25.466714450277717], [89.83257264673378, 25.870605518693647], [90.15316861854595, 26.048888627058677]]]}}, {"type": "Feature", "properties": {"id": 72, "objectid": 72, "state": "AS", "stcode": "18", "district": "Charaideo", "dtcode": "708", "shape_length": 228074.79488845041, "shape_area": 1031380954.8165023, "ds_name": " Administrative Boundary", "src_agency": "Survey of India (SOI)", "state_name": "Assam", "id_final": "d130"}, "geometry": {"type": "Polygon", "coordinates": [[[95.28721175332743, 27.19735442199508], [95.37198247903409, 27.112730493163433], [95.24809925190354, 27.024551556761125], [94.98701836441552, 26.913590431375653], [94.92661980303221, 26.99320677364604], [94.73384518570043, 26.932590409221675], [94.96790094605795, 27.22715051003062], [94.97761091204387, 27.14813640919483], [95.11452082633829, 27.12731414715705], [95.28721175332743, 27.19735442199508]]]}}, {"type": "Feature", "properties": {"id": 73, "objectid": 73, "state": "AS", "stcode": "18", "district": "Hojai", "dtcode": "709", "shape_length": 251494.81569915765, "shape_area": 1401255520.5063198, "ds_name": " Administrative Boundary", "src_agency": "Survey of India (SOI)", "state_name": "Assam", "id_final": "d131"}, "geometry": {"type": "Polygon", "coordinates": [[[92.88766517229274, 26.20523989241218], [93.10833346704551, 26.078323865859886], [93.24086226251589, 25.84629267766047], [93.2265288609867, 25.727456158875913], [92.7627169193555, 25.96070542326542], [92.7058733831684, 26.142229097918914], [92.88766517229274, 26.20523989241218]]]}}, {"type": "Feature", "properties": {"id": 74, "objectid": 74, "state": "AS", "stcode": "18", "district": "West Karbi Anglong", "dtcode": "710", "shape_length": 430020.72235269804, "shape_area": 2957349361.427882, "ds_name": " Administrative Boundary", "src_agency": "Survey of India (SOI)", "state_name": "Assam", "id_final": "d132"}, "geometry": {"type": "Polygon", "coordinates": [[[92.52238960691268, 26.1519914846927], [92.59568475123427, 26.08076058290338], [92.55132107549859, 25.966047615401997], [92.7478938544148, 26.061625296110385], [92.80049119827267, 25.91863771582113], [92.98200411411555, 25.875552149700777], [93.07375787257695, 25.77918950900515], [92.9291734761721, 25.806993153075805], [92.74921413195753, 25.599003561694342], [92.58448028743662, 25.55035853704572], [92.38431803588051, 25.754462801874347], [92.15713369215104, 25.671447197743653], [92.22556189741923, 25.909168655069838], [92.16421099851748, 25.97027591744861], [92.52238960691268, 26.1519914846927]]]}}, {"type": "Feature", "properties": {"id": 89, "objectid": 89, "state": "BR", "stcode": "10", "district": "Khagaria", "dtcode": "202", "shape_length": 291450.10719574254, "shape_area": 1436456255.2732165, "ds_name": " Administrative Boundary", "src_agency": "Survey of India (SOI)", "state_name": "Bihar", "id_final": "d133"}, "geometry": {"type": "Polygon", "coordinates": [[[86.42103988342453, 25.72118304039904], [86.58482945534574, 25.590456661643163], [86.72457738416055, 25.66296526678277], [86.8385899771753, 25.617395130382], [86.85690168732548, 25.363513420095146], [86.7784875326664, 25.275437863879937], [86.64720537358185, 25.273436639697536], [86.56874343159076, 25.49369238528837], [86.50338811587466, 25.42159112211083], [86.29268471471846, 25.5225811459718], [86.29192754286973, 25.654313989391966], [86.42103988342453, 25.72118304039904]]]}}, {"type": "Feature", "properties": {"id": 90, "objectid": 90, "state": "BR", "stcode": "10", "district": "Kishanganj", "dtcode": "203", "shape_length": 415848.7514241587, "shape_area": 1905886127.5218377, "ds_name": " Administrative Boundary", "src_agency": "Survey of India (SOI)", "state_name": "Bihar", "id_final": "d134"}, "geometry": {"type": "MultiPolygon", "coordinates": [[[[88.23619203221274, 26.55325041517461], [88.18262600684234, 26.504147940770988], [88.3004304395484, 26.349915567440355], [87.97519239932286, 26.143015518678293], [87.98235526080342, 26.07264582282663], [87.86188199306989, 26.03398374289135], [87.86848684884424, 26.1056740231317], [87.68454740847734, 26.102251527517176], [87.61093560221825, 26.345940186643194], [87.67755794582105, 26.4354560956758], [87.88835791500955, 26.4867087690106], [88.03050431014991, 26.364922205949014], [88.10961477181434, 26.548743722507023], [88.23619203221274, 26.55325041517461]]], [[[87.8141571488474, 25.974810466521983], [87.84810147833048, 25.969457106666102], [87.8344638373249, 25.930238653405798], [87.8141571488474, 25.974810466521983]]], [[[87.84670726529052, 26.023757995106124], [87.85110513581934, 25.99803702518141], [87.83818615529685, 25.99598468289821], [87.84670726529052, 26.023757995106124]]]]}}, {"type": "Feature", "properties": {"id": 91, "objectid": 91, "state": "BR", "stcode": "10", "district": "Lakhisarai", "dtcode": "204", "shape_length": 224744.06389572908, "shape_area": 1170702304.9765232, "ds_name": " Administrative Boundary", "src_agency": "Survey of India (SOI)", "state_name": "Bihar", "id_final": "d135"}, "geometry": {"type": "Polygon", "coordinates": [[[86.06272172598129, 25.332560767629406], [86.19427424198199, 25.24972571197621], [86.35281065864282, 25.299400887831144], [86.39075226135782, 25.228356333295334], [86.23379543003587, 24.993326378127488], [86.14456352953663, 25.04994996077135], [86.11849819059444, 24.974102674378535], [85.98017701891304, 24.990445059199264], [86.01644824595486, 25.211406452849225], [85.90472821818284, 25.28574963773949], [86.06272172598129, 25.332560767629406]]]}}, {"type": "Feature", "properties": {"id": 92, "objectid": 92, "state": "BR", "stcode": "10", "district": "Madhepura", "dtcode": "205", "shape_length": 334907.4259789969, "shape_area": 1733700194.942164, "ds_name": " Administrative Boundary", "src_agency": "Survey of India (SOI)", "state_name": "Bihar", "id_final": "d136"}, "geometry": {"type": "Polygon", "coordinates": [[[86.75287620728933, 26.116661978167688], [87.1222181690036, 26.043568839763633], [86.98982590839027, 25.945464884418897], [87.06927024508853, 25.469513785519677], [86.81117691632542, 25.45619477790817], [86.8743372229435, 25.815914490964907], [86.61605895188538, 25.97692995276472], [86.75287620728933, 26.116661978167688]]]}}, {"type": "Feature", "properties": {"id": 93, "objectid": 93, "state": "BR", "stcode": "10", "district": "Madhubani", "dtcode": "206", "shape_length": 477060.96091620077, "shape_area": 3374213839.4355836, "ds_name": " Administrative Boundary", "src_agency": "Survey of India (SOI)", "state_name": "Bihar", "id_final": "d137"}, "geometry": {"type": "Polygon", "coordinates": [[[86.02821822224995, 26.666517197766083], [86.54154944314584, 26.5387226300121], [86.70935539648781, 26.377975201798307], [86.40501186546685, 26.20215106203839], [86.53971025149707, 26.147775024363114], [86.38797313341338, 26.0336804249514], [86.25180300524185, 26.22389666873719], [86.04468104357188, 26.190521669058736], [85.99145724383881, 26.32152219732404], [85.81626349502827, 26.293964852553003], [85.83979740811147, 26.381545307858072], [85.75048231877047, 26.4712233070855], [85.81164142494916, 26.468482573078855], [85.75837693505015, 26.49810751291174], [85.81739851126086, 26.603102121680124], [86.02821822224995, 26.666517197766083]]]}}, {"type": "Feature", "properties": {"id": 94, "objectid": 94, "state": "BR", "stcode": "10", "district": "Munger", "dtcode": "207", "shape_length": 265746.911620132, "shape_area": 1356940969.4276757, "ds_name": " Administrative Boundary", "src_agency": "Survey of India (SOI)", "state_name": "Bihar", "id_final": "d138"}, "geometry": {"type": "Polygon", "coordinates": [[[86.55986244765477, 25.494268412483915], [86.6445821052283, 25.276290993767613], [86.7280643920448, 25.24640326465028], [86.63938272971514, 25.24344639765224], [86.63946733411937, 25.228196943235556], [86.73805415664334, 25.18309845558626], [86.58632670149406, 24.944921878435363], [86.38429005016101, 25.05713994836047], [86.35281065864282, 25.299400887831144], [86.260821339805, 25.28571533452316], [86.55986244765477, 25.494268412483915]]]}}, {"type": "Feature", "properties": {"id": 95, "objectid": 95, "state": "BR", "stcode": "10", "district": "Muzaffarpur", "dtcode": "208", "shape_length": 423078.5376519842, "shape_area": 3060042309.1929607, "ds_name": " Administrative Boundary", "src_agency": "Survey of India (SOI)", "state_name": "Bihar", "id_final": "d139"}, "geometry": {"type": "Polygon", "coordinates": [[[85.58217948250594, 26.3839799751655], [85.71575096305534, 26.292398582310074], [85.76441826154449, 26.142456537966087], [85.63976376566727, 25.921960567659013], [84.93682114573792, 26.02448915576903], [84.90226659733602, 26.325947053693312], [85.17987766943416, 26.3408317928207], [85.20323036687059, 26.284844474030372], [85.27408978766981, 26.334889686986077], [85.22146757266836, 26.350291521294146], [85.22565090194284, 26.371299953150793], [85.43739234739004, 26.269264744318917], [85.58217948250594, 26.3839799751655]]]}}, {"type": "Feature", "properties": {"id": 96, "objectid": 96, "state": "BR", "stcode": "10", "district": "Nalanda", "dtcode": "209", "shape_length": 383814.8342203904, "shape_area": 2263906599.4356065, "ds_name": " Administrative Boundary", "src_agency": "Survey of India (SOI)", "state_name": "Bihar", "id_final": "d140"}, "geometry": {"type": "Polygon", "coordinates": [[[85.17866391217086, 25.402144132967027], [85.57521515836262, 25.421248878418933], [85.64123825060842, 25.31355373392937], [85.71805453960924, 25.361754676561], [85.90301262164033, 25.258360710585826], [85.70096488442181, 25.263725138664263], [85.72901158224519, 25.193803124666687], [85.55734511910087, 24.98531621391138], [85.23758652890942, 25.007108031882332], [85.15326774063473, 25.097130222052808], [85.17866391217086, 25.402144132967027]]]}}, {"type": "Feature", "properties": {"id": 97, "objectid": 97, "state": "BR", "stcode": "10", "district": "Nawada", "dtcode": "210", "shape_length": 375808.15837177413, "shape_area": 2396744684.022766, "ds_name": " Administrative Boundary", "src_agency": "Survey of India (SOI)", "state_name": "Bihar", "id_final": "d141"}, "geometry": {"type": "Polygon", "coordinates": [[[85.68202594546467, 25.11010892201933], [86.05531182912958, 24.779685425639123], [85.94538830346941, 24.732891008448032], [85.73597875300305, 24.82057943984226], [85.66804076212527, 24.578969735678502], [85.32051518298299, 24.556186288280824], [85.32985568974777, 24.71222966403831], [85.26688711101197, 24.744617456685575], [85.3302624158593, 24.880808583600484], [85.68202594546467, 25.11010892201933]]]}}, {"type": "Feature", "properties": {"id": 98, "objectid": 98, "state": "BR", "stcode": "10", "district": "Pashchim Champaran", "dtcode": "211", "shape_length": 488759.1873034042, "shape_area": 5040417440.09238, "ds_name": " Administrative Boundary", "src_agency": "Survey of India (SOI)", "state_name": "Bihar", "id_final": "d142"}, "geometry": {"type": "Polygon", "coordinates": [[[84.10870893689291, 27.52177747445656], [84.2923824738987, 27.38481155215116], [84.62189321951236, 27.336927334144384], [84.68973343987113, 27.222661241816233], [84.64283268803358, 27.047334493509986], [84.76026785559135, 27.002259983919092], [84.67876415483721, 26.91363097690935], [84.72806268384711, 26.74271981733219], [84.52398238987227, 26.598879260063963], [84.41239777839178, 26.583587064882458], [84.41064069357525, 26.67013134293803], [84.24913585940844, 26.729635131263937], [84.2439992746627, 26.86297197987073], [84.06055186771245, 26.88784100846563], [84.03039833839283, 27.097606163216874], [83.94653206999065, 27.090798137279094], [83.9942339029877, 27.175194485303383], [83.93308037362709, 27.311042198744452], [83.83677586506133, 27.322220856626615], [83.84725916741202, 27.44563630869085], [84.02692714479699, 27.43354075561624], [84.10870893689291, 27.52177747445656]], [[84.69736903413808, 26.774348037696743], [84.70260656838917, 26.77005861905368], [84.69916021313321, 26.7746739951385], [84.69736903413808, 26.774348037696743]], [[84.69767471346225, 26.760827303734565], [84.70034861095661, 26.762684238658146], [84.69815007388634, 26.764859464910707], [84.69767471346225, 26.760827303734565]]]}}, {"type": "Feature", "properties": {"id": 99, "objectid": 99, "state": "BR", "stcode": "10", "district": "Patna", "dtcode": "212", "shape_length": 573807.0521937956, "shape_area": 3097316129.944569, "ds_name": " Administrative Boundary", "src_agency": "Survey of India (SOI)", "state_name": "Bihar", "id_final": "d143"}, "geometry": {"type": "Polygon", "coordinates": [[[84.99556563026216, 25.73008510918311], [85.3121247622767, 25.511162294540767], [85.4945332662082, 25.54609926444355], [85.64257542632167, 25.459737332394262], [85.80994055276209, 25.54402202947834], [86.0688906064761, 25.335582092147245], [85.86394417482597, 25.278870628998575], [85.69935966216013, 25.364037903490633], [85.64830078728434, 25.31092140705475], [85.57521515836262, 25.421248878418933], [85.40162743383324, 25.45870443318513], [85.17879284647931, 25.402451114488876], [85.11196634899005, 25.269975578191602], [84.99480424549125, 25.319514498167976], [84.72602056367025, 25.205340161901315], [84.79060335764639, 25.246095319807246], [84.68676257669212, 25.261357523076942], [84.82317358539181, 25.67278388630946], [84.99556563026216, 25.73008510918311]]]}}, {"type": "Feature", "properties": {"id": 100, "objectid": 100, "state": "BR", "stcode": "10", "district": "Purbi Champaran", "dtcode": "213", "shape_length": 479310.9772513354, "shape_area": 3825639116.230368, "ds_name": " Administrative Boundary", "src_agency": "Survey of India (SOI)", "state_name": "Bihar", "id_final": "d144"}, "geometry": {"type": "MultiPolygon", "coordinates": [[[[84.82325516643382, 27.020527542431832], [85.0239702044283, 26.854377254234947], [85.19193709526662, 26.868706740960363], [85.27607597507433, 26.63071445848752], [85.1785098644756, 26.487507246484217], [85.2828252616481, 26.395693886922], [85.21895424071465, 26.364736819992796], [85.26093771017219, 26.298622925700283], [85.0450916839638, 26.342016291126942], [84.86900339400346, 26.256729072465667], [84.70680714141457, 26.43125464629557], [84.5383971903105, 26.483690496095292], [84.49145434048239, 26.604860842447774], [84.72776310641653, 26.742289955188696], [84.67876415483721, 26.91363097690935], [84.82325516643382, 27.020527542431832]]], [[[84.69815007388634, 26.764859464910707], [84.70005151100993, 26.760296746638932], [84.69767471346225, 26.760827303734565], [84.69815007388634, 26.764859464910707]]], [[[84.70118048950037, 26.773878254624087], [84.69866291567423, 26.768739823222003], [84.6976152936957, 26.774567896629097], [84.70118048950037, 26.773878254624087]]]]}}, {"type": "Feature", "properties": {"id": 101, "objectid": 101, "state": "BR", "stcode": "10", "district": "Purnia", "dtcode": "214", "shape_length": 457970.4000814875, "shape_area": 3100685074.5653486, "ds_name": " Administrative Boundary", "src_agency": "Survey of India (SOI)", "state_name": "Bihar", "id_final": "d145"}, "geometry": {"type": "Polygon", "coordinates": [[[87.71784206494581, 26.11439204372761], [87.87311443210945, 26.095512354390575], [87.80664910837343, 25.76021568500161], [87.57122646254652, 25.65930814496308], [87.25915511527207, 25.717200007009325], [87.23189500519527, 25.46205272965983], [87.08244681014027, 25.44288679538241], [86.98982590839027, 25.945464884418897], [87.51850752569531, 25.973693205443272], [87.71784206494581, 26.11439204372761]]]}}, {"type": "Feature", "properties": {"id": 102, "objectid": 102, "state": "BR", "stcode": "10", "district": "Rohtas", "dtcode": "215", "shape_length": 407943.67200951773, "shape_area": 3726411301.366514, "ds_name": " Administrative Boundary", "src_agency": "Survey of India (SOI)", "state_name": "Bihar", "id_final": "d146"}, "geometry": {"type": "Polygon", "coordinates": [[[84.04535765850493, 25.37499275520489], [84.3216480161439, 25.321440847350928], [84.32036625752403, 25.213263853481], [84.46346435346882, 25.161007136711508], [84.42112528734383, 25.077673853972847], [83.9351398220868, 24.54832171516152], [83.50335495126707, 24.525468614173217], [83.74139130673612, 24.56869921544149], [83.78533116062387, 24.759825704234352], [83.71577752735672, 24.836056126031984], [83.83938453313937, 25.0012012808264], [83.83335963663326, 25.28590692731702], [84.01712638379689, 25.262062236993962], [84.04535765850493, 25.37499275520489]]]}}, {"type": "Feature", "properties": {"id": 103, "objectid": 103, "state": "BR", "stcode": "10", "district": "Saharsa", "dtcode": "216", "shape_length": 298480.19667364494, "shape_area": 1602863122.828036, "ds_name": " Administrative Boundary", "src_agency": "Survey of India (SOI)", "state_name": "Bihar", "id_final": "d147"}, "geometry": {"type": "Polygon", "coordinates": [[[86.43578266769097, 26.07182600013661], [86.53121848881356, 25.991212700153184], [86.64799423550122, 26.020439872867296], [86.62005979135203, 25.944322272235485], [86.71275919526929, 25.86567953178242], [86.84359663713578, 25.870733952327587], [86.85890890438021, 25.674538821193806], [86.49409593869827, 25.619653684653493], [86.31349207245322, 25.862839669395076], [86.43578266769097, 26.07182600013661]]]}}, {"type": "Feature", "properties": {"id": 104, "objectid": 104, "state": "BR", "stcode": "10", "district": "Samastipur", "dtcode": "217", "shape_length": 457593.9596196229, "shape_area": 2582603826.9249434, "ds_name": " Administrative Boundary", "src_agency": "Survey of India (SOI)", "state_name": "Bihar", "id_final": "d148"}, "geometry": {"type": "Polygon", "coordinates": [[[85.71607291917711, 26.087431018526583], [85.99878330367243, 25.928347358449066], [86.23077598303702, 25.895729295340253], [86.22511433729235, 25.776903067497685], [86.39139360012214, 25.718804416527252], [86.27366811193009, 25.629683532411093], [86.18211502262682, 25.664793921650997], [86.14933214237503, 25.765603405810854], [86.10609947855056, 25.775535735063855], [86.01069961063685, 25.723109571394648], [86.01003265698066, 25.59676979819179], [85.88066838696962, 25.664558350606338], [85.65511909720834, 25.461252622167578], [85.54453966400065, 25.48370095296165], [85.6328885904484, 26.002705928283113], [85.71607291917711, 26.087431018526583]]]}}, {"type": "Feature", "properties": {"id": 105, "objectid": 105, "state": "BR", "stcode": "10", "district": "Saran", "dtcode": "218", "shape_length": 352162.0996367754, "shape_area": 2556560141.007497, "ds_name": " Administrative Boundary", "src_agency": "Survey of India (SOI)", "state_name": "Bihar", "id_final": "d149"}, "geometry": {"type": "Polygon", "coordinates": [[[84.87568757365858, 26.216861107792486], [84.93682114573792, 26.02448915576903], [85.05722271095176, 25.991786856636665], [85.1645973438124, 25.838226208109777], [85.22887988966788, 25.598789426041527], [85.00123155002356, 25.73095595492738], [84.80788104267391, 25.686968788703563], [84.67426040717683, 25.761733642070205], [84.63296489205699, 25.707909532486163], [84.62486502839646, 25.7918791730545], [84.45833236483406, 25.889123536363417], [84.4094438554478, 26.032837215320413], [84.7042068563964, 26.080901987724868], [84.76351450644982, 26.214774742097152], [84.87568757365858, 26.216861107792486]]]}}, {"type": "Feature", "properties": {"id": 106, "objectid": 106, "state": "BR", "stcode": "10", "district": "Sheikhpura", "dtcode": "219", "shape_length": 214961.9605912571, "shape_area": 663274347.5942733, "ds_name": " Administrative Boundary", "src_agency": "Survey of India (SOI)", "state_name": "Bihar", "id_final": "d150"}, "geometry": {"type": "Polygon", "coordinates": [[[85.73851183405768, 25.27409039488598], [86.01644824595486, 25.211406452849225], [85.97707916851384, 24.99746050282091], [85.74665710289916, 24.993005666536533], [85.77328286880646, 25.094393101507414], [85.61127279228597, 25.116312406635725], [85.73851183405768, 25.27409039488598]]]}}, {"type": "Feature", "properties": {"id": 107, "objectid": 107, "state": "BR", "stcode": "10", "district": "Sheohar", "dtcode": "220", "shape_length": 170654.707737306, "shape_area": 425669080.13159436, "ds_name": " Administrative Boundary", "src_agency": "Survey of India (SOI)", "state_name": "Bihar", "id_final": "d151"}, "geometry": {"type": "Polygon", "coordinates": [[[85.3172924608071, 26.661448983364323], [85.4043567600156, 26.502530384301057], [85.33453862511685, 26.32634436656363], [85.1785098644756, 26.487507246484217], [85.3172924608071, 26.661448983364323]]]}}, {"type": "Feature", "properties": {"id": 108, "objectid": 108, "state": "BR", "stcode": "10", "district": "Sitamarhi", "dtcode": "221", "shape_length": 381489.2699062011, "shape_area": 2109853801.2635608, "ds_name": " Administrative Boundary", "src_agency": "Survey of India (SOI)", "state_name": "Bihar", "id_final": "d152"}, "geometry": {"type": "Polygon", "coordinates": [[[85.66976086813321, 26.84642268684223], [85.8186015761675, 26.600570808400253], [85.75837693505015, 26.49810751291174], [85.81164142494916, 26.468482573078855], [85.68859049011265, 26.41369973333802], [85.72673190985972, 26.308418999199382], [85.57906395927881, 26.39318892525872], [85.39299288186741, 26.279061698764394], [85.38884952764873, 26.570062736171845], [85.23900123620986, 26.66449520396519], [85.25445522147739, 26.758062998495195], [85.66976086813321, 26.84642268684223]]]}}, {"type": "Feature", "properties": {"id": 109, "objectid": 109, "state": "BR", "stcode": "10", "district": "Siwan", "dtcode": "222", "shape_length": 308726.2217836996, "shape_area": 2135457431.7867815, "ds_name": " Administrative Boundary", "src_agency": "Survey of India (SOI)", "state_name": "Bihar", "id_final": "d153"}, "geometry": {"type": "Polygon", "coordinates": [[[84.43061866863377, 26.374041572908087], [84.77725040677515, 26.182097081856007], [84.7042068563964, 26.080901987724868], [84.4094438554478, 26.032837215320413], [84.45445533177048, 25.887719779041106], [84.17008253250458, 25.987663571236965], [84.00805588483527, 26.187333587844275], [84.16631008295803, 26.24103449139235], [84.17703358264355, 26.369790521883413], [84.35769201020621, 26.29957462818964], [84.43061866863377, 26.374041572908087]]]}}, {"type": "Feature", "properties": {"id": 110, "objectid": 110, "state": "BR", "stcode": "10", "district": "Supaul", "dtcode": "223", "shape_length": 369864.49756289175, "shape_area": 2329935035.0589237, "ds_name": " Administrative Boundary", "src_agency": "Survey of India (SOI)", "state_name": "Bihar", "id_final": "d154"}, "geometry": {"type": "Polygon", "coordinates": [[[87.04586772272148, 26.561329050515713], [87.10577552836371, 26.049608118218554], [86.74774642062742, 26.117317570874516], [86.6934045548287, 26.021278300626758], [86.53121848881356, 25.991212700153184], [86.43578266769097, 26.07182600013661], [86.53994998725052, 26.15059518016811], [86.43062876698967, 26.15727308465153], [86.40501186546685, 26.20215106203839], [87.04586772272148, 26.561329050515713]]]}}, {"type": "Feature", "properties": {"id": 111, "objectid": 111, "state": "BR", "stcode": "10", "district": "Vaishali", "dtcode": "224", "shape_length": 246129.93772682894, "shape_area": 1910537324.8399146, "ds_name": " Administrative Boundary", "src_agency": "Survey of India (SOI)", "state_name": "Bihar", "id_final": "d155"}, "geometry": {"type": "Polygon", "coordinates": [[[85.2727713386546, 26.012314069690625], [85.29399498981088, 25.94673423159706], [85.64503016539587, 25.916141299556774], [85.54723809992586, 25.540452894109187], [85.38314173731135, 25.498021300062316], [85.22887988966788, 25.598789426041527], [85.06639390907662, 25.974357415240352], [85.2727713386546, 26.012314069690625]]]}}, {"type": "Feature", "properties": {"id": 112, "objectid": 112, "state": "BR", "stcode": "10", "district": "Arwal", "dtcode": "611", "shape_length": 187561.20369990467, "shape_area": 612897335.4282886, "ds_name": " Administrative Boundary", "src_agency": "Survey of India (SOI)", "state_name": "Bihar", "id_final": "d156"}, "geometry": {"type": "Polygon", "coordinates": [[[84.71844891128413, 25.29698700526683], [84.7909703380106, 25.250145134172254], [84.72602056367025, 25.205340161901315], [84.8591898721441, 25.227899603892364], [84.85637763341923, 25.061804148559567], [84.45865934343357, 25.10179507842991], [84.71844891128413, 25.29698700526683]]]}}, {"type": "Feature", "properties": {"id": 113, "objectid": 113, "state": "CG", "stcode": "22", "district": "Bastar", "dtcode": "374", "shape_length": 563682.5936583626, "shape_area": 5225602444.0245495, "ds_name": " Administrative Boundary", "src_agency": "Survey of India (SOI)", "state_name": "Chhattisgarh", "id_final": "d157"}, "geometry": {"type": "MultiPolygon", "coordinates": [[[[81.865054796381, 19.551895278773433], [82.1002330035109, 19.516571873328633], [82.18978893896478, 19.42626010995394], [82.16608054484826, 19.132743377611032], [82.24599630995723, 18.919032186001076], [82.08492317777895, 18.718593898656852], [81.62707049070583, 18.813593431160356], [81.45720761373813, 18.966219804624277], [81.5293284645694, 19.03730549104081], [81.50211137550141, 19.203884265030315], [81.4019090495289, 19.191163563487923], [81.34392892115949, 19.23137306286839], [81.38353633154394, 19.320517284937424], [81.5106900343035, 19.225959938923715], [81.67405168097183, 19.249565049694205], [81.63392237345671, 19.342969731094925], [81.79422486491622, 19.35251098352007], [81.865054796381, 19.551895278773433]]], [[[81.90785231818202, 18.676325549269734], [81.77049020288833, 18.594103599633844], [81.65220855923714, 18.612509424836656], [81.71850171603536, 18.68724184669875], [81.90785231818202, 18.676325549269734]]]]}}, {"type": "Feature", "properties": {"id": 114, "objectid": 114, "state": "CG", "stcode": "22", "district": "Bilaspur", "dtcode": "375", "shape_length": 452721.1209200359, "shape_area": 3439293870.8795657, "ds_name": " Administrative Boundary", "src_agency": "Survey of India (SOI)", "state_name": "Chhattisgarh", "id_final": "d158"}, "geometry": {"type": "Polygon", "coordinates": [[[81.842926850827, 22.608973186642842], [82.14788980053142, 22.578887699077157], [82.14262455407726, 22.332624464650706], [82.35173851878817, 22.32756608443041], [82.47281752166714, 22.19029067483733], [82.34473299540409, 22.1282260666347], [82.30412336321697, 21.90879703067327], [82.41136495820604, 21.718227168743915], [82.0369991508941, 21.88329279481433], [81.73107008361455, 22.25019533850851], [81.74379355598204, 22.312557913534864], [81.82282382353533, 22.26995009501001], [81.97633466118623, 22.360085861308054], [81.842926850827, 22.608973186642842]]]}}, {"type": "Feature", "properties": {"id": 115, "objectid": 115, "state": "CG", "stcode": "22", "district": "Dantewada", "dtcode": "376", "shape_length": 453605.95143492817, "shape_area": 2737776738.3877826, "ds_name": " Administrative Boundary", "src_agency": "Survey of India (SOI)", "state_name": "Chhattisgarh", "id_final": "d159"}, "geometry": {"type": "MultiPolygon", "coordinates": [[[[81.20921759122498, 19.124371333979305], [81.50183490200854, 19.136642451811973], [81.46567202682722, 18.945555787208825], [81.77742097735484, 18.77174722181101], [81.76021151203228, 18.660898442096908], [81.56869901790017, 18.73960339779933], [81.57651976430262, 18.585992289561855], [81.42614568124057, 18.587565338687764], [81.40979436244523, 18.39263170270379], [81.14643747915893, 18.56859944553827], [81.20921759122498, 19.124371333979305]], [[81.38857157918518, 18.51169530523536], [81.35323834082298, 18.496947260129158], [81.36082306930243, 18.486261666492187], [81.38857157918518, 18.51169530523536]]], [[[81.12788191256928, 18.961123501086465], [81.16255199989148, 18.996163432649908], [81.16307412459051, 18.953233078734172], [81.12788191256928, 18.961123501086465]]]]}}, {"type": "Feature", "properties": {"id": 116, "objectid": 116, "state": "CG", "stcode": "22", "district": "Dhamtari", "dtcode": "377", "shape_length": 430511.17320362874, "shape_area": 3943176397.223756, "ds_name": " Administrative Boundary", "src_agency": "Survey of India (SOI)", "state_name": "Chhattisgarh", "id_final": "d160"}, "geometry": {"type": "MultiPolygon", "coordinates": [[[[81.61425344312374, 21.024072144778053], [81.87324720008245, 20.96460981845168], [82.01244442732896, 20.67318772609158], [82.08550944103436, 20.32992798257159], [82.18022375805157, 20.257008357671804], [82.0182059049367, 20.049015736993972], [81.94564718493056, 20.105145159762568], [81.86923811635326, 20.055116189201], [81.73510245820303, 20.481932253172168], [81.41082261698253, 20.525753869232773], [81.51571053067903, 20.58942725830224], [81.47208438536157, 20.870666842299688], [81.61425344312374, 21.024072144778053]]], [[[81.45908143202912, 20.625696917650114], [81.45111173757768, 20.607304249686994], [81.44454479786938, 20.588244506957516], [81.44385687180426, 20.602031959375243], [81.45908143202912, 20.625696917650114]]]]}}, {"type": "Feature", "properties": {"id": 117, "objectid": 117, "state": "CG", "stcode": "22", "district": "Durg", "dtcode": "378", "shape_length": 340841.3411764633, "shape_area": 2214161318.2639604, "ds_name": " Administrative Boundary", "src_agency": "Survey of India (SOI)", "state_name": "Chhattisgarh", "id_final": "d161"}, "geometry": {"type": "Polygon", "coordinates": [[[81.15788413959686, 21.503135275986203], [81.47000743528424, 21.507503970921675], [81.43851677857089, 21.407851252385314], [81.50194326399382, 21.41123112745525], [81.62542898596824, 21.161313211733614], [81.61275259065779, 20.96484583163049], [81.45142181437747, 20.849098059469558], [81.38803086754234, 20.868575920521536], [81.38902078156997, 21.05701001540949], [81.20870068467684, 21.028158189985824], [81.15159802608446, 21.08929776974056], [81.2165893276135, 21.168368008842855], [81.14842257485479, 21.21209913815731], [81.15788413959686, 21.503135275986203]]]}}, {"type": "Feature", "properties": {"id": 118, "objectid": 118, "state": "CG", "stcode": "22", "district": "Janjgir-Champa", "dtcode": "379", "shape_length": 384090.372033407, "shape_area": 3718419253.671185, "ds_name": " Administrative Boundary", "src_agency": "Survey of India (SOI)", "state_name": "Chhattisgarh", "id_final": "d162"}, "geometry": {"type": "Polygon", "coordinates": [[[82.64281864702062, 22.225327794734575], [82.7221930264605, 22.039430234652354], [82.86135817761836, 22.1717813751239], [83.01526785944743, 22.076123596988698], [83.00317707097966, 21.965191356974415], [83.21381682699938, 21.907506928483574], [83.17859938016827, 21.85073817702547], [83.3161736154058, 21.68200421542093], [82.38348826291993, 21.760202899481392], [82.30407520783771, 21.908228031231438], [82.34473299540409, 22.1282260666347], [82.49953667457716, 22.250503494522523], [82.64281864702062, 22.225327794734575]]]}}, {"type": "Feature", "properties": {"id": 119, "objectid": 119, "state": "CG", "stcode": "22", "district": "Jashpur", "dtcode": "380", "shape_length": 504258.2665174971, "shape_area": 5626416185.870893, "ds_name": " Administrative Boundary", "src_agency": "Survey of India (SOI)", "state_name": "Chhattisgarh", "id_final": "d163"}, "geometry": {"type": "Polygon", "coordinates": [[[83.80367058482811, 23.2459132759978], [83.92608377848515, 23.150645065100598], [84.02179355021086, 23.187769640050185], [84.14949000638234, 22.965415298924928], [84.18580179341998, 23.02709172305635], [84.39640379044644, 22.927287278396232], [84.22039827068251, 22.66730123291113], [84.00950541763417, 22.57304852021289], [84.01047000730213, 22.371605720743243], [83.80943310639661, 22.28884608219527], [83.57573496223303, 22.45966793747346], [83.58734094579584, 22.53956120767552], [83.48996592151144, 22.492156338329583], [83.37981478849942, 22.618549096662132], [83.5509348620057, 22.696007242197286], [83.68364104136874, 22.638379444035834], [83.49985668336915, 23.064526587247016], [83.57494378995577, 23.194137676862645], [83.80367058482811, 23.2459132759978]]]}}, {"type": "Feature", "properties": {"id": 120, "objectid": 120, "state": "CG", "stcode": "22", "district": "Kanker", "dtcode": "381", "shape_length": 644412.6246300094, "shape_area": 6942372992.131012, "ds_name": " Administrative Boundary", "src_agency": "Survey of India (SOI)", "state_name": "Chhattisgarh", "id_final": "d164"}, "geometry": {"type": "Polygon", "coordinates": [[[81.33924280933984, 20.553710546015225], [81.73510245820303, 20.481932253172168], [81.81420913522162, 20.1673744569398], [81.41929956408875, 20.157118469736897], [81.38834524905013, 20.048540740356234], [81.29166808908934, 20.02147628142786], [81.4058042528657, 19.88068617294224], [81.37330947409248, 19.779164034477255], [81.1797916883471, 19.81058186790599], [81.20482896222153, 19.716559340314127], [81.08487908753057, 19.70644303101051], [80.84296779392012, 19.94725801880633], [80.72188606226531, 19.847335053139716], [80.8118612946641, 19.812448957485973], [80.71374912294921, 19.785980411696578], [80.71019127539965, 19.706488140214724], [80.5201013987611, 19.831730442798577], [80.4024282575005, 19.79478448030841], [80.50586204831302, 19.870588336750338], [80.41123562531662, 19.938255813262966], [80.53891480101342, 19.95175097992252], [80.56725842871812, 20.188950099073843], [80.7157550900507, 20.191047906879426], [80.81221613454906, 20.35483797551552], [80.9918784304594, 20.459292693743432], [81.14920380582606, 20.376983494006513], [81.33924280933984, 20.553710546015225]]]}}, {"type": "Feature", "properties": {"id": 121, "objectid": 121, "state": "CG", "stcode": "22", "district": "Kabirdham", "dtcode": "382", "shape_length": 431554.6920983919, "shape_area": 4039502125.6389456, "ds_name": " Administrative Boundary", "src_agency": "Survey of India (SOI)", "state_name": "Chhattisgarh", "id_final": "d165"}, "geometry": {"type": "Polygon", "coordinates": [[[81.34005844658829, 22.519507667190148], [81.39641178302146, 22.440081242036776], [81.47857125786675, 22.49218722165625], [81.55534997373591, 22.343800413358746], [81.51190674172659, 22.019379549150663], [81.39928454968977, 21.830686837871085], [81.31998314591742, 21.831264278148733], [81.34300673668744, 21.767924678756117], [80.99916846687441, 21.72783168368282], [80.83848474405691, 21.836904437831265], [80.82561348964394, 21.958311240677975], [80.92200804818634, 22.119950565349654], [81.00513564587526, 22.0613788714803], [81.11116416349539, 22.437574509088837], [81.34005844658829, 22.519507667190148]]]}}, {"type": "Feature", "properties": {"id": 122, "objectid": 122, "state": "CG", "stcode": "22", "district": "Korba", "dtcode": "383", "shape_length": 483855.9875768951, "shape_area": 6347605441.708696, "ds_name": " Administrative Boundary", "src_agency": "Survey of India (SOI)", "state_name": "Chhattisgarh", "id_final": "d166"}, "geometry": {"type": "Polygon", "coordinates": [[[82.38569507324223, 22.99970358732458], [82.56677870506007, 22.974810612546687], [82.57104956485317, 22.82964463542432], [82.7127224658193, 22.833787163384418], [83.01373778992365, 22.63864013650999], [83.11581907352017, 22.67031155331921], [83.03036366192217, 22.1688162702138], [82.8607429276095, 22.1716510389263], [82.7221930264605, 22.039430234652354], [82.61584085108085, 22.256975493423646], [82.45982051303471, 22.213396952602128], [82.35173851878817, 22.32756608443041], [82.14132774416102, 22.334000035480106], [82.23988276565261, 22.65313301132973], [82.17371832438313, 22.670569986610005], [82.1342533504637, 22.853335841458733], [82.38569507324223, 22.99970358732458]], [[83.00830416216475, 22.254378747402406], [82.98804928044578, 22.23077473924964], [83.02437937368735, 22.22909480574871], [83.00830416216475, 22.254378747402406]]]}}, {"type": "Feature", "properties": {"id": 123, "objectid": 123, "state": "CG", "stcode": "22", "district": "Korea", "dtcode": "384", "shape_length": 540129.7255051545, "shape_area": 6355978495.287798, "ds_name": " Administrative Boundary", "src_agency": "Survey of India (SOI)", "state_name": "Chhattisgarh", "id_final": "d167"}, "geometry": {"type": "Polygon", "coordinates": [[[81.67312247815313, 23.912875095679734], [81.79111850247145, 23.809346794537106], [82.20953009201322, 23.852709065172075], [82.54877971621322, 23.753892511247077], [82.65012513710913, 23.384970116555316], [82.77212094903254, 23.258327745127456], [82.5767978546926, 23.12771654549825], [82.5748139950923, 22.965443212890218], [82.20000265232127, 22.950966735788104], [82.12333055714238, 23.10325691648204], [82.19218732220716, 23.326625431186763], [81.98533431417619, 23.414495037445334], [81.91853346177383, 23.535002203595695], [81.74656852877385, 23.569776816032018], [81.62705293984796, 23.482026857957145], [81.57668451205032, 23.58534448918368], [81.69589106464974, 23.72132239930275], [81.60375475596324, 23.884715310469346], [81.67312247815313, 23.912875095679734]]]}}, {"type": "Feature", "properties": {"id": 124, "objectid": 124, "state": "CG", "stcode": "22", "district": "Mahasamund", "dtcode": "385", "shape_length": 523248.671692979, "shape_area": 4585304298.865324, "ds_name": " Administrative Boundary", "src_agency": "Survey of India (SOI)", "state_name": "Chhattisgarh", "id_final": "d168"}, "geometry": {"type": "Polygon", "coordinates": [[[82.88236341061514, 21.553415615759278], [83.14273729333641, 21.362822690754573], [83.27428644825252, 21.377190597091065], [83.19211940927964, 21.138868026563298], [82.64049219483067, 21.15470755043526], [82.45637983198911, 20.82620169239201], [81.9881832859945, 21.083335292769174], [82.02839225139054, 21.232230678578166], [82.23313428529093, 21.433967565480927], [82.2768571928814, 21.272533803302256], [82.3898771121497, 21.26233059823464], [82.69591566638289, 21.329923451832986], [82.69082430507362, 21.48496814007011], [82.88236341061514, 21.553415615759278]]]}}, {"type": "Feature", "properties": {"id": 125, "objectid": 125, "state": "CG", "stcode": "22", "district": "Raigarh", "dtcode": "386", "shape_length": 711045.6228063703, "shape_area": 6786250302.246012, "ds_name": " Administrative Boundary", "src_agency": "Survey of India (SOI)", "state_name": "Chhattisgarh", "id_final": "d169"}, "geometry": {"type": "MultiPolygon", "coordinates": [[[[83.22032796264638, 22.78839747611873], [83.39376132845581, 22.734673044547822], [83.40017996373406, 22.553179854376804], [83.48996592151144, 22.492156338329583], [83.58734094579584, 22.53956120767552], [83.57573496223303, 22.45966793747346], [83.80363391061485, 22.294223020154273], [83.63053223567913, 22.207306616159446], [83.53731825172493, 22.044935495319557], [83.60572231627863, 21.913286228072298], [83.4182535012393, 21.679715809357624], [83.489203444463, 21.630484371733232], [83.3696777964558, 21.600046724691207], [83.39201181134236, 21.342520387343317], [83.14273729333641, 21.362822690754573], [82.92309953857006, 21.548259355756567], [82.94889146662746, 21.72421530325454], [83.31652604452772, 21.682708809435944], [83.17859938016827, 21.85073817702547], [83.21421653182747, 21.907079200797998], [83.00353946036523, 21.964847785999904], [83.03356490880404, 22.05672270331836], [82.9367619844519, 22.123031632197712], [83.0505622660817, 22.19413589818894], [83.1016646861338, 22.682469250469026], [83.22032796264638, 22.78839747611873]]], [[[83.02437937368735, 22.22909480574871], [82.98764580802593, 22.23142844092787], [83.00409823854204, 22.256696662446068], [83.02437937368735, 22.22909480574871]]]]}}, {"type": "Feature", "properties": {"id": 126, "objectid": 126, "state": "CG", "stcode": "22", "district": "Raipur", "dtcode": "387", "shape_length": 290651.8024351294, "shape_area": 2798769780.195844, "ds_name": " Administrative Boundary", "src_agency": "Survey of India (SOI)", "state_name": "Chhattisgarh", "id_final": "d170"}, "geometry": {"type": "Polygon", "coordinates": [[[81.78761524108354, 21.622715658122885], [82.19346958059317, 21.379213758439853], [81.847023738995, 20.94066203746446], [81.58660243097191, 21.0442856180019], [81.62542898596824, 21.161313211733614], [81.53439019229141, 21.295964861120865], [81.63817731393812, 21.40272447514035], [81.64338470895487, 21.546057849514753], [81.78761524108354, 21.622715658122885]]]}}, {"type": "Feature", "properties": {"id": 127, "objectid": 127, "state": "CG", "stcode": "22", "district": "Rajnandgaon", "dtcode": "388", "shape_length": 762302.4043922571, "shape_area": 7779017991.951688, "ds_name": " Administrative Boundary", "src_agency": "Survey of India (SOI)", "state_name": "Chhattisgarh", "id_final": "d171"}, "geometry": {"type": "Polygon", "coordinates": [[[80.84674948565845, 21.835050515976057], [81.1713133095812, 21.707418873326187], [81.14842257485479, 21.21209913815731], [81.20716955858362, 21.102992647187367], [81.12068803221034, 21.004617416701933], [80.95352458893468, 21.003190297132612], [80.97849930425376, 20.8109567360799], [80.80333359674592, 20.722635878056508], [80.96177719142183, 20.664147856945306], [80.98958430183511, 20.452879243853314], [80.81326506780545, 20.355846620989112], [80.71439603452315, 20.19024466149723], [80.43000157565251, 20.135959975634066], [80.39550854909481, 20.245124606641344], [80.62593395474028, 20.33080390543255], [80.63184375613069, 20.59831765543498], [80.48102478730489, 20.618362378124953], [80.58765446928845, 20.684585407303484], [80.54612138890977, 20.934793069414315], [80.42427933067465, 21.00838307354508], [80.44476447321927, 21.121903490405842], [80.67954226656433, 21.298897443013484], [80.72614262836841, 21.7136657112193], [80.84674948565845, 21.835050515976057]]]}}, {"type": "Feature", "properties": {"id": 128, "objectid": 128, "state": "CG", "stcode": "22", "district": "Surguja", "dtcode": "389", "shape_length": 444057.578940792, "shape_area": 3854280563.093434, "ds_name": " Administrative Boundary", "src_agency": "Survey of India (SOI)", "state_name": "Chhattisgarh", "id_final": "d172"}, "geometry": {"type": "Polygon", "coordinates": [[[83.36526470184683, 23.262388045485565], [83.54605483231589, 23.204056497852395], [83.50356496252316, 22.95277619658614], [83.64594518685563, 22.826364903115575], [83.67300246837584, 22.622868894648903], [83.5509348620057, 22.696007242197286], [83.40584318364839, 22.638782260920653], [83.39376132845581, 22.734673044547822], [83.21849827622322, 22.79119515542999], [83.01373778992365, 22.63864013650999], [82.7651576150818, 22.780090593012574], [82.83097273008902, 23.015289471765872], [82.92453640010704, 23.047253261333267], [82.86380468629044, 23.109199289655542], [83.14908946213026, 23.108167667132797], [83.13783482313254, 23.21420526153493], [83.35415642356433, 23.172716475883664], [83.36526470184683, 23.262388045485565]]]}}, {"type": "Feature", "properties": {"id": 129, "objectid": 129, "state": "CG", "stcode": "22", "district": "Bijapur", "dtcode": "636", "shape_length": 740762.1096237478, "shape_area": 8132846688.5171585, "ds_name": " Administrative Boundary", "src_agency": "Survey of India (SOI)", "state_name": "Chhattisgarh", "id_final": "d173"}, "geometry": {"type": "MultiPolygon", "coordinates": [[[[80.56260495848096, 19.398920921335478], [80.76889677650576, 19.30325716608325], [80.76866384715773, 19.178960215573955], [80.86043717269308, 19.20580178584327], [80.87683550481196, 19.125184942168957], [81.21197105339081, 19.102903307986693], [81.19576704250085, 18.5502580345103], [81.03365635431064, 18.53418605201214], [80.91148915021543, 18.378146320293688], [81.0593551740737, 18.313548522851725], [81.03367891096293, 18.15633508256122], [80.86726437670177, 18.14008743068308], [80.83672354766927, 18.24225545374918], [80.74493704692631, 18.170294697442095], [80.79413747549015, 18.259295939137434], [80.7348352479615, 18.412821360420615], [80.51472747759075, 18.619341790432124], [80.34582649161416, 18.595440618184394], [80.24430680569812, 18.75622649275863], [80.35286393361588, 18.81920479222744], [80.26913357172322, 18.948776616582307], [80.38513968476386, 19.23574528305603], [80.56260495848096, 19.398920921335478]], [[81.16174965055735, 18.996913343012793], [81.12788191256928, 18.961123501086465], [81.16819268708649, 18.956881806856455], [81.16174965055735, 18.996913343012793]]], [[[81.2984868389861, 19.33594753987795], [81.4011960253934, 19.191579180085654], [81.50211137550141, 19.203884265030315], [81.50020707546919, 19.13933766646537], [81.29890125383508, 19.16674092092708], [81.30745489011709, 19.286999674686832], [81.22815152013985, 19.24872407577221], [81.2984868389861, 19.33594753987795]]]]}}, {"type": "Feature", "properties": {"id": 130, "objectid": 130, "state": "CG", "stcode": "22", "district": "Narayanpur", "dtcode": "637", "shape_length": 512946.97795192216, "shape_area": 4588287141.62409, "ds_name": " Administrative Boundary", "src_agency": "Survey of India (SOI)", "state_name": "Chhattisgarh", "id_final": "d174"}, "geometry": {"type": "Polygon", "coordinates": [[[80.84296779392012, 19.94725801880633], [81.08487908753057, 19.70644303101051], [81.20482896222153, 19.716559340314127], [81.18373071363483, 19.8104286789513], [81.51688266002105, 19.66309303398781], [81.42154086909083, 19.493712814327846], [81.47156305723851, 19.377169871752038], [81.38110949000155, 19.414686356364392], [81.39864375861863, 19.334127809505823], [81.23137984356501, 19.320669351747334], [81.28389951826443, 19.296859173933512], [81.23808421913583, 19.240233330074894], [81.30745489011709, 19.286999674686832], [81.31138767503766, 19.156804840302353], [81.21151597230939, 19.10406512287877], [80.76866384715773, 19.178960215573955], [80.89555205224556, 19.51933813480688], [80.6655105240236, 19.611621097786212], [80.67123232559487, 19.70231938739026], [80.81155823397663, 19.81148021261851], [80.72148651229676, 19.846422641150344], [80.84296779392012, 19.94725801880633]]]}}, {"type": "Feature", "properties": {"id": 131, "objectid": 131, "state": "CG", "stcode": "22", "district": "Sukma", "dtcode": "642", "shape_length": 634949.0499626833, "shape_area": 5316966087.82506, "ds_name": " Administrative Boundary", "src_agency": "Survey of India (SOI)", "state_name": "Chhattisgarh", "id_final": "d175"}, "geometry": {"type": "MultiPolygon", "coordinates": [[[[81.62844659342173, 18.734764457658038], [81.66013690185547, 18.607548768772105], [81.77049020288833, 18.594103599633844], [81.89927134943528, 18.660742354932754], [81.96351851080534, 18.589996762108086], [81.75027651984958, 18.35357238083191], [81.52546605075055, 18.258077155151735], [81.393240036392, 17.794618140761443], [81.16605727867645, 17.857551181364414], [81.01766682284187, 17.791381325699607], [80.94925831136969, 18.086197351133652], [81.07417619598931, 18.18850988188422], [81.0652123098326, 18.297347842183132], [80.91276708655924, 18.380228570284995], [81.03365635431064, 18.53418605201214], [81.16544184981574, 18.55248955309596], [81.40979436244523, 18.39263170270379], [81.41832198241303, 18.577358252438348], [81.48839769964017, 18.62390204422696], [81.55657732131017, 18.55968544299384], [81.54563692632907, 18.694810076439794], [81.62844659342173, 18.734764457658038]]], [[[81.37455108055873, 18.525495976951074], [81.36082306930243, 18.486261666492187], [81.35323834082298, 18.496947260129158], [81.37455108055873, 18.525495976951074]]], [[[81.9263594967201, 18.774021872675984], [81.94893769619966, 18.643686072595603], [81.8997210796136, 18.722167646555388], [81.81109149113, 18.63986820379599], [81.72943634223896, 18.69845709431142], [81.9263594967201, 18.774021872675984]]]]}}, {"type": "Feature", "properties": {"id": 132, "objectid": 132, "state": "CG", "stcode": "22", "district": "Kondagaon", "dtcode": "643", "shape_length": 465670.5871012304, "shape_area": 4908795475.060978, "ds_name": " Administrative Boundary", "src_agency": "Survey of India (SOI)", "state_name": "Chhattisgarh", "id_final": "d176"}, "geometry": {"type": "Polygon", "coordinates": [[[81.41929956408875, 20.157118469736897], [81.84613217891165, 20.164251961099144], [81.8531557545409, 19.91846458385713], [82.06552575507327, 19.79063682127098], [82.05898220054839, 19.628037215197583], [82.02245782501902, 19.498657655572625], [81.85901408125551, 19.552326577809858], [81.79422486491622, 19.35251098352007], [81.66673008848376, 19.365707621164816], [81.67405168097183, 19.249565049694205], [81.56889246591255, 19.283056227367886], [81.53684424404209, 19.222683776565663], [81.35589842716088, 19.32609782748594], [81.37990058632937, 19.41424871593203], [81.47156305723851, 19.377169871752038], [81.42154086909083, 19.493712814327846], [81.51688266002105, 19.66309303398781], [81.37354804676588, 19.729982576917504], [81.4058042528657, 19.88068617294224], [81.29166808908934, 20.02147628142786], [81.38834524905013, 20.048540740356234], [81.41929956408875, 20.157118469736897]]]}}, {"type": "Feature", "properties": {"id": 133, "objectid": 133, "state": "CG", "stcode": "22", "district": "Baloda Bazar", "dtcode": "644", "shape_length": 483928.5124876381, "shape_area": 4495463151.437017, "ds_name": " Administrative Boundary", "src_agency": "Survey of India (SOI)", "state_name": "Chhattisgarh", "id_final": "d177"}, "geometry": {"type": "Polygon", "coordinates": [[[82.10199556010522, 21.85340684381412], [82.31590731631917, 21.71613919332495], [82.94889146662746, 21.72421530325454], [82.98505704542, 21.6441589660446], [82.93182952022276, 21.492264130119306], [82.87510340420035, 21.55652260957259], [82.69082430507362, 21.48496814007011], [82.69591566638289, 21.329923451832986], [82.2768571928814, 21.272533803302256], [82.2523672092945, 21.432274796612507], [82.14413756807714, 21.359024990834875], [81.93021640370293, 21.49226968117192], [81.9206451292737, 21.594507647736062], [81.70242636652617, 21.58918899619884], [81.65739741596302, 21.655286976358052], [81.70127679763232, 21.76168602268566], [82.10199556010522, 21.85340684381412]]]}}, {"type": "Feature", "properties": {"id": 134, "objectid": 134, "state": "CG", "stcode": "22", "district": "Gariyaband", "dtcode": "645", "shape_length": 511504.5847105692, "shape_area": 4671511521.376328, "ds_name": " Administrative Boundary", "src_agency": "Survey of India (SOI)", "state_name": "Chhattisgarh", "id_final": "d178"}, "geometry": {"type": "Polygon", "coordinates": [[[81.9952560782855, 21.07657104172486], [82.34598274616171, 20.872909629472574], [82.33214215922082, 20.562005409392192], [82.43802939738566, 20.434165218392216], [82.39930228360336, 20.05649365177897], [82.71814278636509, 19.989109778616395], [82.71139992067035, 19.839966235399324], [82.59488060041656, 19.775267522747615], [82.59712939899477, 19.8726645384256], [82.44599362429842, 19.910164260384413], [82.34404678316074, 19.835053113821473], [82.23774246730856, 20.003166204910894], [82.02156486173831, 20.023819867395893], [82.18022375805157, 20.257008357671804], [82.08550944103436, 20.32992798257159], [81.87647497012728, 20.919900597167175], [81.9952560782855, 21.07657104172486]]]}}, {"type": "Feature", "properties": {"id": 135, "objectid": 135, "state": "CG", "stcode": "22", "district": "Balod", "dtcode": "646", "shape_length": 413636.2878221514, "shape_area": 3249493705.117081, "ds_name": " Administrative Boundary", "src_agency": "Survey of India (SOI)", "state_name": "Chhattisgarh", "id_final": "d179"}, "geometry": {"type": "Polygon", "coordinates": [[[81.15897401383901, 21.075900582567293], [81.39022178406228, 21.055987825371655], [81.38803086754234, 20.868575920521536], [81.51703326276632, 20.827760131994513], [81.51571053067903, 20.58942725830224], [81.32438391700441, 20.562775318992756], [81.14920380582606, 20.376983494006513], [80.9918784304594, 20.459292693743432], [80.96177719142183, 20.664147856945306], [80.8032311004018, 20.722290793298367], [80.97849930425376, 20.8109567360799], [80.95352458893468, 21.003190297132612], [81.12068803221034, 21.004617416701933], [81.15897401383901, 21.075900582567293]], [[81.46250382120154, 20.620808627653396], [81.44385687180426, 20.602031959375243], [81.44454479786938, 20.588244506957516], [81.46250382120154, 20.620808627653396]]]}}, {"type": "Feature", "properties": {"id": 136, "objectid": 136, "state": "CG", "stcode": "22", "district": "Mungeli", "dtcode": "647", "shape_length": 435131.3618120408, "shape_area": 2670017689.745303, "ds_name": " Administrative Boundary", "src_agency": "Survey of India (SOI)", "state_name": "Chhattisgarh", "id_final": "d180"}, "geometry": {"type": "Polygon", "coordinates": [[[81.73247506982683, 22.64444721510215], [81.97633466118623, 22.360085861308054], [81.73070439658511, 22.263424522059378], [82.00864989758499, 21.9809790965297], [82.0369991508941, 21.88329279481433], [81.93710581895157, 21.81390664512463], [81.8002120462219, 21.947245428558993], [81.50099020155955, 22.003435359284918], [81.55605848053771, 22.339908569601754], [81.47008029057189, 22.483990385974256], [81.73247506982683, 22.64444721510215]]]}}, {"type": "Feature", "properties": {"id": 137, "objectid": 137, "state": "CG", "stcode": "22", "district": "Surajpur", "dtcode": "648", "shape_length": 587597.1377651835, "shape_area": 5244476770.841503, "ds_name": " Administrative Boundary", "src_agency": "Survey of India (SOI)", "state_name": "Chhattisgarh", "id_final": "d181"}, "geometry": {"type": "Polygon", "coordinates": [[[82.6888907738378, 23.92065910320434], [82.84496708874126, 23.76715867462529], [83.01314681897175, 23.803345373361353], [83.20616875175809, 23.72281189156445], [83.20098622904965, 23.5567424190785], [83.27910998768111, 23.57736385470614], [83.23881824914523, 23.51545840324197], [83.33309418330991, 23.523704109718825], [83.36735688299053, 23.420342216249175], [83.20749532654018, 23.37770041724459], [83.24667807012561, 23.23121987483691], [83.13783482313254, 23.21420526153493], [83.15176329616062, 23.10893340152541], [82.86380468629044, 23.109199289655542], [82.92453640010704, 23.047253261333267], [82.83097273008902, 23.015289471765872], [82.75743138092425, 22.79549238567421], [82.55637728627568, 22.84823854519975], [82.5767978546926, 23.12771654549825], [82.77212094903254, 23.258327745127456], [82.58204209859892, 23.541760621159334], [82.59576209817521, 23.692578876333894], [82.49764599498678, 23.7679072882532], [82.6888907738378, 23.92065910320434]]]}}, {"type": "Feature", "properties": {"id": 138, "objectid": 138, "state": "CG", "stcode": "22", "district": "Balrampur", "dtcode": "649", "shape_length": 651055.7045719407, "shape_area": 6021797517.857315, "ds_name": " Administrative Boundary", "src_agency": "Survey of India (SOI)", "state_name": "Chhattisgarh", "id_final": "d182"}, "geometry": {"type": "Polygon", "coordinates": [[[83.32706826498605, 24.1023208564723], [83.51571974652849, 24.0271662867642], [83.57118997491706, 23.862135439883964], [83.70534695125448, 23.820757310251764], [83.77532002390222, 23.60895421006736], [83.93769368925078, 23.568992071125262], [83.9319060421619, 23.620413474472347], [84.01657314462263, 23.634355265142172], [83.96234487155976, 23.385346325750834], [84.0746455367508, 23.333408339794136], [84.0382716007421, 23.171057684152586], [83.92608377848515, 23.150645065100598], [83.78970542901081, 23.25163341856828], [83.55442195214067, 23.17505971860255], [83.39192979526906, 23.270154035077216], [83.3298255479536, 23.1794651531178], [83.19800177312598, 23.269923913869263], [83.23190620381565, 23.403410436716094], [83.36735688299053, 23.420342216249175], [83.33309418330991, 23.523704109718825], [83.23881824914523, 23.51545840324197], [83.27910998768111, 23.57736385470614], [83.20098622904965, 23.5567424190785], [83.20616875175809, 23.72281189156445], [83.01314681897175, 23.803345373361353], [82.84496708874126, 23.76715867462529], [82.69273583947319, 23.904846463809797], [82.82675743968935, 23.962278688146192], [82.94791262456631, 23.871394692824847], [83.14151669474641, 23.884890191903207], [83.32706826498605, 24.1023208564723]]]}}, {"type": "Feature", "properties": {"id": 139, "objectid": 139, "state": "CG", "stcode": "22", "district": "Bemetara", "dtcode": "650", "shape_length": 418209.64972605, "shape_area": 2758857284.9623713, "ds_name": " Administrative Boundary", "src_agency": "Survey of India (SOI)", "state_name": "Chhattisgarh", "id_final": "d183"}, "geometry": {"type": "Polygon", "coordinates": [[[81.58241776857038, 22.024069412802852], [81.93710581895157, 21.81390664512463], [81.69928590772565, 21.76016647188647], [81.63928784455314, 21.405684451635132], [81.55108230186818, 21.332065946032543], [81.43851677857089, 21.407851252385314], [81.46390679669152, 21.51125860491492], [81.13882334524712, 21.554211310904904], [81.17180640799022, 21.705004051522966], [81.34325845601089, 21.768089535713234], [81.47239025045036, 22.01504346761802], [81.58241776857038, 22.024069412802852]]]}}, {"type": "Feature", "properties": {"id": 140, "objectid": 140, "state": "CG", "stcode": "22", "district": "Gaurella Pendra Marwahi", "dtcode": "734", "shape_length": 269725.9267694372, "shape_area": 1893469810.2856495, "ds_name": " Administrative Boundary", "src_agency": "Survey of India (SOI)", "state_name": "Chhattisgarh", "id_final": "d184"}, "geometry": {"type": "Polygon", "coordinates": [[[82.07319648876044, 23.116374589144595], [82.21580934051744, 22.945032380326722], [82.1342533504637, 22.853335841458733], [82.23333354025853, 22.59122159639526], [81.74704254712343, 22.591238208572538], [81.77568306094584, 22.87443672371588], [81.94630761702274, 22.956778639350823], [81.94225115712649, 23.078964986360543], [82.07319648876044, 23.116374589144595]]]}}, {"type": "Feature", "properties": {"id": 141, "objectid": 141, "state": "CH", "stcode": "04", "district": "Chandigarh", "dtcode": "044", "shape_length": 61197.06877143918, "shape_area": 111751163.14497104, "ds_name": " Administrative Boundary", "src_agency": "Survey of India (SOI)", "state_name": "Chandigarh", "id_final": "d185"}, "geometry": {"type": "Polygon", "coordinates": [[[76.77180278537995, 30.79497708099711], [76.84826776102292, 30.730382652622925], [76.80865968064002, 30.667427481349424], [76.70516329940772, 30.742974478868092], [76.77180278537995, 30.79497708099711]]]}}, {"type": "Feature", "properties": {"id": 142, "objectid": 142, "state": "DH", "stcode": "38", "district": "Daman", "dtcode": "463", "shape_length": 46131.232067811135, "shape_area": 57780668.51511497, "ds_name": " Administrative Boundary", "src_agency": "Survey of India (SOI)", "state_name": "Dadra & Nagar Havelli and Daman & Diu", "id_final": "d186"}, "geometry": {"type": "Polygon", "coordinates": [[[72.83203630009685, 20.447704685188416], [72.89616017172803, 20.379060558831195], [72.82062156644214, 20.368339479590645], [72.83203630009685, 20.447704685188416]]]}}, {"type": "Feature", "properties": {"id": 146, "objectid": 146, "state": "DL", "stcode": "07", "district": "New Delhi", "dtcode": "079", "shape_length": 75386.00112890251, "shape_area": 149650587.44585723, "ds_name": " Administrative Boundary", "src_agency": "Survey of India (SOI)", "state_name": "Delhi", "id_final": "d187"}, "geometry": {"type": "Polygon", "coordinates": [[[77.05066600009586, 28.558952074958047], [77.25598361309541, 28.60878291757912], [77.14439685483386, 28.48393221032609], [77.05066600009586, 28.558952074958047]]]}}, {"type": "Feature", "properties": {"id": 147, "objectid": 147, "state": "DL", "stcode": "07", "district": "North", "dtcode": "080", "shape_length": 109503.33604200189, "shape_area": 282164807.1007894, "ds_name": " Administrative Boundary", "src_agency": "Survey of India (SOI)", "state_name": "Delhi", "id_final": "d188"}, "geometry": {"type": "Polygon", "coordinates": [[[76.9678736200674, 28.79811882061787], [77.21669779379728, 28.852691131603443], [77.20374879133887, 28.685111552264413], [76.9678736200674, 28.79811882061787]]]}}, {"type": "Feature", "properties": {"id": 148, "objectid": 148, "state": "DL", "stcode": "07", "district": "North East", "dtcode": "081", "shape_length": 46591.10205366868, "shape_area": 42948102.76715699, "ds_name": " Administrative Boundary", "src_agency": "Survey of India (SOI)", "state_name": "Delhi", "id_final": "d189"}, "geometry": {"type": "Polygon", "coordinates": [[[77.21428937300627, 28.78527544913144], [77.29075918284019, 28.72242333291659], [77.26863958444355, 28.672088243582152], [77.23544805991536, 28.67111277508797], [77.21428937300627, 28.78527544913144]]]}}, {"type": "Feature", "properties": {"id": 149, "objectid": 149, "state": "DL", "stcode": "07", "district": "North West", "dtcode": "082", "shape_length": 92615.82847957194, "shape_area": 148896605.5324592, "ds_name": " Administrative Boundary", "src_agency": "Survey of India (SOI)", "state_name": "Delhi", "id_final": "d190"}, "geometry": {"type": "Polygon", "coordinates": [[[76.95967740364377, 28.815306434855476], [77.16004360546158, 28.732552142846366], [77.1781960523659, 28.66760273869109], [76.95719496034653, 28.706317515601963], [76.95967740364377, 28.815306434855476]]]}}, {"type": "Feature", "properties": {"id": 150, "objectid": 150, "state": "DL", "stcode": "07", "district": "South", "dtcode": "083", "shape_length": 72494.7428493831, "shape_area": 157249006.0083483, "ds_name": " Administrative Boundary", "src_agency": "Survey of India (SOI)", "state_name": "Delhi", "id_final": "d191"}, "geometry": {"type": "MultiPolygon", "coordinates": [[[[77.20802691775671, 28.560056877904152], [77.25258977979504, 28.432814878109596], [77.17449549236616, 28.4046263595724], [77.11093365685355, 28.471242344522405], [77.20802691775671, 28.560056877904152]]], [[[77.23088799765397, 28.556416070581754], [77.2465514922425, 28.558944212744944], [77.24675136501642, 28.553650850189], [77.23088799765397, 28.556416070581754]]]]}}, {"type": "Feature", "properties": {"id": 151, "objectid": 151, "state": "DL", "stcode": "07", "district": "South West", "dtcode": "084", "shape_length": 110022.49348739468, "shape_area": 273457114.4991869, "ds_name": " Administrative Boundary", "src_agency": "Survey of India (SOI)", "state_name": "Delhi", "id_final": "d192"}, "geometry": {"type": "Polygon", "coordinates": [[[76.94991457244636, 28.669526802306418], [77.10394190385026, 28.612761009874795], [77.05066600009586, 28.558952074958047], [77.0997967889678, 28.51126918977278], [76.87961000776296, 28.50476516325025], [76.83966407001903, 28.5825449659481], [76.94991457244636, 28.669526802306418]]]}}, {"type": "Feature", "properties": {"id": 152, "objectid": 152, "state": "DL", "stcode": "07", "district": "West", "dtcode": "085", "shape_length": 73306.40243704969, "shape_area": 127199849.13593265, "ds_name": " Administrative Boundary", "src_agency": "Survey of India (SOI)", "state_name": "Delhi", "id_final": "d193"}, "geometry": {"type": "Polygon", "coordinates": [[[76.97647662285952, 28.699704988664777], [77.12130649949741, 28.689069189659374], [77.17665672713076, 28.63010315580085], [77.05304198958135, 28.596672054185433], [76.97647662285952, 28.699704988664777]]]}}, {"type": "Feature", "properties": {"id": 153, "objectid": 153, "state": "DL", "stcode": "07", "district": "South East", "dtcode": "670", "shape_length": 56376.63475016287, "shape_area": 97272655.72985299, "ds_name": " Administrative Boundary", "src_agency": "Survey of India (SOI)", "state_name": "Delhi", "id_final": "d194"}, "geometry": {"type": "Polygon", "coordinates": [[[77.25740453653539, 28.606368452421716], [77.34736482375965, 28.520583231687265], [77.32683292051179, 28.490133684395317], [77.24875307057894, 28.481008711170617], [77.20604856874154, 28.565713401393552], [77.25740453653539, 28.606368452421716]], [[77.2312471132093, 28.558998499444066], [77.24675136501642, 28.553650850189], [77.2465514922425, 28.558944212744944], [77.2312471132093, 28.558998499444066]]]}}, {"type": "Feature", "properties": {"id": 154, "objectid": 154, "state": "DL", "stcode": "07", "district": "Shahdara", "dtcode": "671", "shape_length": 33739.569602556505, "shape_area": 34873114.146665275, "ds_name": " Administrative Boundary", "src_agency": "Survey of India (SOI)", "state_name": "Delhi", "id_final": "d195"}, "geometry": {"type": "Polygon", "coordinates": [[[77.27207841524594, 28.696954489159037], [77.31565629120692, 28.64014786610729], [77.23890539736492, 28.666136747735003], [77.27207841524594, 28.696954489159037]]]}}, {"type": "Feature", "properties": {"id": 143, "objectid": 143, "state": "DH", "stcode": "38", "district": "Diu", "dtcode": "464", "shape_length": 47358.050911552615, "shape_area": 37646642.87745144, "ds_name": " Administrative Boundary", "src_agency": "Survey of India (SOI)", "state_name": "Dadra & Nagar Havelli and Daman & Diu", "id_final": "d196"}, "geometry": {"type": "MultiPolygon", "coordinates": [[[[70.87170740534917, 20.70678398269543], [70.9811413259405, 20.722686205185596], [70.99961117518457, 20.74198567312139], [71.01344737292996, 20.737886248138228], [70.97713501918683, 20.701902436815395], [70.87170740534917, 20.70678398269543]]], [[[71.14991377856943, 20.759425603144795], [71.15507395069064, 20.76115957359411], [71.15524440043257, 20.75990861686551], [71.14991377856943, 20.759425603144795]]], [[[71.14637308350677, 20.76344279415601], [71.1496070715448, 20.76183312743874], [71.14603325479538, 20.757957292931493], [71.14637308350677, 20.76344279415601]]]]}}, {"type": "Feature", "properties": {"id": 144, "objectid": 144, "state": "DL", "stcode": "07", "district": "Central", "dtcode": "077", "shape_length": 70942.24881994566, "shape_area": 78206381.9529264, "ds_name": " Administrative Boundary", "src_agency": "Survey of India (SOI)", "state_name": "Delhi", "id_final": "d197"}, "geometry": {"type": "Polygon", "coordinates": [[[77.2205365549308, 28.77148161755939], [77.26434373693206, 28.647467131993828], [77.25561521976151, 28.61348106936699], [77.16791454327937, 28.656163414834193], [77.2205365549308, 28.77148161755939]]]}}, {"type": "Feature", "properties": {"id": 155, "objectid": 155, "state": "DH", "stcode": "38", "district": "Dadra And Nagar Haveli", "dtcode": "465", "shape_length": 221581.86534952003, "shape_area": 475158189.4355312, "ds_name": " Administrative Boundary", "src_agency": "Survey of India (SOI)", "state_name": "Dadra & Nagar Havelli and Daman & Diu", "id_final": "d198"}, "geometry": {"type": "MultiPolygon", "coordinates": [[[[73.09709228319288, 20.360199490474802], [73.16541730578727, 20.285888804729304], [73.06043165730848, 20.161901849110784], [73.21784322707099, 20.18597208255769], [73.19214412246481, 20.04956383529964], [72.97212323132788, 20.114915509753615], [72.911913337989, 20.269643855686915], [73.03462615495894, 20.291448499236758], [73.09709228319288, 20.360199490474802]], [[72.97481719306832, 20.225731909242434], [73.00848496319078, 20.22893086870547], [72.98960895779317, 20.238758239999225], [72.97481719306832, 20.225731909242434]]], [[[72.95273970496355, 20.315383840898605], [72.98304683260194, 20.319011940513338], [72.97029711552463, 20.297252354309595], [72.95273970496355, 20.315383840898605]]]]}}, {"type": "Feature", "properties": {"id": 156, "objectid": 156, "state": "GA", "stcode": "30", "district": "North Goa", "dtcode": "551", "shape_length": 276664.8744772423, "shape_area": 1696177776.3727427, "ds_name": " Administrative Boundary", "src_agency": "Survey of India (SOI)", "state_name": "Goa", "id_final": "d199"}, "geometry": {"type": "MultiPolygon", "coordinates": [[[[73.87041896867507, 15.78116941779408], [73.99068510763729, 15.611638625023863], [74.25195954959798, 15.654376110775775], [74.2784523602264, 15.517540482235116], [74.07137723161007, 15.412502891287792], [74.0994184739331, 15.269407297027003], [73.78608679128037, 15.43803310543825], [73.68955765076389, 15.719372201600788], [73.87041896867507, 15.78116941779408]]], [[[73.67507674476592, 15.726806879483233], [73.69253491903915, 15.727763904437257], [73.69638423252833, 15.72224099110172], [73.67507674476592, 15.726806879483233]]]]}}, {"type": "Feature", "properties": {"id": 157, "objectid": 157, "state": "GA", "stcode": "30", "district": "South Goa", "dtcode": "552", "shape_length": 319072.2264834317, "shape_area": 1932230234.6725433, "ds_name": " Administrative Boundary", "src_agency": "Survey of India (SOI)", "state_name": "Goa", "id_final": "d200"}, "geometry": {"type": "MultiPolygon", "coordinates": [[[[74.24821986939905, 15.49122013428805], [74.33641578474449, 15.295009757852736], [74.25109195265719, 15.258918782589005], [74.29646606789363, 15.041272049796616], [74.0842091903085, 14.900519688995571], [73.91209944665987, 15.082924398844735], [73.89659002537194, 15.323817928438038], [73.78608679128037, 15.43803310543825], [74.09193838404926, 15.268258015985868], [74.07137723161007, 15.412502891287792], [74.24821986939905, 15.49122013428805]]], [[[74.11134500580395, 14.761623501848025], [74.10967370990316, 14.753934278570922], [74.10806655628576, 14.759632503263358], [74.11134500580395, 14.761623501848025]]]]}}, {"type": "Feature", "properties": {"id": 158, "objectid": 158, "state": "GJ", "stcode": "24", "district": "Ahmadabad", "dtcode": "438", "shape_length": 899790.8982459692, "shape_area": 6839954437.44282, "ds_name": " Administrative Boundary", "src_agency": "Survey of India (SOI)", "state_name": "Gujarat", "id_final": "d201"}, "geometry": {"type": "Polygon", "coordinates": [[[72.03002663150717, 23.508230360453872], [72.05191825291823, 23.443333594654074], [72.29841993788334, 23.41532557782047], [72.17491315396038, 23.272847171813414], [72.15949502742204, 23.105711156983816], [72.43516271972686, 23.04350607236838], [72.54817151032483, 23.163981251436827], [72.83836854253965, 22.996330913821982], [72.52204212943532, 22.795796767829643], [72.56927567426405, 22.653581647175397], [72.35592020151788, 22.44043012019244], [72.37366498713828, 22.12955389941117], [72.27013645183077, 21.882517482023882], [72.24427708413674, 21.994496952744875], [72.06131345687777, 22.08446807127611], [72.16060049379645, 22.14735759839501], [72.1316383708204, 22.19893784088348], [71.85478520101998, 22.257715043609426], [71.83979653921705, 22.324665781504496], [71.89196000071495, 22.42240181220903], [71.94485525527999, 22.384955502848698], [71.94151452446371, 22.548583935952106], [72.08389181194352, 22.435664205380867], [72.1893412711796, 22.542467874159048], [72.06689520680575, 22.591181926209316], [72.02300069701319, 22.68018351712396], [72.10814083097296, 22.72122874044879], [71.98953426089217, 22.86298048343165], [72.01782250959648, 23.050892927689418], [71.89963295191146, 23.102636013996726], [71.99659761431035, 23.24979707572477], [71.87005314110519, 23.218515389762004], [71.87051171813782, 23.381804644823404], [72.03002663150717, 23.508230360453872]]]}}, {"type": "Feature", "properties": {"id": 159, "objectid": 159, "state": "GJ", "stcode": "24", "district": "Amreli", "dtcode": "439", "shape_length": 730148.4792770852, "shape_area": 7129461642.213562, "ds_name": " Administrative Boundary", "src_agency": "Survey of India (SOI)", "state_name": "Gujarat", "id_final": "d202"}, "geometry": {"type": "MultiPolygon", "coordinates": [[[[71.31712692050047, 22.03769374791155], [71.60162442555476, 21.727803530262754], [71.62279227893063, 21.632518074336385], [71.47792724716973, 21.48135553033981], [71.61453994247043, 21.44073730088603], [71.63223990188791, 21.341539454691645], [71.53232949251031, 21.292653260432832], [71.51636783256625, 21.17449828974626], [71.67730716456636, 20.996334596066507], [71.20404730050075, 20.79480402010554], [71.21980044001658, 20.957110945306738], [71.12302104409063, 20.963538730553715], [71.13466714088364, 21.067474495031778], [70.80390627962693, 21.233724223403605], [70.943648726536, 21.311970797816276], [70.86614235055916, 21.37688304368122], [70.94729834508962, 21.418878430544574], [70.80998277142419, 21.49089330818582], [70.89439028845887, 21.535064263048092], [70.7672226374009, 21.710380552347548], [71.02985596212022, 21.7393927328808], [71.10947014376185, 21.851257012428405], [71.05571994182984, 21.904830007730805], [71.19515091680532, 22.014211965540646], [71.29408298490247, 21.962515170411514], [71.31712692050047, 22.03769374791155]]], [[[71.51627650447202, 20.91379328829668], [71.53084359040754, 20.904227823176093], [71.50659859698919, 20.903683111626073], [71.51627650447202, 20.91379328829668]]], [[[71.63447659623982, 21.103842413911263], [71.65373002232484, 21.098154429410553], [71.63887841188763, 21.0884786388455], [71.63447659623982, 21.103842413911263]]], [[[70.87884464890992, 21.420085178671073], [70.86795250415292, 21.389726954324303], [70.84603136564334, 21.40889166577791], [70.87884464890992, 21.420085178671073]]], [[[70.73618252904276, 21.665899181830664], [70.77748167354184, 21.662469388687217], [70.74318311448592, 21.64099097609199], [70.73618252904276, 21.665899181830664]]], [[[70.76602888551814, 21.79637232041441], [70.80083686697189, 21.77414313589426], [70.76602495630527, 21.749889378607737], [70.76602888551814, 21.79637232041441]]]]}}, {"type": "Feature", "properties": {"id": 145, "objectid": 145, "state": "DL", "stcode": "07", "district": "East", "dtcode": "078", "shape_length": 31792.58944349742, "shape_area": 45139695.956186295, "ds_name": " Administrative Boundary", "src_agency": "Survey of India (SOI)", "state_name": "Delhi", "id_final": "d203"}, "geometry": {"type": "Polygon", "coordinates": [[[77.2525191707443, 28.624833279774833], [77.34240851337505, 28.608923033110084], [77.29849783818099, 28.571229881701434], [77.2525191707443, 28.624833279774833]]]}}, {"type": "Feature", "properties": {"id": 160, "objectid": 160, "state": "GJ", "stcode": "24", "district": "Anand", "dtcode": "440", "shape_length": 376903.94049086794, "shape_area": 2962750754.783734, "ds_name": " Administrative Boundary", "src_agency": "Survey of India (SOI)", "state_name": "Gujarat", "id_final": "d204"}, "geometry": {"type": "Polygon", "coordinates": [[[73.0261287176163, 22.734778306279697], [73.2197658837221, 22.626213373006], [73.08787220519814, 22.502739562898764], [73.05906249819738, 22.310269103842597], [72.69614608170396, 22.21560553839243], [72.5287023961246, 22.25803427892102], [72.37366498713828, 22.12955389941117], [72.40094222569944, 22.359676808142133], [72.34150548860272, 22.386682103347415], [72.42625848565228, 22.571721389981718], [72.51238319788763, 22.613396329340308], [72.57698704076739, 22.50368765241584], [72.66616713318604, 22.503683833725507], [72.68501402950966, 22.629730354885137], [72.91317308660324, 22.59304380229473], [73.0261287176163, 22.734778306279697]]]}}, {"type": "Feature", "properties": {"id": 161, "objectid": 161, "state": "GJ", "stcode": "24", "district": "Banas Kantha", "dtcode": "441", "shape_length": 932789.3433570027, "shape_area": 10362555026.253765, "ds_name": " Administrative Boundary", "src_agency": "Survey of India (SOI)", "state_name": "Gujarat", "id_final": "d205"}, "geometry": {"type": "MultiPolygon", "coordinates": [[[[71.28764954140239, 24.6159009903242], [71.79150394660954, 24.677331167250045], [71.8521407327351, 24.609359667432464], [71.87172874358944, 24.68176062099744], [71.93984820494646, 24.63379998463252], [72.08467056644216, 24.707026121381222], [72.1647858792219, 24.621285168638494], [72.34735120266792, 24.62851531321984], [72.24642766361534, 24.585517750851622], [72.44105881966313, 24.515322061190133], [72.45734433683239, 24.41477883034743], [72.53892532297229, 24.519615079111528], [72.72501257426747, 24.367212107542887], [72.95945610023065, 24.360955173192075], [73.02799863296329, 24.273731526709852], [72.89868409496262, 24.025494980909134], [72.71301757475936, 24.09918167023812], [72.58433526866806, 23.936015759389733], [72.48729317582475, 23.93197092497585], [72.1291082257578, 24.15530274837842], [72.13256448043427, 24.052859537495685], [72.01292890615827, 24.0687536303381], [72.03995948990335, 23.980429703443587], [71.9253740867762, 24.009225822743044], [71.97772511840331, 23.889338391880074], [71.76650352565395, 23.826823670958245], [71.68853929429079, 23.97080647320609], [71.47901537954559, 24.025275360444684], [71.4161072874099, 23.925235699597486], [71.28502129400202, 23.991630649253555], [71.3363611570937, 24.105326109113793], [71.25784294922978, 24.159598792430167], [71.36073787200552, 24.185719654030738], [71.27430352617019, 24.257854703741042], [71.384022652921, 24.35071444085344], [71.31897791903683, 24.402267648966873], [71.34838377480978, 24.51770141236232], [71.25675338420179, 24.50813361594953], [71.28764954140239, 24.6159009903242]], [[71.41648279060192, 23.966781591063942], [71.40575310427545, 23.96684378973854], [71.41440576919348, 23.961984681924687], [71.41648279060192, 23.966781591063942]]], [[[71.24544239158446, 24.220564225115677], [71.23316994903773, 24.211418179353437], [71.22859894868171, 24.226577014670326], [71.24544239158446, 24.220564225115677]]], [[[71.12352200281597, 24.251437170681104], [71.11022702510382, 24.243593464570896], [71.11093956556218, 24.258274271574276], [71.12352200281597, 24.251437170681104]]], [[[71.22099687932916, 24.249672253665562], [71.15691149450393, 24.25661660334843], [71.15221920748272, 24.2767900123258], [71.22099687932916, 24.249672253665562]]], [[[71.14480370393238, 24.283539057047616], [71.13407428852543, 24.277210603418972], [71.13464932972511, 24.289055419310177], [71.14480370393238, 24.283539057047616]]], [[[71.13226551490575, 24.30429098699865], [71.11695639215648, 24.29526269689253], [71.11777688019593, 24.31216057688304], [71.13226551490575, 24.30429098699865]]], [[[71.09637695339424, 24.317229051543745], [71.07448805198827, 24.304321574118017], [71.07566118280808, 24.328479650599316], [71.09637695339424, 24.317229051543745]]]]}}, {"type": "Feature", "properties": {"id": 162, "objectid": 162, "state": "GJ", "stcode": "24", "district": "Bharuch", "dtcode": "442", "shape_length": 647034.1862492339, "shape_area": 5222075971.112502, "ds_name": " Administrative Boundary", "src_agency": "Survey of India (SOI)", "state_name": "Gujarat", "id_final": "d206"}, "geometry": {"type": "MultiPolygon", "coordinates": [[[[72.86881148584939, 22.212125761162255], [72.91356326238613, 22.047222112224908], [73.06324618695903, 22.016606424698683], [72.99999589684859, 21.910831983064494], [73.09040500192413, 21.929612824819056], [73.05920313506704, 21.882349691596495], [73.20957614811968, 21.822289035979498], [73.25687414004024, 21.935560637105272], [73.39547621960611, 21.717081721453717], [73.48758930606171, 21.704025304140714], [73.45279868531071, 21.52795468083649], [73.11939676005622, 21.483729877544903], [73.05505895346045, 21.569260629380043], [73.05464801394123, 21.484087191215238], [72.98644963831772, 21.541408768684786], [72.92578598845202, 21.42215486430376], [72.63612611861272, 21.39084632695024], [72.68730213622334, 21.452444538483483], [72.63747849804113, 21.4354864892125], [72.61787358836524, 21.592702312040757], [72.88438877459078, 21.68650643203124], [72.5191799687759, 21.652133564560707], [72.63323794907194, 21.9279019979144], [72.51681953659096, 21.86096022731896], [72.48994551249869, 22.02034191212317], [72.6016701507249, 22.213526823405854], [72.86881148584939, 22.212125761162255]]], [[[72.62016890358403, 21.397300170457555], [72.61586597919451, 21.392518047391068], [72.62934704955245, 21.411130894689933], [72.62016890358403, 21.397300170457555]]], [[[72.60774501249196, 21.632904790378728], [72.59331401156062, 21.630914615047732], [72.60744651688734, 21.634466639007908], [72.60774501249196, 21.632904790378728]]], [[[72.6643197761548, 21.66532961822863], [72.68027863550203, 21.65319867923904], [72.65147798758744, 21.651795897788944], [72.6643197761548, 21.66532961822863]]], [[[72.84921448100394, 22.274944974059245], [72.83350162458048, 22.271508143902246], [72.83859221906728, 22.274405574735308], [72.84921448100394, 22.274944974059245]]]]}}, {"type": "Feature", "properties": {"id": 163, "objectid": 163, "state": "GJ", "stcode": "24", "district": "Bhavnagar", "dtcode": "443", "shape_length": 550984.6086195918, "shape_area": 6536073844.878734, "ds_name": " Administrative Boundary", "src_agency": "Survey of India (SOI)", "state_name": "Gujarat", "id_final": "d207"}, "geometry": {"type": "MultiPolygon", "coordinates": [[[[71.93186254921669, 22.12495071675815], [72.24427708413674, 21.994496952744875], [72.30697088106574, 21.624796572723415], [72.11232585531558, 21.198858807441045], [71.67409700309288, 20.985337971040853], [71.51636783256625, 21.17449828974626], [71.53232949251031, 21.292653260432832], [71.63223990188791, 21.341539454691645], [71.61453994247043, 21.44073730088603], [71.47792724716973, 21.48135553033981], [71.62279227893063, 21.632518074336385], [71.59957182828556, 21.800868850797126], [71.67596420974357, 21.943818210369287], [71.86754398912589, 22.009564397125807], [71.83160512790478, 22.062337892252685], [71.93186254921669, 22.12495071675815]], [[71.70782398493414, 21.892518766053136], [71.72838691700707, 21.864651379612795], [71.72523708736578, 21.892214620275272], [71.70782398493414, 21.892518766053136]], [[71.65373002232484, 21.098154429410553], [71.63447659623982, 21.103842413911263], [71.63887841188763, 21.0884786388455], [71.65373002232484, 21.098154429410553]]], [[[72.35241478130234, 21.611527359042263], [72.3550720788605, 21.584524149424695], [72.34926238778095, 21.611190076110255], [72.35241478130234, 21.611527359042263]]], [[[72.31375777075445, 21.79725256299615], [72.29220347487447, 21.762196144074824], [72.29350853558844, 21.820472940349358], [72.31375777075445, 21.79725256299615]]], [[[72.32704408040841, 21.98789194793922], [72.36542078095064, 21.923222340659777], [72.36125478628823, 21.890985359201824], [72.29985250197382, 21.954991638532633], [72.32704408040841, 21.98789194793922]]]]}}, {"type": "Feature", "properties": {"id": 164, "objectid": 164, "state": "GJ", "stcode": "24", "district": "Dang", "dtcode": "444", "shape_length": 265494.88591538795, "shape_area": 1701608944.8211489, "ds_name": " Administrative Boundary", "src_agency": "Survey of India (SOI)", "state_name": "Gujarat", "id_final": "d208"}, "geometry": {"type": "MultiPolygon", "coordinates": [[[[73.56413477769524, 21.009386122505646], [73.75267478306091, 21.006136035911148], [73.92546924246118, 20.888503568466298], [73.94219692299112, 20.742394856412712], [73.74458428531472, 20.56488290689531], [73.47973076255755, 20.672149659214753], [73.56413477769524, 21.009386122505646]]], [[[73.73521412345062, 21.07256439805474], [73.7952988580144, 21.04439333449664], [73.84313627377071, 20.985515659886772], [73.73521412345062, 21.07256439805474]]]]}}, {"type": "Feature", "properties": {"id": 165, "objectid": 165, "state": "GJ", "stcode": "24", "district": "Dohad", "dtcode": "445", "shape_length": 398789.5456728134, "shape_area": 3523827759.998239, "ds_name": " Administrative Boundary", "src_agency": "Survey of India (SOI)", "state_name": "Gujarat", "id_final": "d209"}, "geometry": {"type": "MultiPolygon", "coordinates": [[[[74.0020243253518, 23.335710555527665], [74.13878316928917, 23.266056359458986], [74.15504057671086, 23.15658855995387], [74.26925133853717, 23.163607995728906], [74.33948621728123, 22.952896379138828], [74.47609661996684, 22.852460391208094], [74.3790310844218, 22.63464372265398], [74.26362916520517, 22.644092604118356], [74.1506681867124, 22.52126773683475], [74.01754148009948, 22.574060598699266], [73.87619624232605, 22.50311720335025], [73.80604479193616, 22.549163882936885], [73.86688330086406, 22.569513630004572], [73.79785205599521, 22.61119578865481], [73.81112854483086, 22.786753318644585], [73.92823046576042, 22.977172236160325], [73.90665181362807, 23.081091333831747], [74.02032420980773, 23.092637032533524], [74.0020243253518, 23.335710555527665]]], [[[73.79531202950118, 22.769337416953224], [73.77444900357597, 22.787548908370045], [73.78888140275284, 22.79353041825483], [73.79531202950118, 22.769337416953224]]]]}}, {"type": "Feature", "properties": {"id": 166, "objectid": 166, "state": "GJ", "stcode": "24", "district": "Gandhinagar", "dtcode": "446", "shape_length": 417848.7929347063, "shape_area": 2004884373.5728927, "ds_name": " Administrative Boundary", "src_agency": "Survey of India (SOI)", "state_name": "Gujarat", "id_final": "d210"}, "geometry": {"type": "Polygon", "coordinates": [[[72.66156624719817, 23.562827675756722], [72.81498380028007, 23.479254118187747], [72.72342575581372, 23.38977849537595], [72.80101811072953, 23.319073978678784], [72.91557348850564, 23.32254369507606], [72.9343950368306, 23.23910405223723], [72.9605285807423, 23.281058579788443], [73.0169938177283, 23.278304330304938], [72.97117513834259, 23.163557902554608], [73.02707623280665, 23.131610173033348], [72.89268815045506, 23.014686257289622], [72.54817151032483, 23.163981251436827], [72.43516271972686, 23.04350607236838], [72.33631888407903, 23.107281634271967], [72.4273707360112, 23.143616336415676], [72.42274088792672, 23.300334707728332], [72.66156624719817, 23.562827675756722]]]}}, {"type": "Feature", "properties": {"id": 167, "objectid": 167, "state": "GJ", "stcode": "24", "district": "Jamnagar", "dtcode": "447", "shape_length": 794376.2389293939, "shape_area": 6549611081.1361265, "ds_name": " Administrative Boundary", "src_agency": "Survey of India (SOI)", "state_name": "Gujarat", "id_final": "d211"}, "geometry": {"type": "MultiPolygon", "coordinates": [[[[70.43266007564651, 22.967061652252365], [70.6633772285554, 22.83167735426744], [70.5490625651028, 22.561552400591882], [70.60163581485968, 22.531128331375797], [70.52852218692139, 22.515516715573874], [70.58682324256463, 22.490646471525753], [70.4452564287122, 22.43386560755241], [70.6149028053764, 22.18977339569492], [70.5693086710023, 22.027677989865282], [70.33049027825756, 22.051556893595656], [70.19623584398242, 21.892918523586626], [70.14447508116226, 21.94155809256793], [70.02985966356142, 21.793357274316275], [70.04821219845803, 21.69929453797641], [70.01075300814472, 21.80490356259015], [69.81819154077243, 21.74227266276955], [69.9335894330388, 21.960830267268058], [69.85346873871622, 22.01977026542394], [69.89344338093636, 22.12876911982442], [69.81215601324058, 22.127879754970927], [69.75550236532237, 22.237282212848182], [69.72489690208803, 22.46602258956643], [69.86984929687712, 22.459972629183262], [69.83936097067432, 22.54163225082428], [69.96558444244664, 22.62246571297387], [70.14903077238365, 22.559075137670412], [70.43266007564651, 22.967061652252365]], [[70.42170046982484, 22.37411295643175], [70.40928267098603, 22.361316953017415], [70.4661474317774, 22.3328282851277], [70.42170046982484, 22.37411295643175]]], [[[70.52323901142539, 22.419450369719026], [70.53035200344091, 22.38765629533159], [70.50548575519964, 22.392602352095334], [70.52323901142539, 22.419450369719026]]], [[[70.51084061142512, 22.459793472847444], [70.53785903733431, 22.438100678092496], [70.53422750507352, 22.435597303343222], [70.51084061142512, 22.459793472847444]]], [[[69.82181654964243, 22.508366472153778], [69.80112614590186, 22.479191909212044], [69.78423831853732, 22.492011077528566], [69.82181654964243, 22.508366472153778]]]]}}, {"type": "Feature", "properties": {"id": 168, "objectid": 168, "state": "GJ", "stcode": "24", "district": "Junagadh", "dtcode": "448", "shape_length": 563256.8139699645, "shape_area": 4840050534.416941, "ds_name": " Administrative Boundary", "src_agency": "Survey of India (SOI)", "state_name": "Gujarat", "id_final": "d212"}, "geometry": {"type": "Polygon", "coordinates": [[[70.12090287499548, 21.68067935087177], [70.13915826169493, 21.611947708464964], [70.26518266181488, 21.613129122910554], [70.2632692216366, 21.525842820259207], [70.44089949039731, 21.674145700323006], [70.70135928766103, 21.604444122873158], [70.79363174738864, 21.666220316870827], [70.89439028845887, 21.535064263048092], [70.80998277142419, 21.49089330818582], [70.94729834508962, 21.418878430544574], [70.86614235055916, 21.37688304368122], [70.943648726536, 21.311970797816276], [70.80415397797913, 21.23722466376033], [70.85205330123785, 21.124723148260287], [70.74757155346535, 21.13665869850421], [70.74759696178916, 21.24340900906839], [70.5248760179112, 21.300140562060278], [70.57595513617434, 21.199493457021887], [70.5023621096545, 21.19170114786443], [70.46016382467575, 21.048359442739734], [70.21268258750636, 21.009343183757203], [69.98091466525123, 21.227084485352258], [70.02804786287976, 21.280843506014985], [69.94141439941261, 21.373001534128576], [70.0477020703539, 21.442394945487226], [69.96435422842804, 21.591806532550883], [70.07071525940763, 21.58507783018917], [70.12090287499548, 21.68067935087177]], [[70.87884464890992, 21.420085178671073], [70.84603136564334, 21.40889166577791], [70.86795250415292, 21.389726954324303], [70.87884464890992, 21.420085178671073]]]}}, {"type": "Feature", "properties": {"id": 169, "objectid": 169, "state": "GJ", "stcode": "24", "district": "Kachchh", "dtcode": "449", "shape_length": 1883413.0228641196, "shape_area": 41280096782.11052, "ds_name": " Administrative Boundary", "src_agency": "Survey of India (SOI)", "state_name": "Gujarat", "id_final": "d213"}, "geometry": {"type": "Polygon", "coordinates": [[[71.76124885702605, 23.117674392939122], [71.10926037029265, 23.22227446870009], [70.94956835015967, 23.13198809839074], [70.82970785305466, 23.158356361286465], [70.85782228184435, 23.130209089205923], [70.82757148518503, 23.08021820490023], [70.77011404121369, 23.168337337374098], [70.54130093102376, 22.960089353707684], [70.1296484256058, 22.98760926440084], [70.12747982521574, 22.914799672999933], [69.71732691736402, 22.73439167088631], [69.5664972615469, 22.743507136841053], [69.19403645454821, 22.837633175102983], [68.76129255684565, 23.07917676372457], [68.47326433474974, 23.347300231042578], [68.54872849920666, 23.41404464687108], [68.52927059508339, 23.432197484739834], [68.40556668858994, 23.40388743502102], [68.47675471102308, 23.505969618762062], [68.44172412007165, 23.618610101345702], [68.67608244477267, 23.856657318151562], [68.48053962670451, 23.727013505415062], [68.4341297536905, 23.806651154941605], [68.27808122552615, 23.559728585323455], [68.1840002745272, 23.587003072697396], [68.19953165423024, 23.84709449084777], [68.36893287482721, 23.984773902803965], [68.75302599039051, 23.971310423266683], [68.7647043461887, 24.295843708052608], [68.82631168212171, 24.317362933909326], [68.86482148066231, 24.212780055693155], [68.94528378423175, 24.302492760638497], [69.00532841230833, 24.223119657475394], [69.59444602153064, 24.292398465304963], [69.73121404867031, 24.171056604999308], [70.02505731478819, 24.171284908829357], [70.10986838097905, 24.294974709538796], [70.57312169388882, 24.42236230915394], [70.57122975724195, 24.251734940249484], [70.82654499211709, 24.22682543205139], [71.12184387181382, 24.405660752845655], [70.9985651839522, 24.44442675708905], [70.98735474447162, 24.54342054212694], [71.09637936943348, 24.688540948894776], [71.28764954140239, 24.6159009903242], [71.25675338420179, 24.50813361594953], [71.34838377480978, 24.51770141236232], [71.31897791903683, 24.402267648966873], [71.384022652921, 24.35071444085344], [71.27430352617019, 24.257854703741042], [71.36073787200552, 24.185719654030738], [71.25759428341016, 24.158853494581436], [71.3363611570937, 24.105326109113793], [71.29948222902787, 23.92767029162178], [71.09742256813341, 23.90199148838495], [71.03879945184713, 23.63895394215248], [71.13552521664725, 23.62783808312541], [71.17467143327912, 23.744331884876054], [71.22182573451785, 23.65637687121733], [71.42506077635389, 23.628812729573028], [71.44520496644616, 23.469339554784998], [71.52026804988054, 23.52780199267005], [71.5079936805829, 23.456251703632756], [71.60283074669513, 23.4236943903247], [71.56154828725874, 23.352340733220597], [71.64136579704257, 23.33828040179415], [71.76124885702605, 23.117674392939122]], [[71.13230709069317, 24.28434447313547], [71.14644467231307, 24.280662526494158], [71.13464932972511, 24.289055419310177], [71.13230709069317, 24.28434447313547]], [[71.23067667609972, 24.22809279887715], [71.23774094952417, 24.211039184841148], [71.24588563967849, 24.21854305503594], [71.23067667609972, 24.22809279887715]], [[71.12555535228209, 24.247871908096418], [71.10866290943537, 24.247871910586113], [71.117734777491, 24.240455845208487], [71.12555535228209, 24.247871908096418]], [[71.11777688019593, 24.31216057688304], [71.12560154336688, 24.291651200720885], [71.13460691019498, 24.300187299774027], [71.11777688019593, 24.31216057688304]], [[71.07448805198827, 24.304321574118017], [71.09972466709411, 24.311362178296317], [71.07566118280808, 24.328479650599316], [71.07448805198827, 24.304321574118017]], [[71.18197407208643, 24.23179429316321], [71.21932869425129, 24.251155428115524], [71.15221920748272, 24.2767900123258], [71.18197407208643, 24.23179429316321]]]}}, {"type": "Feature", "properties": {"id": 170, "objectid": 170, "state": "GJ", "stcode": "24", "district": "Kheda", "dtcode": "450", "shape_length": 456971.7076469915, "shape_area": 3285260974.9675975, "ds_name": " Administrative Boundary", "src_agency": "Survey of India (SOI)", "state_name": "Gujarat", "id_final": "d214"}, "geometry": {"type": "Polygon", "coordinates": [[[73.14142813720089, 23.199485486647355], [73.27282251322471, 23.058470405275948], [73.25815437729926, 22.929256207496422], [73.41934255230865, 22.94036354795831], [73.3632745333966, 22.798875651537738], [73.25673790522515, 22.767587425704264], [73.26416955689191, 22.66028709478901], [73.02516102491616, 22.73503344465444], [72.91740082297092, 22.594720935075394], [72.74009895240381, 22.645725535839638], [72.67135964247736, 22.505926426520887], [72.5765146537521, 22.504056332645373], [72.50508315718879, 22.61401758981631], [72.56927567426405, 22.653581647175397], [72.52204212943532, 22.795796767829643], [72.60803004975685, 22.813570237706216], [72.6073866530785, 22.886563430272748], [72.7911662805892, 22.90807012290563], [73.01935743016492, 23.169390998505804], [73.14142813720089, 23.199485486647355]]]}}, {"type": "Feature", "properties": {"id": 171, "objectid": 171, "state": "GJ", "stcode": "24", "district": "Mahesana", "dtcode": "451", "shape_length": 588247.6754033916, "shape_area": 4255541309.3466268, "ds_name": " Administrative Boundary", "src_agency": "Survey of India (SOI)", "state_name": "Gujarat", "id_final": "d215"}, "geometry": {"type": "MultiPolygon", "coordinates": [[[[71.94046664315844, 23.581140604362343], [72.2850360110447, 23.612945937514187], [72.29298169131113, 23.849501133996824], [72.58433526866806, 23.936015759389733], [72.63717650158598, 24.076056521280485], [72.8562464012909, 24.045530657070167], [72.78867989702866, 23.83322184376613], [72.82583022954095, 23.501763768996923], [72.63686049125616, 23.556077795473474], [72.412096076305, 23.28078567586631], [72.4273707360112, 23.143616336415676], [72.29530251164199, 23.03884885869132], [72.15440320503548, 23.11294641633769], [72.28758952180077, 23.445842842994256], [72.05191825291823, 23.443333594654074], [71.94046664315844, 23.581140604362343]]], [[[72.12498214979456, 23.60605231907732], [72.1032689297464, 23.615345022298794], [72.11753444923278, 23.623613179292395], [72.12498214979456, 23.60605231907732]]]]}}, {"type": "Feature", "properties": {"id": 172, "objectid": 172, "state": "GJ", "stcode": "24", "district": "Narmada", "dtcode": "452", "shape_length": 391106.0999386979, "shape_area": 2706148166.888554, "ds_name": " Administrative Boundary", "src_agency": "Survey of India (SOI)", "state_name": "Gujarat", "id_final": "d216"}, "geometry": {"type": "Polygon", "coordinates": [[[73.61470858869036, 22.072462710972403], [73.93140508377311, 21.88880232976284], [73.79560621734575, 21.824519514096803], [73.89431531582505, 21.675978681718355], [73.78014194464738, 21.62823364134748], [73.85193787441622, 21.497901830955435], [73.98235300849574, 21.522564091941963], [73.97138968094694, 21.461662768211035], [73.69912854891065, 21.396362448443053], [73.67627168362158, 21.47280511794459], [73.44177127358115, 21.538142501192212], [73.4998509739449, 21.681229433248852], [73.29973281028067, 21.878964715177023], [73.61470858869036, 22.072462710972403]]]}}, {"type": "Feature", "properties": {"id": 173, "objectid": 173, "state": "GJ", "stcode": "24", "district": "Navsari", "dtcode": "453", "shape_length": 312589.48547788424, "shape_area": 2133849015.8121734, "ds_name": " Administrative Boundary", "src_agency": "Survey of India (SOI)", "state_name": "Gujarat", "id_final": "d217"}, "geometry": {"type": "Polygon", "coordinates": [[[72.72291349902237, 21.038909711488213], [72.99430387856926, 21.079165444589847], [73.12569136270933, 20.8976932075957], [73.4960279660414, 20.81914134713048], [73.48993711584424, 20.755861656714245], [73.3851767529748, 20.614148291744133], [73.07281329076561, 20.599944790516258], [73.01671084953806, 20.729692003539412], [72.83541362756038, 20.77958604508221], [72.72291349902237, 21.038909711488213]]]}}, {"type": "Feature", "properties": {"id": 174, "objectid": 174, "state": "GJ", "stcode": "24", "district": "Panch Mahals", "dtcode": "454", "shape_length": 460817.9210413002, "shape_area": 3158115229.922956, "ds_name": " Administrative Boundary", "src_agency": "Survey of India (SOI)", "state_name": "Gujarat", "id_final": "d218"}, "geometry": {"type": "Polygon", "coordinates": [[[73.68006501036677, 23.097207479696632], [73.66868190288973, 23.02025354613264], [73.80949474116144, 23.10906092353908], [73.92823046576042, 22.977172236160325], [73.81112854483086, 22.786753318644585], [73.79785205599521, 22.61119578865481], [73.86688330086406, 22.569513630004572], [73.7359410066454, 22.52930832239763], [73.76988729086801, 22.383516815431133], [73.6972190004528, 22.28652666906864], [73.64902201600468, 22.385798742188932], [73.61656992444772, 22.32436184140334], [73.4643007035687, 22.360182734447417], [73.36250286089563, 22.627557401630668], [73.42516977640989, 22.779284721325123], [73.35020996634563, 22.792354123993604], [73.43688031122669, 23.032686611963022], [73.58434612980018, 22.987239464947695], [73.68006501036677, 23.097207479696632]], [[73.77444900357597, 22.787548908370045], [73.7950941946845, 22.768551620411216], [73.78888140275284, 22.79353041825483], [73.77444900357597, 22.787548908370045]]]}}, {"type": "Feature", "properties": {"id": 175, "objectid": 175, "state": "GJ", "stcode": "24", "district": "Patan", "dtcode": "455", "shape_length": 716305.2892032366, "shape_area": 5551720653.926561, "ds_name": " Administrative Boundary", "src_agency": "Survey of India (SOI)", "state_name": "Gujarat", "id_final": "d219"}, "geometry": {"type": "MultiPolygon", "coordinates": [[[[72.2850360110447, 23.612945937514187], [71.98098466704747, 23.623315718710707], [71.96878644975072, 23.526715703153027], [71.79155758683619, 23.392017903017987], [71.73047677536087, 23.490715629537437], [71.5079936805829, 23.456251703632756], [71.52026804988054, 23.52780199267005], [71.44520496644616, 23.469339554784998], [71.42506077635389, 23.628812729573028], [71.22182573451785, 23.65637687121733], [71.20692311938392, 23.738675661663276], [71.08081157225708, 23.598517832198166], [71.04309875106792, 23.80459788237294], [71.10171721546166, 23.905355178793403], [71.3190638620856, 23.98374781925265], [71.4161072874099, 23.925235699597486], [71.47901537954559, 24.025275360444684], [71.68853929429079, 23.97080647320609], [71.76650352565395, 23.826823670958245], [71.86133163764872, 23.846973281544077], [71.97772511840331, 23.889338391880074], [71.9253740867762, 24.009225822743044], [72.03995948990335, 23.980429703443587], [72.01292890615827, 24.0687536303381], [72.10076079353667, 24.034420532135623], [72.15724693688338, 24.09560585782911], [72.08971433992451, 24.138694387413633], [72.20405592241734, 24.14905483953787], [72.48259334153953, 23.934296869234572], [72.29298169131113, 23.849501133996824], [72.2850360110447, 23.612945937514187]]], [[[71.41071604568717, 23.974021675318742], [71.41493586117387, 23.962120653536218], [71.40601075869814, 23.966136506175697], [71.41071604568717, 23.974021675318742]]]]}}, {"type": "Feature", "properties": {"id": 176, "objectid": 176, "state": "GJ", "stcode": "24", "district": "Porbandar", "dtcode": "456", "shape_length": 413984.5043088974, "shape_area": 2239806304.2023244, "ds_name": " Administrative Boundary", "src_agency": "Survey of India (SOI)", "state_name": "Gujarat", "id_final": "d220"}, "geometry": {"type": "Polygon", "coordinates": [[[69.72198577158002, 21.96271944026107], [69.60889458771476, 21.86432964552284], [69.61629483385401, 21.80326788695777], [69.81448824629479, 21.824915263271265], [69.84847553276973, 21.732283068238498], [70.01075300814472, 21.80490356259015], [70.02451195262071, 21.703990470559123], [70.14258703260728, 21.686532431850203], [70.07071525940763, 21.58507783018917], [69.96435422842804, 21.591806532550883], [70.04827250196534, 21.451066859087145], [69.94395225831263, 21.397591832077445], [70.02812740420444, 21.280507501300665], [69.98091466525123, 21.227084485352258], [69.37098760247012, 21.830047103781453], [69.72198577158002, 21.96271944026107]]]}}, {"type": "Feature", "properties": {"id": 177, "objectid": 177, "state": "GJ", "stcode": "24", "district": "Rajkot", "dtcode": "457", "shape_length": 979117.8979929242, "shape_area": 7325463831.137458, "ds_name": " Administrative Boundary", "src_agency": "Survey of India (SOI)", "state_name": "Gujarat", "id_final": "d221"}, "geometry": {"type": "MultiPolygon", "coordinates": [[[[70.59186023754162, 22.608306164412014], [70.74227037576361, 22.383796775661228], [70.84767749739585, 22.511724921546143], [71.03345313934372, 22.39573398979253], [71.1627440071933, 22.1856300581422], [71.12453896173031, 22.125065274221484], [71.29650981344469, 22.16839630936256], [71.23564189922664, 22.27667466199624], [71.4601979307784, 22.25652300701701], [71.50046236416193, 22.05410558150227], [71.39256608549186, 21.98060648129964], [71.30285090443796, 22.041740571272104], [71.26316673602625, 21.95769830959637], [71.18791265302923, 22.01194231513446], [71.03048087088715, 21.87426424296792], [71.10947014376185, 21.851257012428405], [71.02295940371256, 21.73573097066512], [70.80034263266897, 21.742177229101813], [70.70135928766103, 21.604444122873158], [70.44089949039731, 21.674145700323006], [70.2593643860268, 21.526786759123596], [70.26518266181488, 21.613129122910554], [70.13842690856066, 21.61242562070103], [70.02985966356142, 21.793357274316275], [70.33049027825756, 22.051556893595656], [70.5693086710023, 22.027677989865282], [70.6149028053764, 22.18977339569492], [70.4452564287122, 22.43386560755241], [70.58682324256463, 22.490646471525753], [70.52852218692139, 22.515516715573874], [70.60163581485968, 22.531128331375797], [70.59186023754162, 22.608306164412014]], [[70.53785903733431, 22.438100678092496], [70.51167614176194, 22.45685459498865], [70.53422750507352, 22.435597303343222], [70.53785903733431, 22.438100678092496]], [[70.53704653942289, 22.402430185852882], [70.50545642762795, 22.392873311104243], [70.51468169069888, 22.385430330441658], [70.53704653942289, 22.402430185852882]], [[70.77832726530072, 21.80194081148904], [70.76602495630527, 21.749889378607737], [70.80083686697189, 21.77414313589426], [70.77832726530072, 21.80194081148904]], [[71.30071365375788, 22.23720545860234], [71.34980725665626, 22.234278163912165], [71.33351973063671, 22.26073035331576], [71.30071365375788, 22.23720545860234]]], [[[70.40375909209904, 22.403225813480308], [70.42088046488672, 22.376044713900395], [70.46212220147437, 22.350224762694918], [70.4488862823654, 22.32805180915629], [70.40375909209904, 22.403225813480308]]]]}}, {"type": "Feature", "properties": {"id": 178, "objectid": 178, "state": "GJ", "stcode": "24", "district": "Sabar Kantha", "dtcode": "458", "shape_length": 575821.5170296007, "shape_area": 3980279292.314839, "ds_name": " Administrative Boundary", "src_agency": "Survey of India (SOI)", "state_name": "Gujarat", "id_final": "d222"}, "geometry": {"type": "Polygon", "coordinates": [[[73.08600889418608, 24.498521516106848], [73.07648178477362, 24.39660042700179], [73.21924298039755, 24.363897166715564], [73.067422035688, 24.194690214463446], [73.24292146097201, 24.002262127156268], [73.36174017861336, 24.104854823668795], [73.42046174310951, 23.926826543526087], [73.28877326114056, 23.83290513755252], [73.24932707516506, 23.892888737428507], [73.14082468007243, 23.77769702166992], [73.1119650030204, 23.6979614428056], [73.20889487709984, 23.610542578277933], [73.1309925013807, 23.37906907855081], [73.07320397683742, 23.37285081101537], [73.07967034396698, 23.264245897094963], [72.93659345967255, 23.238773680793386], [72.9161514432913, 23.32219714912813], [72.72342575581372, 23.38977849537595], [72.83382691714334, 23.51836230230543], [72.80479704565283, 23.915219262670792], [73.02799863296329, 24.273731526709852], [72.94943384345649, 24.399215277512734], [73.08600889418608, 24.498521516106848]]]}}, {"type": "Feature", "properties": {"id": 179, "objectid": 179, "state": "GJ", "stcode": "24", "district": "Surat", "dtcode": "459", "shape_length": 546686.5558774706, "shape_area": 4129666479.273854, "ds_name": " Administrative Boundary", "src_agency": "Survey of India (SOI)", "state_name": "Gujarat", "id_final": "d223"}, "geometry": {"type": "MultiPolygon", "coordinates": [[[[73.06213564118133, 21.565440772989707], [73.11939676005622, 21.483729877544903], [73.45279868531071, 21.52795468083649], [73.68980021052666, 21.446353302305212], [73.66515273711971, 21.382642842867384], [73.45476892480605, 21.383814324019262], [73.44217541304994, 21.267811804526367], [73.22331929228778, 21.13386364355336], [73.2097696743252, 20.95753752261633], [73.31558544159662, 20.902329975410996], [73.30013504276992, 20.816913494585368], [73.12569136270933, 20.8976932075957], [72.99372586908142, 21.0794239894363], [72.61423842295049, 21.088192581674058], [72.63612611861272, 21.39084632695024], [72.92578598845202, 21.42215486430376], [72.98644963831772, 21.541408768684786], [73.05464801394123, 21.484087191215238], [73.06213564118133, 21.565440772989707]]], [[[72.59988715787964, 21.326806141790932], [72.59741497169232, 21.32781597758336], [72.5995665958641, 21.328720775561248], [72.59988715787964, 21.326806141790932]]], [[[72.58959173326849, 21.330492363401454], [72.57355113653401, 21.32011467767978], [72.58855498623733, 21.335034336703373], [72.58959173326849, 21.330492363401454]]], [[[72.60290936326803, 21.34765722510672], [72.59948860942957, 21.33390912392505], [72.59365627455617, 21.328962057117625], [72.60290936326803, 21.34765722510672]]], [[[72.60866878610781, 21.356461257368057], [72.61360286625676, 21.35464028885903], [72.60789267849556, 21.353826950760553], [72.60866878610781, 21.356461257368057]]], [[[72.5844442213272, 21.360127197944333], [72.58087871570068, 21.35782101975207], [72.58415329071374, 21.36024597785852], [72.5844442213272, 21.360127197944333]]], [[[72.6041660713082, 21.384797454151137], [72.60335195079384, 21.375238078239907], [72.59621986921391, 21.378215316384097], [72.6041660713082, 21.384797454151137]]], [[[72.6147134443419, 21.391906408106124], [72.61364603931752, 21.389390908701504], [72.60855640672973, 21.38128559003729], [72.6147134443419, 21.391906408106124]]]]}}, {"type": "Feature", "properties": {"id": 180, "objectid": 180, "state": "GJ", "stcode": "24", "district": "Surendranagar", "dtcode": "460", "shape_length": 976522.9886447141, "shape_area": 8805447262.887083, "ds_name": " Administrative Boundary", "src_agency": "Survey of India (SOI)", "state_name": "Gujarat", "id_final": "d224"}, "geometry": {"type": "MultiPolygon", "coordinates": [[[[71.98194520727866, 23.50210360543938], [71.95596867149601, 23.387548610765798], [71.87051171813782, 23.381804644823404], [71.87005314110519, 23.218515389762004], [71.99659761431035, 23.24979707572477], [71.89963295191146, 23.102636013996726], [72.01545558356273, 23.058042035723112], [71.9903033093208, 22.86018052120864], [72.10814083097296, 22.72122874044879], [72.02300069701319, 22.68018351712396], [72.18470649328705, 22.553948558026505], [72.16400099499552, 22.479729611048327], [72.05306606667962, 22.443132224002742], [71.94151452446371, 22.548583935952106], [71.9410980692509, 22.380995473444248], [71.64981703485547, 22.40248509633357], [71.40074129477286, 22.222906627505964], [71.37258150030316, 22.292412981110818], [71.23564189922664, 22.27667466199624], [71.29650981344469, 22.16839630936256], [71.12453896173031, 22.125065274221484], [71.1627440071933, 22.1856300581422], [70.980870909288, 22.41489680927743], [71.09391095141923, 22.399937953108704], [71.16388828978417, 22.484841916239212], [71.06137904754159, 22.53772057480557], [71.16254726954377, 22.68390700627636], [71.09943849530244, 22.82316869504302], [71.25467191286636, 22.837223129612315], [71.35952689114463, 23.11964807097041], [71.30498744215062, 23.166800166190534], [71.71982047245051, 23.09076094103806], [71.76239857784562, 23.157735518830453], [71.65748940542728, 23.207694273398886], [71.69654295982286, 23.251508198079172], [71.56154828725874, 23.352340733220597], [71.60283074669513, 23.4236943903247], [71.53372769086765, 23.478898363230794], [71.73047677536087, 23.490715629537437], [71.79155758683619, 23.392017903017987], [71.98194520727866, 23.50210360543938]]], [[[71.34980725665626, 22.234278163912165], [71.30071365375788, 22.23720545860234], [71.33394755369613, 22.26066436275634], [71.34980725665626, 22.234278163912165]]]]}}, {"type": "Feature", "properties": {"id": 181, "objectid": 181, "state": "GJ", "stcode": "24", "district": "Vadodara", "dtcode": "461", "shape_length": 488880.6572209077, "shape_area": 3935139967.2685823, "ds_name": " Administrative Boundary", "src_agency": "Survey of India (SOI)", "state_name": "Gujarat", "id_final": "d225"}, "geometry": {"type": "Polygon", "coordinates": [[[73.40639322780194, 22.80909343294269], [73.37198778219711, 22.55638378807638], [73.4643007035687, 22.360182734447417], [73.56619230823858, 22.336358610803778], [73.48109500058904, 22.219012834258518], [73.47614632408141, 22.086787768570897], [73.54324614876244, 22.064822490668508], [73.34122309289342, 21.87553571512917], [73.2333744779037, 21.92841296368707], [73.20149834183374, 21.822390394050068], [73.05920313506704, 21.882349691596495], [73.09040500192413, 21.929612824819056], [72.99999589684859, 21.910831983064494], [73.06324618695903, 22.016606424698683], [72.91356326238613, 22.047222112224908], [72.86290842291098, 22.155183284985302], [72.92680464118871, 22.1860828102545], [72.84921448100394, 22.274944974059245], [73.05906249819738, 22.310269103842597], [73.09173152544129, 22.510248296393275], [73.26924885968002, 22.66659126046229], [73.2580525428464, 22.769863087469076], [73.40639322780194, 22.80909343294269]]]}}, {"type": "Feature", "properties": {"id": 182, "objectid": 182, "state": "GJ", "stcode": "24", "district": "Valsad", "dtcode": "462", "shape_length": 502035.95870386553, "shape_area": 2862485181.351061, "ds_name": " Administrative Boundary", "src_agency": "Survey of India (SOI)", "state_name": "Gujarat", "id_final": "d226"}, "geometry": {"type": "MultiPolygon", "coordinates": [[[[72.86808060064443, 20.73942849752818], [73.01623305437992, 20.730028830115987], [73.07281329076561, 20.599944790516258], [73.47256685686736, 20.58538959244889], [73.37978303658265, 20.393485486943515], [73.41697476350119, 20.198669503356243], [73.2994285850866, 20.2095478030377], [73.24902819387954, 20.12273076566412], [73.16848156614847, 20.208236940772107], [73.06450892549732, 20.15865860058635], [73.16541730578727, 20.285888804729304], [73.09641717875033, 20.360463627130144], [73.03462615495894, 20.291448499236758], [72.91690867257903, 20.281346319485767], [72.96264621815399, 20.209714591960132], [72.73586443609476, 20.13471525275043], [72.77315055603206, 20.336912310849648], [72.9028558732657, 20.40684459810558], [72.86808060064443, 20.73942849752818]], [[72.96160818424944, 20.332191925137973], [72.97151067356756, 20.297255307662272], [72.97864776363352, 20.331681872074867], [72.96160818424944, 20.332191925137973]]], [[[73.0056761964989, 20.231975063268475], [72.97924768051949, 20.215586094449737], [72.97942555552657, 20.234041137437185], [73.0056761964989, 20.231975063268475]]]]}}, {"type": "Feature", "properties": {"id": 183, "objectid": 183, "state": "GJ", "stcode": "24", "district": "Tapi", "dtcode": "641", "shape_length": 577541.5985138429, "shape_area": 3024783228.255831, "ds_name": " Administrative Boundary", "src_agency": "Survey of India (SOI)", "state_name": "Gujarat", "id_final": "d227"}, "geometry": {"type": "Polygon", "coordinates": [[[73.97399036984501, 21.54268889515926], [74.29935200866926, 21.56857630043523], [74.32059759200511, 21.498502626401965], [73.93869875795653, 21.40491596848031], [73.94193889489584, 21.29915999955584], [73.82263744573255, 21.27074628105543], [73.81563792327773, 21.173960226135133], [73.5771381781119, 21.17066152739431], [73.743702918003, 21.114825802923676], [73.88569917479798, 20.929616940988506], [73.55620127006483, 21.013552114547352], [73.44232719205947, 20.80862718321315], [73.2097696743252, 20.95753752261633], [73.22331929228778, 21.13386364355336], [73.44217541304994, 21.267811804526367], [73.45476892480605, 21.383814324019262], [73.81861164495179, 21.40124360032374], [73.97138968094694, 21.461662768211035], [73.97399036984501, 21.54268889515926]]]}}, {"type": "Feature", "properties": {"id": 184, "objectid": 184, "state": "GJ", "stcode": "24", "district": "Chhotaudepur", "dtcode": "668", "shape_length": 505304.1261855728, "shape_area": 3330330573.1502113, "ds_name": " Administrative Boundary", "src_agency": "Survey of India (SOI)", "state_name": "Gujarat", "id_final": "d228"}, "geometry": {"type": "Polygon", "coordinates": [[[74.0209200315613, 22.571807196599657], [74.11940783721617, 22.41887532823795], [74.19059921553946, 22.47593521704903], [74.29102046674397, 22.393948514963398], [74.1901478417475, 22.320255899953995], [74.06488397848803, 22.354535723289327], [74.17859303298624, 22.085567081573195], [74.09207525084528, 22.01505363265887], [74.14695845759917, 21.948489611441122], [73.94032702655659, 21.87124319015652], [73.69799774885433, 21.973800635891315], [73.669651760889, 22.06458816304735], [73.48653329078272, 22.070552181111655], [73.5441734299279, 22.33117946952388], [73.64383525395817, 22.387106295112872], [73.70514811188198, 22.35851939108525], [73.63444656004026, 22.30269356521446], [73.73073016899018, 22.288014521651945], [73.74105004938883, 22.536666267426426], [73.8803362175975, 22.502920427132544], [74.0209200315613, 22.571807196599657]], [[74.17458000029814, 22.41670999963782], [74.16463000038712, 22.396940000777004], [74.17839500057983, 22.3876049990138], [74.17458000029814, 22.41670999963782]]]}}, {"type": "Feature", "properties": {"id": 185, "objectid": 185, "state": "GJ", "stcode": "24", "district": "Mahisagar", "dtcode": "669", "shape_length": 377245.7414635276, "shape_area": 2416547149.69379, "ds_name": " Administrative Boundary", "src_agency": "Survey of India (SOI)", "state_name": "Gujarat", "id_final": "d229"}, "geometry": {"type": "Polygon", "coordinates": [[[73.69379146077593, 23.457219151250918], [73.82869398964776, 23.447698047710293], [73.89196353865476, 23.334110918290722], [73.97491955747192, 23.372203255990645], [74.02032420980773, 23.092637032533524], [73.90029070588386, 23.04918690873476], [73.80903492545949, 23.108986923255312], [73.74129953127196, 23.011696862531174], [73.66758691793015, 23.020831224305258], [73.67334537923936, 23.104400253192754], [73.64909650141242, 23.01365227603449], [73.43688031122669, 23.032686611963022], [73.4238110301642, 22.94303187156028], [73.26057002430773, 22.927121846115746], [73.34121802829276, 23.200911362829885], [73.69379146077593, 23.457219151250918]]]}}, {"type": "Feature", "properties": {"id": 186, "objectid": 186, "state": "GJ", "stcode": "24", "district": "Arvalli", "dtcode": "672", "shape_length": 414848.21154244867, "shape_area": 3134361743.2929444, "ds_name": " Administrative Boundary", "src_agency": "Survey of India (SOI)", "state_name": "Gujarat", "id_final": "d230"}, "geometry": {"type": "Polygon", "coordinates": [[[73.3585390662351, 23.909768970855225], [73.37027612092442, 23.765456834196275], [73.50734495776344, 23.70294446474507], [73.5230693239062, 23.606902966259554], [73.65564622039548, 23.62127147968099], [73.6563430314417, 23.507426091223575], [73.27352575463644, 23.058433310103897], [73.13390423336116, 23.20567367955503], [72.97117513834259, 23.163557902554608], [72.99991949074347, 23.270265250304192], [73.09045995254698, 23.274183860370577], [73.07320397683742, 23.37285081101537], [73.20694769463245, 23.589644164584232], [73.1119650030204, 23.6979614428056], [73.14020278898586, 23.776576669539462], [73.3585390662351, 23.909768970855225]]]}}, {"type": "Feature", "properties": {"id": 187, "objectid": 187, "state": "GJ", "stcode": "24", "district": "Morbi", "dtcode": "673", "shape_length": 543218.0114027035, "shape_area": 4661391969.510138, "ds_name": " Administrative Boundary", "src_agency": "Survey of India (SOI)", "state_name": "Gujarat", "id_final": "d231"}, "geometry": {"type": "MultiPolygon", "coordinates": [[[[71.21096099187655, 23.176326384646714], [71.35952689114463, 23.11964807097041], [71.254389204536, 22.83683783237597], [71.09943849530244, 22.82316869504302], [71.16254726954377, 22.68390700627636], [71.06137904754159, 22.53772057480557], [71.16373201956493, 22.4845293745965], [71.08680017256829, 22.39780329503612], [70.84767749739585, 22.511724921546143], [70.73953459426617, 22.385371071014532], [70.56482683586547, 22.603813941158407], [70.66266450159944, 22.83474789180334], [70.4333833274326, 22.967817405684436], [70.54130093102376, 22.960089353707684], [70.77011404121369, 23.168337337374098], [70.82757148518503, 23.08021820490023], [70.82970785305466, 23.158356361286465], [70.94956835015967, 23.13198809839074], [71.10926037029265, 23.22227446870009], [71.21096099187655, 23.176326384646714]]], [[[71.2114634570166, 23.176643711295018], [71.21143521030696, 23.177061862590204], [71.2117281404589, 23.17708339116186], [71.2114634570166, 23.176643711295018]]]]}}, {"type": "Feature", "properties": {"id": 188, "objectid": 188, "state": "GJ", "stcode": "24", "district": "Devbhumi Dwarka", "dtcode": "674", "shape_length": 770150.2139469099, "shape_area": 4406206166.962533, "ds_name": " Administrative Boundary", "src_agency": "Survey of India (SOI)", "state_name": "Gujarat", "id_final": "d232"}, "geometry": {"type": "MultiPolygon", "coordinates": [[[[69.06948997707038, 22.478180869621568], [69.06253997875446, 22.39582144082707], [69.19519316945218, 22.4223367763249], [69.1580398246845, 22.312673460894743], [69.23163106523518, 22.257249488408885], [69.48428024146158, 22.33723864344318], [69.50565088984966, 22.449597264133384], [69.63097175550169, 22.366218342897742], [69.57521986395265, 22.454613013831196], [69.68266860399437, 22.409242549559], [69.67204646093961, 22.463500109375772], [69.7570732756302, 22.493458563487508], [69.73271642535177, 22.308138962968464], [69.81009628737651, 22.129845066847817], [69.89344338093636, 22.12876911982442], [69.9096491756366, 21.840931643072132], [69.61629483385401, 21.80326788695777], [69.72490623427086, 21.938009816937978], [69.68876305168112, 21.979959585385526], [69.35162711544014, 21.83795270223349], [68.95367460239007, 22.2453349577747], [68.9573883097124, 22.368269256239888], [69.06948997707038, 22.478180869621568]]], [[[69.18286815420987, 22.36847472573257], [69.18673066361767, 22.367123996174612], [69.1851410180032, 22.363477730523574], [69.18286815420987, 22.36847472573257]]], [[[69.42146859410231, 22.34641289701843], [69.4516934997018, 22.369189496343655], [69.46630545788214, 22.352108364337887], [69.42146859410231, 22.34641289701843]]], [[[69.19635298817569, 22.37121252734945], [69.18947128285234, 22.369430728230828], [69.19505531663845, 22.37471098130811], [69.19635298817569, 22.37121252734945]]], [[[69.21510110833476, 22.383710477662476], [69.21365850647084, 22.382601073149093], [69.21271318216048, 22.38450755523336], [69.21510110833476, 22.383710477662476]]], [[[69.20221438299572, 22.386245148812435], [69.19983756479878, 22.386906018835507], [69.20192367334889, 22.387475199640647], [69.20221438299572, 22.386245148812435]]], [[[69.32159480035962, 22.400888143411393], [69.33269499192568, 22.372818482059515], [69.30677366162361, 22.389220378221967], [69.32159480035962, 22.400888143411393]]], [[[69.4901059549956, 22.400521767279134], [69.4541562538085, 22.37318419343578], [69.47093133867506, 22.42068813236911], [69.4901059549956, 22.400521767279134]]], [[[69.08434425878428, 22.421975236623826], [69.15039918033953, 22.4695679971669], [69.14351865517392, 22.448918643120837], [69.08434425878428, 22.421975236623826]]], [[[69.21395811551292, 22.462030871708407], [69.24908272221535, 22.470394057126732], [69.24167629669537, 22.450201490059733], [69.21395811551292, 22.462030871708407]]], [[[69.26847112836869, 22.5468486680043], [69.42943531402089, 22.53425246255606], [69.28107706474104, 22.414004297301386], [69.26847112836869, 22.5468486680043]]]]}}, {"type": "Feature", "properties": {"id": 189, "objectid": 189, "state": "GJ", "stcode": "24", "district": "Gir Somnath", "dtcode": "675", "shape_length": 367327.8578642811, "shape_area": 3677046496.852394, "ds_name": " Administrative Boundary", "src_agency": "Survey of India (SOI)", "state_name": "Gujarat", "id_final": "d233"}, "geometry": {"type": "Polygon", "coordinates": [[[70.53450912657769, 21.28588750606005], [70.75182664848003, 21.240974293854425], [70.7510828606175, 21.13448481043462], [70.89278840054368, 21.185545324487904], [71.07588626779847, 21.11675152925097], [71.12302104409063, 20.963538730553715], [71.21980044001658, 20.957110945306738], [71.207824871955, 20.79258165890235], [70.82188605567791, 20.691348917277505], [70.22276177667406, 21.002063240799956], [70.45683757844661, 21.04532158570105], [70.5023621096545, 21.19170114786443], [70.57595513617434, 21.199493457021887], [70.53450912657769, 21.28588750606005]]]}}, {"type": "Feature", "properties": {"id": 190, "objectid": 190, "state": "GJ", "stcode": "24", "district": "Botad", "dtcode": "676", "shape_length": 404838.13056960085, "shape_area": 2522525885.01329, "ds_name": " Administrative Boundary", "src_agency": "Survey of India (SOI)", "state_name": "Gujarat", "id_final": "d234"}, "geometry": {"type": "MultiPolygon", "coordinates": [[[[71.44584311562123, 22.28938088790766], [71.83681629433993, 22.39644778123566], [71.85478520101998, 22.257715043609426], [72.05905863685403, 22.248048552207262], [72.16060049379645, 22.14735759839501], [71.92101930032031, 22.13030808606399], [71.829336956708, 22.057858450016724], [71.86754398912589, 22.009564397125807], [71.73489967352671, 22.010545156995118], [71.60560322448113, 21.691058633226675], [71.39070040398005, 21.970761696452882], [71.50046236416193, 22.05410558150227], [71.44584311562123, 22.28938088790766]]], [[[71.73006719799058, 21.88182021859165], [71.70005807129371, 21.86446610634779], [71.71120124630352, 21.89437341859737], [71.73006719799058, 21.88182021859165]]]]}}, {"type": "Feature", "properties": {"id": 191, "objectid": 191, "state": "HP", "stcode": "02", "district": "Bilaspur", "dtcode": "015", "shape_length": 252059.37759227803, "shape_area": 1139926636.6936984, "ds_name": " Administrative Boundary", "src_agency": "Survey of India (SOI)", "state_name": "Himachal Pradesh", "id_final": "d235"}, "geometry": {"type": "Polygon", "coordinates": [[[76.7067656483217, 31.595414352198464], [76.92770827314729, 31.304105965872218], [76.87835525082876, 31.220318112473628], [76.43968961466855, 31.279090204941838], [76.39438772588744, 31.425458081873938], [76.47247747874293, 31.420108855562187], [76.4623784588765, 31.485653033557416], [76.61461879328807, 31.41637975795985], [76.61985722271046, 31.574600829471336], [76.7067656483217, 31.595414352198464]]]}}, {"type": "Feature", "properties": {"id": 192, "objectid": 192, "state": "HP", "stcode": "02", "district": "Chamba", "dtcode": "016", "shape_length": 559452.4126035853, "shape_area": 6388893754.422402, "ds_name": " Administrative Boundary", "src_agency": "Survey of India (SOI)", "state_name": "Himachal Pradesh", "id_final": "d236"}, "geometry": {"type": "Polygon", "coordinates": [[[76.4101132638889, 33.186470985423504], [76.7483018067882, 33.179359872905465], [76.78135285803934, 32.95199320744668], [76.67579395961667, 32.8465125695473], [76.37430604514013, 32.79770797401277], [76.44157753831787, 32.657953898970405], [76.86535595901074, 32.533512204731686], [76.75145003976627, 32.35803238486731], [76.76368293995053, 32.20853984470642], [76.49958294898197, 32.23250192351145], [76.24844133864767, 32.39551006140568], [76.16734573729285, 32.35415293360099], [76.18041725320779, 32.22280160049333], [76.0312901758007, 32.268791791213474], [75.83332101296523, 32.51333463340043], [75.93675206611098, 32.64788379560841], [75.80135311062, 32.88566527321919], [75.9539598062827, 32.87339032410041], [76.4101132638889, 33.186470985423504]]]}}, {"type": "Feature", "properties": {"id": 193, "objectid": 193, "state": "HP", "stcode": "02", "district": "Hamirpur", "dtcode": "017", "shape_length": 188390.26680363604, "shape_area": 1092457529.2227194, "ds_name": " Administrative Boundary", "src_agency": "Survey of India (SOI)", "state_name": "Himachal Pradesh", "id_final": "d237"}, "geometry": {"type": "Polygon", "coordinates": [[[76.59250708817262, 31.892945468318306], [76.72971269455643, 31.583095535246418], [76.61985722271046, 31.574600829471336], [76.61025937059927, 31.415759793585668], [76.45481942430891, 31.493562302996796], [76.29954366190425, 31.780098951371937], [76.59250708817262, 31.892945468318306]]]}}, {"type": "Feature", "properties": {"id": 194, "objectid": 194, "state": "HP", "stcode": "02", "district": "Kangra", "dtcode": "018", "shape_length": 571333.6026097181, "shape_area": 5632522222.428497, "ds_name": " Administrative Boundary", "src_agency": "Survey of India (SOI)", "state_name": "Himachal Pradesh", "id_final": "d238"}, "geometry": {"type": "Polygon", "coordinates": [[[76.90636125328508, 32.46618976689047], [77.07794327275688, 32.417270506410595], [76.98468804601036, 32.110127052449975], [76.67519793819805, 32.04745866900037], [76.68011411392372, 31.870735400537722], [76.30004489535138, 31.78034290251127], [76.28870781118783, 31.68606091474883], [75.88300434301294, 31.968952704665256], [75.59484394230974, 32.069872306956704], [75.67307952925246, 32.15876991795675], [75.6178195643569, 32.23660858256525], [75.87422233443779, 32.39577672559121], [76.17514101717974, 32.22231046506202], [76.16734573729285, 32.35415293360099], [76.25658146396408, 32.394159461681845], [76.66737536890552, 32.17551252359269], [76.76805714530543, 32.216247197998456], [76.78323745004379, 32.40245360474792], [76.90636125328508, 32.46618976689047]]]}}, {"type": "Feature", "properties": {"id": 195, "objectid": 195, "state": "HP", "stcode": "02", "district": "Kinnaur", "dtcode": "019", "shape_length": 498005.7835401078, "shape_area": 6361316042.295631, "ds_name": " Administrative Boundary", "src_agency": "Survey of India (SOI)", "state_name": "Himachal Pradesh", "id_final": "d239"}, "geometry": {"type": "Polygon", "coordinates": [[[78.68342569201154, 32.07270679078492], [78.78855243572845, 31.993231552133743], [78.70985362951544, 31.786615139427788], [78.85334150675885, 31.60742641364866], [78.73428418981379, 31.484983985306354], [79.00892180736764, 31.10998097523573], [78.8854385417396, 31.098779325743333], [78.80991688675671, 31.198342168014882], [78.48375294465812, 31.19899468103613], [77.83978976934004, 31.5058665266664], [77.76399865561329, 31.761950283275528], [78.03230251444397, 31.757863158622595], [78.20150211339092, 31.931716746322287], [78.45636167912004, 31.937683082020968], [78.4503195238091, 32.05977244882365], [78.68342569201154, 32.07270679078492]]]}}, {"type": "Feature", "properties": {"id": 196, "objectid": 196, "state": "HP", "stcode": "02", "district": "Kullu", "dtcode": "020", "shape_length": 421741.71621288377, "shape_area": 5379323837.549195, "ds_name": " Administrative Boundary", "src_agency": "Survey of India (SOI)", "state_name": "Himachal Pradesh", "id_final": "d240"}, "geometry": {"type": "Polygon", "coordinates": [[[77.17525839522533, 32.40520000767836], [77.42098675438439, 32.188692802633135], [77.54653285938917, 32.218612699801014], [77.74360114856992, 32.08985176979191], [77.76734850802922, 31.942131067527733], [77.86862085965933, 31.8853691837801], [77.85402950051666, 31.754784812145104], [77.64588583502113, 31.662537073577326], [77.70711492417185, 31.501747119676473], [77.62885496422776, 31.3899617610386], [77.3828771184549, 31.360111859051447], [77.3026943417543, 31.667960521274747], [77.1778359918592, 31.84159715905247], [77.05775982286006, 31.837754284989337], [76.93846982150835, 32.04288045415073], [77.05122505331587, 32.37070101365422], [77.17525839522533, 32.40520000767836]]]}}, {"type": "Feature", "properties": {"id": 197, "objectid": 197, "state": "HP", "stcode": "02", "district": "Lahul And Spiti", "dtcode": "021", "shape_length": 920355.751861651, "shape_area": 13634351303.580666, "ds_name": " Administrative Boundary", "src_agency": "Survey of India (SOI)", "state_name": "Himachal Pradesh", "id_final": "d241"}, "geometry": {"type": "Polygon", "coordinates": [[[76.79622708052909, 33.255290233808694], [76.93383376834677, 33.02738258254602], [77.151003621654, 32.977258480236095], [77.33888173919243, 32.81597034049444], [77.7292662519716, 32.968977703129454], [77.99867937426964, 32.58296967281697], [78.38698383057817, 32.75684665252411], [78.40351180255878, 32.62020776841913], [78.28307095088641, 32.46864370694433], [78.46124808738145, 32.503797021568445], [78.53350546184198, 32.415460183238], [78.46083985100124, 32.24170848651932], [78.6003097304161, 32.22656976372952], [78.67556648578021, 32.075894913878955], [78.4503195238091, 32.05977244882365], [78.45636167912004, 31.937683082020968], [78.20229069427019, 31.932000540767806], [78.08177048793715, 31.785738161700724], [77.90919889103527, 31.750243070781135], [77.75324221580196, 32.07815065833985], [77.54653285938917, 32.218612699801014], [77.42098675438439, 32.188692802633135], [77.19497268904341, 32.398328772051336], [76.94724591442147, 32.40269449502965], [76.86535595901074, 32.533512204731686], [76.44081332943243, 32.65842994618084], [76.37655088919922, 32.820361743439115], [76.67479113439646, 32.846171866864594], [76.7808480590796, 32.95112451326655], [76.73583931970047, 33.103826003176884], [76.79622708052909, 33.255290233808694]]]}}, {"type": "Feature", "properties": {"id": 198, "objectid": 198, "state": "HP", "stcode": "02", "district": "Mandi", "dtcode": "022", "shape_length": 335032.23188252555, "shape_area": 3867148545.4485984, "ds_name": " Administrative Boundary", "src_agency": "Survey of India (SOI)", "state_name": "Himachal Pradesh", "id_final": "d242"}, "geometry": {"type": "Polygon", "coordinates": [[[76.66695913078645, 32.03896478325965], [76.93551829436784, 32.06212843977241], [77.05775982286006, 31.837754284989337], [77.1778359918592, 31.84159715905247], [77.3026943417543, 31.667960521274747], [77.38909024816967, 31.37562277115999], [77.30539143600768, 31.268171541744127], [77.08489640045781, 31.245145488620864], [76.73092016586612, 31.516537834895885], [76.62037589513429, 31.79840604574721], [76.66695913078645, 32.03896478325965]]]}}, {"type": "Feature", "properties": {"id": 199, "objectid": 199, "state": "HP", "stcode": "02", "district": "Shimla", "dtcode": "023", "shape_length": 550658.895105613, "shape_area": 5006625229.947793, "ds_name": " Administrative Boundary", "src_agency": "Survey of India (SOI)", "state_name": "Himachal Pradesh", "id_final": "d243"}, "geometry": {"type": "Polygon", "coordinates": [[[77.75494241275884, 31.709219126819995], [77.89736663669996, 31.444832712764367], [78.10153574102513, 31.41915103833345], [78.31134296897733, 31.282286096471083], [77.89873198884455, 31.15028784461854], [77.71678879763901, 30.771821102510494], [77.4924822951186, 30.79519643615811], [77.37948758875774, 31.020731993494817], [77.24743453631261, 30.91756124875565], [76.9906383179872, 31.108288523249435], [77.03067841068548, 31.272776417039463], [77.1566899597058, 31.231977059111273], [77.37057692618724, 31.359539445733454], [77.62885496422776, 31.3899617610386], [77.70711492417185, 31.501747119676473], [77.64588583502113, 31.662537073577326], [77.75494241275884, 31.709219126819995]]]}}, {"type": "Feature", "properties": {"id": 200, "objectid": 200, "state": "HP", "stcode": "02", "district": "Sirmaur", "dtcode": "024", "shape_length": 348118.37841656053, "shape_area": 2759194427.2073593, "ds_name": " Administrative Boundary", "src_agency": "Survey of India (SOI)", "state_name": "Himachal Pradesh", "id_final": "d244"}, "geometry": {"type": "Polygon", "coordinates": [[[77.39189341250074, 31.013150067302156], [77.4924822951186, 30.79519643615811], [77.65933323386564, 30.80677536383074], [77.79208378085066, 30.660219062933066], [77.74286740081469, 30.593902244995153], [77.81792194571784, 30.50697046332145], [77.58103368528526, 30.377694631953858], [77.52320246557706, 30.443531043689177], [77.44324006019619, 30.39539636330642], [77.45647964753738, 30.45566246833116], [77.21073443512228, 30.464776220210332], [77.12283733977992, 30.56331018450953], [77.16718595852197, 30.683956143639435], [77.02053166456678, 30.740053301395854], [77.39189341250074, 31.013150067302156]]]}}, {"type": "Feature", "properties": {"id": 201, "objectid": 201, "state": "HP", "stcode": "02", "district": "Solan", "dtcode": "025", "shape_length": 310382.6247115605, "shape_area": 1890338630.9471378, "ds_name": " Administrative Boundary", "src_agency": "Survey of India (SOI)", "state_name": "Himachal Pradesh", "id_final": "d245"}, "geometry": {"type": "Polygon", "coordinates": [[[76.9230668711109, 31.36356076063366], [77.03067841068548, 31.272776417039463], [76.9906383179872, 31.108288523249435], [77.24969136410694, 30.947579114669363], [77.02380008293692, 30.74777096720958], [76.91686029839893, 30.900820559058612], [76.77236272462753, 30.90641039617568], [76.61097434952815, 31.045885746981728], [76.60013889309168, 31.178528629461677], [76.87610555602294, 31.21857825428828], [76.9230668711109, 31.36356076063366]]]}}, {"type": "Feature", "properties": {"id": 202, "objectid": 202, "state": "HP", "stcode": "02", "district": "Una", "dtcode": "026", "shape_length": 245967.37302130947, "shape_area": 1511106472.3362386, "ds_name": " Administrative Boundary", "src_agency": "Survey of India (SOI)", "state_name": "Himachal Pradesh", "id_final": "d246"}, "geometry": {"type": "Polygon", "coordinates": [[[76.0229945162634, 31.864137949976076], [76.3114537911572, 31.724526559525184], [76.47247747874293, 31.420108855562187], [76.37395277920135, 31.437170341224935], [76.32260345361996, 31.321673996774418], [76.17980394232588, 31.306597395615366], [75.93666883329581, 31.815455386787512], [76.0229945162634, 31.864137949976076]]]}}, {"type": "Feature", "properties": {"id": 203, "objectid": 203, "state": "HR", "stcode": "06", "district": "Ambala", "dtcode": "058", "shape_length": 380704.3054432452, "shape_area": 1484873999.3401515, "ds_name": " Administrative Boundary", "src_agency": "Survey of India (SOI)", "state_name": "Haryana", "id_final": "d247"}, "geometry": {"type": "MultiPolygon", "coordinates": [[[[77.12283733977992, 30.56331018450953], [77.20681870378986, 30.50581664824795], [77.19208880938099, 30.31240360686267], [77.06250511948703, 30.12456067374604], [76.8515871007437, 30.254634126039292], [76.6428088033821, 30.14954544983118], [76.60287657698666, 30.251680125198874], [76.59065029947625, 30.25346495483723], [76.56273840699336, 30.225826684971967], [76.54555947007354, 30.225250333783507], [76.55957741633078, 30.264891290362037], [76.74873245842994, 30.352181315176285], [76.74103730717363, 30.426260341924408], [76.91519279872797, 30.365098100756608], [76.89897276384261, 30.48885980849191], [77.12283733977992, 30.56331018450953]]], [[[76.57657714971053, 30.10155667578406], [76.64414701907388, 30.102622896728814], [76.58798621556896, 30.070923635906304], [76.57657714971053, 30.10155667578406]]]]}}, {"type": "Feature", "properties": {"id": 204, "objectid": 204, "state": "HR", "stcode": "06", "district": "Bhiwani", "dtcode": "059", "shape_length": 398571.91049422143, "shape_area": 3205954497.3352704, "ds_name": " Administrative Boundary", "src_agency": "Survey of India (SOI)", "state_name": "Haryana", "id_final": "d248"}, "geometry": {"type": "Polygon", "coordinates": [[[76.01224910971851, 29.060281149765473], [76.19132586798632, 29.051123004335107], [76.23572537714654, 28.911480549842526], [76.36519057141803, 28.878868796507085], [76.23275986193663, 28.67732793015681], [75.84760726860115, 28.587512441478705], [75.81685626032247, 28.510847561076258], [75.89979212383824, 28.515406472047744], [75.93372495251532, 28.479192031972467], [75.88029384025391, 28.489005670637468], [75.8908671210096, 28.38328114175398], [75.77686325224522, 28.400458771692644], [75.56154744487428, 28.613207499555486], [75.47645866189204, 28.93369200702363], [75.59988214561626, 28.98983626478709], [75.69518725289323, 28.90591547230592], [75.83733196076602, 28.912643575541853], [76.01224910971851, 29.060281149765473]]]}}, {"type": "Feature", "properties": {"id": 205, "objectid": 205, "state": "HR", "stcode": "06", "district": "Faridabad", "dtcode": "060", "shape_length": 144893.99929782667, "shape_area": 717262975.605271, "ds_name": " Administrative Boundary", "src_agency": "Survey of India (SOI)", "state_name": "Haryana", "id_final": "d249"}, "geometry": {"type": "Polygon", "coordinates": [[[77.35332835115246, 28.49929969406739], [77.50471506511215, 28.36993865539818], [77.48835248863935, 28.217740671066462], [77.15615565268868, 28.317708596490444], [77.24341192269833, 28.47888264850093], [77.35332835115246, 28.49929969406739]]]}}, {"type": "Feature", "properties": {"id": 206, "objectid": 206, "state": "HR", "stcode": "06", "district": "Fatehabad", "dtcode": "061", "shape_length": 324920.77030065964, "shape_area": 2454129261.8935604, "ds_name": " Administrative Boundary", "src_agency": "Survey of India (SOI)", "state_name": "Haryana", "id_final": "d250"}, "geometry": {"type": "Polygon", "coordinates": [[[75.80150280307606, 29.806616974718196], [75.94729488451755, 29.729453411426917], [75.96399429771499, 29.562574699418242], [75.76183552517182, 29.50661281302364], [75.73807699999237, 29.39648486196038], [75.63092050176742, 29.41676398418267], [75.59039507615739, 29.33689844769314], [75.49076352834136, 29.393224879059435], [75.24512196448195, 29.25037913472659], [75.22002974782033, 29.39785638930193], [75.30109334233929, 29.4392986423113], [75.28957922171108, 29.60859231126868], [75.41378583986452, 29.769859064038517], [75.80150280307606, 29.806616974718196]]]}}, {"type": "Feature", "properties": {"id": 207, "objectid": 207, "state": "HR", "stcode": "06", "district": "Gurugram", "dtcode": "062", "shape_length": 242218.7822050419, "shape_area": 1217701962.9082239, "ds_name": " Administrative Boundary", "src_agency": "Survey of India (SOI)", "state_name": "Haryana", "id_final": "d251"}, "geometry": {"type": "Polygon", "coordinates": [[[77.0092171765196, 28.54008876119572], [77.16588525137034, 28.425597742741697], [77.20301387831996, 28.21245903737865], [77.06171773637104, 28.216783532705414], [76.9785500210231, 28.334487474614313], [76.8575001435268, 28.23476961105454], [76.67806784110981, 28.263991832778782], [76.70424286806428, 28.492637326318732], [77.0092171765196, 28.54008876119572]]]}}, {"type": "Feature", "properties": {"id": 208, "objectid": 208, "state": "HR", "stcode": "06", "district": "Hisar", "dtcode": "063", "shape_length": 418564.32691884396, "shape_area": 3950491019.5484724, "ds_name": " Administrative Boundary", "src_agency": "Survey of India (SOI)", "state_name": "Haryana", "id_final": "d252"}, "geometry": {"type": "Polygon", "coordinates": [[[75.9432186270516, 29.575498033036798], [76.02383167156655, 29.42420766229074], [76.20312255553203, 29.39584720127973], [76.18675138793833, 29.286083247153385], [76.31807036970672, 29.117057354403062], [76.24622903129432, 29.004417181576564], [75.98387240606505, 29.08137970323439], [75.97938335868815, 28.9954570038384], [75.91075206731296, 29.021184582608978], [75.76877619238951, 28.898667504731037], [75.44569827577669, 29.00840522786385], [75.35527020065997, 29.30810939964434], [75.4964675969416, 29.39470391586464], [75.59039507615739, 29.33689844769314], [75.63092050176742, 29.41676398418267], [75.73807699999237, 29.39648486196038], [75.76183552517182, 29.50661281302364], [75.9432186270516, 29.575498033036798]]]}}, {"type": "Feature", "properties": {"id": 209, "objectid": 209, "state": "HR", "stcode": "06", "district": "Jhajjar", "dtcode": "064", "shape_length": 332242.4628633652, "shape_area": 1838577563.6229126, "ds_name": " Administrative Boundary", "src_agency": "Survey of India (SOI)", "state_name": "Haryana", "id_final": "d253"}, "geometry": {"type": "Polygon", "coordinates": [[[76.6688672951996, 28.804912733249488], [76.69922137362424, 28.735764176894474], [76.95377440843502, 28.79106509879879], [76.94375190143514, 28.628343566589955], [76.83966407001903, 28.5825449659481], [76.87511792323441, 28.498678123208848], [76.70424286806428, 28.492637326318732], [76.71937853343645, 28.355151702083678], [76.39869198461925, 28.472912804736243], [76.2876974818226, 28.428057388428815], [76.35695108628214, 28.616703187573954], [76.40986023134502, 28.548976412550427], [76.46555278679887, 28.6139011343544], [76.41531868406958, 28.723531661079907], [76.6688672951996, 28.804912733249488]]]}}, {"type": "Feature", "properties": {"id": 210, "objectid": 210, "state": "HR", "stcode": "06", "district": "Jind", "dtcode": "065", "shape_length": 403528.59146768803, "shape_area": 2674842714.729795, "ds_name": " Administrative Boundary", "src_agency": "Survey of India (SOI)", "state_name": "Haryana", "id_final": "d254"}, "geometry": {"type": "Polygon", "coordinates": [[[76.20212326920758, 29.843160563583766], [76.1682484079723, 29.6890577411011], [76.27079940182661, 29.550234957522136], [76.48579517937755, 29.541802416579284], [76.47460346653861, 29.41649820343771], [76.7624385978068, 29.465817658246557], [76.64941492586249, 29.36670587668306], [76.67899470637728, 29.264935662572327], [76.47452019017477, 29.23802997644189], [76.44347100351706, 29.055505185490013], [76.30135537396039, 29.086000936633134], [76.1915417449106, 29.410100450348157], [75.93299558614194, 29.49913105547775], [75.94729488451755, 29.729453411426917], [76.20212326920758, 29.843160563583766]]]}}, {"type": "Feature", "properties": {"id": 211, "objectid": 211, "state": "HR", "stcode": "06", "district": "Kaithal", "dtcode": "066", "shape_length": 349232.3418176483, "shape_area": 2213922911.0077624, "ds_name": " Administrative Boundary", "src_agency": "Survey of India (SOI)", "state_name": "Haryana", "id_final": "d255"}, "geometry": {"type": "Polygon", "coordinates": [[[76.42272312146838, 30.192292899844805], [76.46586306745488, 29.91297292648522], [76.6847516464571, 29.921084844196844], [76.71695751856079, 29.81326052387485], [76.70320939056423, 29.667743693798318], [76.52191175979557, 29.614750639507374], [76.50550983263687, 29.514461088826653], [76.27428621140729, 29.54834311252555], [76.1682484079723, 29.6890577411011], [76.24700139878546, 29.87507655746299], [76.17196972370122, 29.926450423947042], [76.25346742491597, 30.088972014693507], [76.20764151787286, 30.156601523536878], [76.32185042658281, 30.095131056403947], [76.42272312146838, 30.192292899844805]]]}}, {"type": "Feature", "properties": {"id": 212, "objectid": 212, "state": "HR", "stcode": "06", "district": "Karnal", "dtcode": "067", "shape_length": 354093.8455471312, "shape_area": 2403629690.7084355, "ds_name": " Administrative Boundary", "src_agency": "Survey of India (SOI)", "state_name": "Haryana", "id_final": "d256"}, "geometry": {"type": "Polygon", "coordinates": [[[77.11881542272138, 29.992185210975848], [77.2292973127778, 29.939587581206094], [77.11981081333778, 29.760110045711443], [77.12030403719383, 29.472290785451364], [76.91161717126765, 29.476192800170192], [76.88280643673424, 29.533972855909777], [76.46697954804162, 29.420280914418836], [76.52191175979557, 29.614750639507374], [76.70320939056423, 29.667743693798318], [76.69501083786072, 29.89936646571086], [76.88093491504229, 29.88054810802339], [77.11881542272138, 29.992185210975848]], [[76.95712777435291, 29.51789988408718], [76.94435204988677, 29.506441134819166], [76.9629267221382, 29.512255995792728], [76.95712777435291, 29.51789988408718]]]}}, {"type": "Feature", "properties": {"id": 213, "objectid": 213, "state": "HR", "stcode": "06", "district": "Kurukshetra", "dtcode": "068", "shape_length": 262706.83702028956, "shape_area": 1632838989.3010352, "ds_name": " Administrative Boundary", "src_agency": "Survey of India (SOI)", "state_name": "Haryana", "id_final": "d257"}, "geometry": {"type": "Polygon", "coordinates": [[[76.85869092264299, 30.251357713707982], [77.09121954485063, 30.11187088591482], [77.09669570253473, 29.951145636726793], [76.755040883947, 29.86688170008646], [76.46586306745488, 29.91297292648522], [76.46786768462599, 30.098728168795432], [76.61554457803526, 30.074697678762927], [76.68540778498783, 30.18865512221189], [76.85869092264299, 30.251357713707982]]]}}, {"type": "Feature", "properties": {"id": 214, "objectid": 214, "state": "HR", "stcode": "06", "district": "Mahendragarh", "dtcode": "069", "shape_length": 393649.3625341748, "shape_area": 1868645651.1871037, "ds_name": " Administrative Boundary", "src_agency": "Survey of India (SOI)", "state_name": "Haryana", "id_final": "d258"}, "geometry": {"type": "Polygon", "coordinates": [[[76.24426995018115, 28.44782959070312], [76.36791480578765, 28.334992797330507], [76.28068885726984, 28.165795514130576], [76.34849159287414, 28.04302058003194], [76.17977985407566, 28.05430172649538], [76.2171818661604, 27.81677566361192], [76.00428158121173, 27.834602615201426], [75.93230373600471, 27.929863451708957], [76.04073475854173, 28.074004268366004], [75.93862480592452, 28.087961546024246], [76.09558519116334, 28.150373039771097], [75.89731935950822, 28.424408323917433], [76.24426995018115, 28.44782959070312]]]}}, {"type": "Feature", "properties": {"id": 215, "objectid": 215, "state": "HR", "stcode": "06", "district": "Panchkula", "dtcode": "070", "shape_length": 211878.51403806504, "shape_area": 854476847.3981462, "ds_name": " Administrative Boundary", "src_agency": "Survey of India (SOI)", "state_name": "Haryana", "id_final": "d259"}, "geometry": {"type": "Polygon", "coordinates": [[[76.77611996149835, 30.90591524031604], [77.16718595852197, 30.683956143639435], [77.1723146802841, 30.60130950228375], [76.98977575401274, 30.474245628704733], [76.8313056030059, 30.66533631793936], [76.85700213358132, 30.794799836534594], [76.77611996149835, 30.90591524031604]]]}}, {"type": "Feature", "properties": {"id": 216, "objectid": 216, "state": "HR", "stcode": "06", "district": "Panipat", "dtcode": "071", "shape_length": 210653.81668871807, "shape_area": 1265551415.4450374, "ds_name": " Administrative Boundary", "src_agency": "Survey of India (SOI)", "state_name": "Haryana", "id_final": "d260"}, "geometry": {"type": "MultiPolygon", "coordinates": [[[[76.88540522205851, 29.525731370749025], [76.91161717126765, 29.476192800170192], [77.13223945208735, 29.484675779422645], [77.14328801354358, 29.166974278396406], [76.63668793797315, 29.297521031401914], [76.88540522205851, 29.525731370749025]]], [[[76.96035173372357, 29.515444274966825], [76.94435204988677, 29.506441134819166], [76.94784614816801, 29.51689058903988], [76.96035173372357, 29.515444274966825]]]]}}, {"type": "Feature", "properties": {"id": 217, "objectid": 217, "state": "HR", "stcode": "06", "district": "Rewari", "dtcode": "072", "shape_length": 300403.4097975365, "shape_area": 1462632965.9106202, "ds_name": " Administrative Boundary", "src_agency": "Survey of India (SOI)", "state_name": "Haryana", "id_final": "d261"}, "geometry": {"type": "MultiPolygon", "coordinates": [[[[76.2876974818226, 28.428057388428815], [76.62582557500457, 28.42599312444308], [76.67806784110981, 28.263991832778782], [76.85903356359475, 28.2302945177161], [76.56046092387506, 27.965931103594254], [76.45466121710821, 28.04234812250129], [76.47576731064048, 28.148558941391812], [76.30366607300724, 28.19329588235285], [76.36791480578765, 28.334992797330507], [76.2876974818226, 28.428057388428815]]], [[[76.44073802770896, 28.120776047353473], [76.42290720206442, 28.114294434375463], [76.42889986127159, 28.138395183110887], [76.44073802770896, 28.120776047353473]]]]}}, {"type": "Feature", "properties": {"id": 218, "objectid": 218, "state": "HR", "stcode": "06", "district": "Rohtak", "dtcode": "073", "shape_length": 244913.1698190334, "shape_area": 1616220948.804521, "ds_name": " Administrative Boundary", "src_agency": "Survey of India (SOI)", "state_name": "Haryana", "id_final": "d262"}, "geometry": {"type": "Polygon", "coordinates": [[[76.54215055826491, 29.094540624310085], [76.71801419441718, 29.02313411975943], [76.8687269858144, 28.823327137342027], [76.69922137362424, 28.735764176894474], [76.64339222025636, 28.83959738415381], [76.57888577692879, 28.73479825287195], [76.40620748864525, 28.68259494268934], [76.36519057141803, 28.878868796507085], [76.21242745122738, 28.955294732746374], [76.23957966088498, 29.052343075137973], [76.54215055826491, 29.094540624310085]]]}}, {"type": "Feature", "properties": {"id": 219, "objectid": 219, "state": "HR", "stcode": "06", "district": "Sirsa", "dtcode": "074", "shape_length": 425849.8735917874, "shape_area": 4148068991.8201365, "ds_name": " Administrative Boundary", "src_agency": "Survey of India (SOI)", "state_name": "Haryana", "id_final": "d263"}, "geometry": {"type": "Polygon", "coordinates": [[[74.81150096613413, 29.992389134518252], [74.99092472728104, 29.867725164773248], [75.09879707180033, 29.91280269528569], [75.15096650430601, 29.775572368127953], [75.21060373786702, 29.83254238774291], [75.24133006544612, 29.7505322675844], [75.1681090581686, 29.66659646512515], [75.23540443097828, 29.542223509402206], [75.30381170371669, 29.549820058396186], [75.30109334233929, 29.4392986423113], [75.22002974782033, 29.39785638930193], [75.23837532375278, 29.230282922145015], [74.96114510144723, 29.280624768545135], [74.85059578558244, 29.403626516739028], [74.59925937301381, 29.32750374591271], [74.53667012813534, 29.424545542610748], [74.62188005304212, 29.522376371806324], [74.61610268837653, 29.752198879908693], [74.47725860533471, 29.74535714395945], [74.56104761457846, 29.86968688803252], [74.51884092050408, 29.92998923691776], [74.65419157470465, 29.90561247584168], [74.81150096613413, 29.992389134518252]]]}}, {"type": "Feature", "properties": {"id": 220, "objectid": 220, "state": "HR", "stcode": "06", "district": "Sonipat", "dtcode": "075", "shape_length": 277921.378636455, "shape_area": 2086871989.0337515, "ds_name": " Administrative Boundary", "src_agency": "Survey of India (SOI)", "state_name": "Haryana", "id_final": "d264"}, "geometry": {"type": "Polygon", "coordinates": [[[76.61119376727233, 29.288993284971344], [77.14328801354358, 29.166974278396406], [77.22808588843299, 28.881235051050748], [76.89131697866104, 28.797904518801232], [76.69804854819228, 29.03888163754347], [76.47749880444754, 29.092211374992733], [76.47452019017477, 29.23802997644189], [76.55963057463927, 29.20881777782076], [76.61119376727233, 29.288993284971344]]]}}, {"type": "Feature", "properties": {"id": 221, "objectid": 221, "state": "HR", "stcode": "06", "district": "Yamunanagar", "dtcode": "076", "shape_length": 271950.80148211017, "shape_area": 1669878084.815718, "ds_name": " Administrative Boundary", "src_agency": "Survey of India (SOI)", "state_name": "Haryana", "id_final": "d265"}, "geometry": {"type": "Polygon", "coordinates": [[[77.20767206985023, 30.479037939487675], [77.40472285710081, 30.40864464800415], [77.45647964753738, 30.45566246833116], [77.44324006019619, 30.39539636330642], [77.52320246557706, 30.443531043689177], [77.60434680939416, 30.368542769935942], [77.20822360634104, 29.935072182413393], [77.06527212054698, 30.14237931416523], [77.16326031267893, 30.233735513759406], [77.20767206985023, 30.479037939487675]]]}}, {"type": "Feature", "properties": {"id": 222, "objectid": 222, "state": "HR", "stcode": "06", "district": "Nuh", "dtcode": "604", "shape_length": 334601.96345239005, "shape_area": 1448191052.6686103, "ds_name": " Administrative Boundary", "src_agency": "Survey of India (SOI)", "state_name": "Haryana", "id_final": "d266"}, "geometry": {"type": "Polygon", "coordinates": [[[76.9789184076044, 28.330453774380505], [77.06171773637104, 28.216783532705414], [77.19145296769096, 28.208667627488214], [77.12034811010494, 28.114669219160543], [77.14444233740737, 27.9638424473893], [77.3352905003451, 27.83381051317006], [77.04479022927097, 27.821851176030638], [77.08565332196214, 27.738124274283322], [76.91545201089811, 27.65261999765844], [76.97040108202263, 28.138460553862952], [76.85281116422742, 28.220809152655207], [76.9789184076044, 28.330453774380505]]]}}, {"type": "Feature", "properties": {"id": 223, "objectid": 223, "state": "HR", "stcode": "06", "district": "Palwal", "dtcode": "619", "shape_length": 235161.6463010096, "shape_area": 1318949796.2512243, "ds_name": " Administrative Boundary", "src_agency": "Survey of India (SOI)", "state_name": "Haryana", "id_final": "d267"}, "geometry": {"type": "Polygon", "coordinates": [[[77.27302376239703, 28.266820025259122], [77.41581477731266, 28.20045557812305], [77.5501149362966, 28.243284251646394], [77.47425646156147, 28.087472923511335], [77.5450062538839, 27.953599604922676], [77.42101281992507, 27.854079912737767], [77.14444233740737, 27.9638424473893], [77.12078566909122, 28.1160452649166], [77.27302376239703, 28.266820025259122]]]}}, {"type": "Feature", "properties": {"id": 224, "objectid": 224, "state": "HR", "stcode": "06", "district": "Charki Dadri", "dtcode": "701", "shape_length": 271483.3501902865, "shape_area": 1319339218.50482, "ds_name": " Administrative Boundary", "src_agency": "Survey of India (SOI)", "state_name": "Haryana", "id_final": "d268"}, "geometry": {"type": "Polygon", "coordinates": [[[76.32302123849188, 28.814297252099927], [76.46567098168379, 28.614247862034464], [76.40986023134502, 28.548976412550427], [76.35695108628214, 28.616703187573954], [76.28405687906323, 28.430955917375655], [76.1527719291085, 28.463475255406966], [76.01871780355195, 28.385792506265574], [75.81593637323418, 28.512007459960696], [75.89089753108615, 28.608330419339172], [76.23275986193663, 28.67732793015681], [76.32302123849188, 28.814297252099927]]]}}, {"type": "Feature", "properties": {"id": 225, "objectid": 225, "state": "JH", "stcode": "20", "district": "Bokaro", "dtcode": "322", "shape_length": 426591.19331191643, "shape_area": 2767027111.202119, "ds_name": " Administrative Boundary", "src_agency": "Survey of India (SOI)", "state_name": "Jharkhand", "id_final": "d269"}, "geometry": {"type": "Polygon", "coordinates": [[[85.67919516951244, 23.983902895383], [85.81366497557363, 23.84499160682023], [85.89045471929064, 23.959375072999666], [86.11894050027986, 23.88876948974712], [86.18885306707286, 23.72047029090725], [86.48800965882621, 23.63722722793205], [86.3101891974709, 23.411768647727282], [86.05187535824223, 23.586225764555415], [86.05417578601747, 23.486867050230725], [85.8858930140176, 23.48215553560328], [85.76077183375037, 23.686511603286267], [85.61454291529468, 23.632859434746045], [85.65414221251098, 23.813817253957556], [85.58267263609734, 23.8536890133773], [85.67919516951244, 23.983902895383]]]}}, {"type": "Feature", "properties": {"id": 226, "objectid": 226, "state": "JH", "stcode": "20", "district": "Chatra", "dtcode": "323", "shape_length": 559338.7199942387, "shape_area": 3651062171.90079, "ds_name": " Administrative Boundary", "src_agency": "Survey of India (SOI)", "state_name": "Jharkhand", "id_final": "d270"}, "geometry": {"type": "MultiPolygon", "coordinates": [[[[84.80807641385528, 24.522515460916306], [84.90408679582869, 24.372171314962806], [85.07956171430224, 24.43341928621812], [85.1004805541959, 24.328565419289838], [85.34815703306238, 24.317186583562485], [85.30230661625019, 24.199570666916326], [85.13526854748197, 24.206025096734752], [85.24954461359633, 24.056003738014542], [85.20089713593813, 23.956361513126975], [85.02359819206256, 23.988753670521753], [85.04399437966605, 23.808826009740237], [85.13930698570071, 23.77308751562681], [85.10729949979054, 23.664344541232964], [84.90345188990904, 23.776915034759785], [84.92277214438985, 23.95197842868069], [84.76104719020593, 23.974440246120732], [84.74527641910124, 24.049092289922466], [84.57038729206181, 23.987472891120184], [84.58220532394574, 24.141545035391925], [84.4474944028397, 24.239541837822774], [84.56758006773451, 24.40915131423866], [84.6650203783332, 24.390850741554086], [84.80807641385528, 24.522515460916306]], [[84.50195856748387, 24.270871584354516], [84.52228018540373, 24.26534633163947], [84.50914837945942, 24.283167111957116], [84.50195856748387, 24.270871584354516]]], [[[84.47046985807359, 24.315476373737244], [84.48481823038124, 24.302234945165335], [84.47209025219713, 24.30694625176724], [84.47046985807359, 24.315476373737244]]]]}}, {"type": "Feature", "properties": {"id": 227, "objectid": 227, "state": "JH", "stcode": "20", "district": "Deoghar", "dtcode": "324", "shape_length": 309241.0770153327, "shape_area": 2387997469.566804, "ds_name": " Administrative Boundary", "src_agency": "Survey of India (SOI)", "state_name": "Jharkhand", "id_final": "d271"}, "geometry": {"type": "Polygon", "coordinates": [[[86.60342904334237, 24.60812084291854], [86.91725414793822, 24.54549918343183], [86.88920478608438, 24.43299768742235], [87.06656653851303, 24.251539382251163], [86.94460763925417, 24.165523785948977], [86.95358954198825, 24.04160522493625], [86.77271350088715, 24.06631581179052], [86.69614441591602, 24.165901959060378], [86.48389723601576, 24.152498799553257], [86.4997562677465, 24.509811608718646], [86.60342904334237, 24.60812084291854]]]}}, {"type": "Feature", "properties": {"id": 228, "objectid": 228, "state": "JH", "stcode": "20", "district": "Dhanbad", "dtcode": "325", "shape_length": 222757.50071376638, "shape_area": 1961459879.623983, "ds_name": " Administrative Boundary", "src_agency": "Survey of India (SOI)", "state_name": "Jharkhand", "id_final": "d272"}, "geometry": {"type": "Polygon", "coordinates": [[[86.38843368695714, 24.048275847181664], [86.77981616656126, 23.854992448694126], [86.79997394045829, 23.689616061571165], [86.52711691866989, 23.629555980021273], [86.18379894520142, 23.724482535002366], [86.13386460529576, 23.92825600841696], [86.29239105912426, 23.916057208873738], [86.38843368695714, 24.048275847181664]]]}}, {"type": "Feature", "properties": {"id": 229, "objectid": 229, "state": "JH", "stcode": "20", "district": "Dumka", "dtcode": "326", "shape_length": 402748.03808377293, "shape_area": 3619159901.33363, "ds_name": " Administrative Boundary", "src_agency": "Survey of India (SOI)", "state_name": "Jharkhand", "id_final": "d273"}, "geometry": {"type": "Polygon", "coordinates": [[[86.94166165464847, 24.65212929637775], [87.30722233541829, 24.5985919787542], [87.37928778279498, 24.502521235908663], [87.56351210058355, 24.52364675861892], [87.58194904049121, 24.257425432044005], [87.69411835597694, 24.150562345909247], [87.4975979625455, 24.117794060170574], [87.44029005825546, 23.981516125751547], [86.96234396563663, 24.114940463026596], [86.9729303805157, 24.21312114935398], [87.06656653851303, 24.251539382251163], [86.88847920450077, 24.434627256087953], [86.94166165464847, 24.65212929637775]]]}}, {"type": "Feature", "properties": {"id": 230, "objectid": 230, "state": "JH", "stcode": "20", "district": "East Singhbum", "dtcode": "327", "shape_length": 418415.86603143596, "shape_area": 3427373506.268849, "ds_name": " Administrative Boundary", "src_agency": "Survey of India (SOI)", "state_name": "Jharkhand", "id_final": "d274"}, "geometry": {"type": "Polygon", "coordinates": [[[86.18754672715794, 22.94787888661953], [86.5470492461046, 22.98933911481091], [86.43584818032316, 22.925828546630953], [86.41943164689697, 22.790920533300206], [86.63509589040954, 22.66552933076128], [86.6585907526559, 22.57562257203962], [86.76586711707829, 22.575623834561263], [86.75116518791654, 22.455699153301683], [86.88719154183158, 22.257536374121763], [86.68638506813896, 22.221869735548765], [86.10630447945375, 22.49782510921789], [86.18754672715794, 22.94787888661953]]]}}, {"type": "Feature", "properties": {"id": 231, "objectid": 231, "state": "JH", "stcode": "20", "district": "Garhwa", "dtcode": "328", "shape_length": 410777.6879424753, "shape_area": 3927512236.9325576, "ds_name": " Administrative Boundary", "src_agency": "Survey of India (SOI)", "state_name": "Jharkhand", "id_final": "d275"}, "geometry": {"type": "Polygon", "coordinates": [[[83.87231003486593, 24.52812796710328], [83.81643690455451, 24.292570159092005], [83.98952122735757, 24.106781950394836], [83.86447821955281, 24.06963573929377], [83.81614976391337, 23.96074131323002], [83.89291656200999, 23.981277697223952], [84.0233854914316, 23.784796489117188], [83.98434677320728, 23.72350504301137], [84.06817787129677, 23.693468085450306], [83.93769368925078, 23.568992071125262], [83.77248167659758, 23.610898300013293], [83.70534695125448, 23.820757310251764], [83.57118997491706, 23.862135439883964], [83.51571974652849, 24.0271662867642], [83.32983492506311, 24.101664782417828], [83.4572782541057, 24.36450105670634], [83.4016279742565, 24.503425519799972], [83.87231003486593, 24.52812796710328]]]}}, {"type": "Feature", "properties": {"id": 232, "objectid": 232, "state": "JH", "stcode": "20", "district": "Giridih", "dtcode": "329", "shape_length": 470287.7950428703, "shape_area": 4790244514.617932, "ds_name": " Administrative Boundary", "src_agency": "Survey of India (SOI)", "state_name": "Jharkhand", "id_final": "d276"}, "geometry": {"type": "Polygon", "coordinates": [[[86.05622879479134, 24.776271583965187], [86.13240769953076, 24.603362636500425], [86.32287571758906, 24.586766806260957], [86.27616114395582, 24.465860821468134], [86.45641686958658, 24.371864921364672], [86.48389723601576, 24.152498799553257], [86.57069235882672, 24.143323072504327], [86.48282630745642, 24.022373615590418], [86.33144916513606, 24.04961074538361], [86.29239105912426, 23.916057208873738], [86.09778931297244, 23.88402576119616], [85.96760544944713, 23.89445298570229], [85.87208816183369, 24.051658738599578], [85.674300779119, 24.147104743642238], [85.8593002260062, 24.21198796913766], [85.86828704454992, 24.52630560141819], [85.77309399500871, 24.61412442379726], [85.8173777560563, 24.72358635583162], [86.05622879479134, 24.776271583965187]]]}}, {"type": "Feature", "properties": {"id": 233, "objectid": 233, "state": "JH", "stcode": "20", "district": "Godda", "dtcode": "330", "shape_length": 315971.2145206166, "shape_area": 2179829942.136894, "ds_name": " Administrative Boundary", "src_agency": "Survey of India (SOI)", "state_name": "Jharkhand", "id_final": "d277"}, "geometry": {"type": "MultiPolygon", "coordinates": [[[[87.3967829579946, 25.226789001615522], [87.52111283651479, 25.059741922926847], [87.46512543269961, 25.00190050401909], [87.45416228343093, 24.939246073480266], [87.50942662494329, 24.79851695136046], [87.43510537196627, 24.758716845564766], [87.46672379034, 24.57032757631389], [87.3963786826396, 24.501077342926784], [87.30722233541829, 24.5985919787542], [87.04630750651752, 24.6298972212572], [87.14597682806536, 25.019506457792975], [87.3967829579946, 25.226789001615522]]], [[[87.48414150379597, 24.97254376194339], [87.49732588298599, 24.971723965770856], [87.49480069435369, 24.9650829510192], [87.48414150379597, 24.97254376194339]]], [[[87.50103904756884, 25.008462276391757], [87.49271668432088, 25.01147386404425], [87.49761645895009, 25.01399352534359], [87.50103904756884, 25.008462276391757]]], [[[87.52953397777121, 25.071952020704707], [87.53085794546948, 25.05941594122998], [87.52583815010217, 25.059829329885837], [87.52953397777121, 25.071952020704707]]]]}}, {"type": "Feature", "properties": {"id": 234, "objectid": 234, "state": "JH", "stcode": "20", "district": "Gumla", "dtcode": "331", "shape_length": 572328.1678242842, "shape_area": 5152986350.044573, "ds_name": " Administrative Boundary", "src_agency": "Survey of India (SOI)", "state_name": "Jharkhand", "id_final": "d278"}, "geometry": {"type": "Polygon", "coordinates": [[[84.3754404759458, 23.60514240144326], [84.47069873801443, 23.579355983942023], [84.4297386742261, 23.435530964066878], [84.4861435557541, 23.352218126001993], [84.79261761605987, 23.278975008948912], [84.9198758634839, 23.320436778839067], [84.95099962106856, 23.224902915709492], [84.86639117031912, 23.089193274429583], [85.0113837886057, 22.945264443581447], [85.00660027166825, 22.802204937634556], [84.80997420469744, 22.708993111442734], [84.7336180917607, 22.80158500251777], [84.58448868960124, 22.71656607896549], [84.46441399128406, 22.83680436922792], [84.4162517811209, 22.764237526163683], [84.29168766004717, 22.773260859841187], [84.37950489303472, 22.973742836175198], [84.18580179341998, 23.02709172305635], [84.14949000638234, 22.965415298924928], [84.0319024119695, 23.15786384982477], [84.0746455367508, 23.333408339794136], [84.24179751017655, 23.348670720592217], [84.3754404759458, 23.60514240144326]]]}}, {"type": "Feature", "properties": {"id": 235, "objectid": 235, "state": "JH", "stcode": "20", "district": "Hazaribagh", "dtcode": "332", "shape_length": 648291.4079204586, "shape_area": 4163826528.5439787, "ds_name": " Administrative Boundary", "src_agency": "Survey of India (SOI)", "state_name": "Jharkhand", "id_final": "d279"}, "geometry": {"type": "Polygon", "coordinates": [[[85.3542219730468, 24.523512135997844], [85.43560999980419, 24.33302000127209], [85.85200538023614, 24.273205893317538], [85.85911290100849, 24.21162636532437], [85.674300779119, 24.147104743642238], [85.9298175120582, 23.958932316942462], [85.83493889572988, 23.840518318479052], [85.68784336139807, 23.985954794796385], [85.6078870218476, 23.95820037132724], [85.56144628043897, 23.847877838576373], [85.42587724208498, 23.79412815343971], [85.44490629141401, 23.655130691972285], [85.2441017276949, 23.71244319131348], [85.11275804525897, 23.662342562560834], [85.13930698570071, 23.77308751562681], [85.04399437966605, 23.808826009740237], [85.02359819206256, 23.988753670521753], [85.20089713593813, 23.956361513126975], [85.24954461359633, 24.056003738014542], [85.13526854748197, 24.206025096734752], [85.30230661625019, 24.199570666916326], [85.34861124499226, 24.31276983515229], [85.0844467384464, 24.36678115306523], [85.3542219730468, 24.523512135997844]]]}}, {"type": "Feature", "properties": {"id": 236, "objectid": 236, "state": "JH", "stcode": "20", "district": "Jamtara", "dtcode": "333", "shape_length": 328486.7975375338, "shape_area": 1745351890.5823321, "ds_name": " Administrative Boundary", "src_agency": "Survey of India (SOI)", "state_name": "Jharkhand", "id_final": "d280"}, "geometry": {"type": "Polygon", "coordinates": [[[86.57070591986512, 24.143010260228575], [86.94981289235635, 24.04134208006748], [87.04731788333042, 24.136493237401094], [87.26283335817041, 24.003530191535752], [87.29518071643867, 23.90118063343317], [87.2407213721744, 23.825752559360634], [87.12947014988063, 23.868857482878], [87.14961267726557, 23.796660055513005], [86.91567837740037, 23.883105703155206], [86.82429356392919, 23.813831481507858], [86.46615416081413, 24.019228537533373], [86.57070591986512, 24.143010260228575]]]}}, {"type": "Feature", "properties": {"id": 237, "objectid": 237, "state": "JH", "stcode": "20", "district": "Koderma", "dtcode": "334", "shape_length": 308138.06902217143, "shape_area": 1570371372.479018, "ds_name": " Administrative Boundary", "src_agency": "Survey of India (SOI)", "state_name": "Jharkhand", "id_final": "d281"}, "geometry": {"type": "Polygon", "coordinates": [[[85.7549825050575, 24.814059117090956], [85.90284511347015, 24.76654088606163], [85.7724456849842, 24.643789851632864], [85.86828704454992, 24.52630560141819], [85.87343071059614, 24.287667427566834], [85.43560999980419, 24.33302000127209], [85.40922000081497, 24.480829999357926], [85.33238000028133, 24.506240000666278], [85.66914369638307, 24.579690700940322], [85.64907043355414, 24.68448145297882], [85.7549825050575, 24.814059117090956]]]}}, {"type": "Feature", "properties": {"id": 238, "objectid": 238, "state": "JH", "stcode": "20", "district": "Latehar", "dtcode": "335", "shape_length": 502185.93255304196, "shape_area": 4087770799.7156143, "ds_name": " Administrative Boundary", "src_agency": "Survey of India (SOI)", "state_name": "Jharkhand", "id_final": "d282"}, "geometry": {"type": "Polygon", "coordinates": [[[84.74939997189865, 24.040821404169694], [84.76163224181269, 23.97412383512483], [84.93366955178946, 23.941506152542246], [84.93549108993977, 23.550348065063524], [84.50343830661879, 23.675428375190638], [84.31770346737825, 23.580287392489076], [84.24018824856263, 23.34733950475454], [83.96928716882124, 23.366818835563468], [84.06836936171523, 23.690601896475037], [83.98163184631323, 23.732006859595142], [84.14071424249912, 23.94569892385912], [84.30237999985928, 23.866690000895414], [84.34255975547647, 23.95356692807785], [84.45284275909975, 23.961655280646397], [84.49490250362065, 23.89428774420636], [84.74939997189865, 24.040821404169694]]]}}, {"type": "Feature", "properties": {"id": 239, "objectid": 239, "state": "JH", "stcode": "20", "district": "Lohardaga", "dtcode": "336", "shape_length": 249999.77238044317, "shape_area": 1443534551.0656354, "ds_name": " Administrative Boundary", "src_agency": "Survey of India (SOI)", "state_name": "Jharkhand", "id_final": "d283"}, "geometry": {"type": "Polygon", "coordinates": [[[84.50542208393352, 23.67461078937725], [84.93997614970544, 23.52018790564134], [84.89877814786362, 23.318905310694472], [84.47536545093847, 23.35896989673518], [84.47300643969895, 23.573679703880195], [84.38553340006781, 23.605244073973], [84.50542208393352, 23.67461078937725]]]}}, {"type": "Feature", "properties": {"id": 240, "objectid": 240, "state": "JH", "stcode": "20", "district": "Pakur", "dtcode": "337", "shape_length": 337334.58658987615, "shape_area": 1742831758.211636, "ds_name": " Administrative Boundary", "src_agency": "Survey of India (SOI)", "state_name": "Jharkhand", "id_final": "d284"}, "geometry": {"type": "Polygon", "coordinates": [[[87.54917735787174, 24.829551167369235], [87.90784997912098, 24.72122934945629], [87.90878028039305, 24.5856002514769], [87.77172748416253, 24.583580795467544], [87.8120248327343, 24.410534223119292], [87.6595380709942, 24.236020237291147], [87.58194904049121, 24.257425432044005], [87.56501704081583, 24.52243986648603], [87.38589949358301, 24.52494478281582], [87.46672379034, 24.57032757631389], [87.43530511019341, 24.75926718129414], [87.54917735787174, 24.829551167369235]]]}}, {"type": "Feature", "properties": {"id": 241, "objectid": 241, "state": "JH", "stcode": "20", "district": "Palamu", "dtcode": "338", "shape_length": 462916.1465178679, "shape_area": 4254460869.6813455, "ds_name": " Administrative Boundary", "src_agency": "Survey of India (SOI)", "state_name": "Jharkhand", "id_final": "d285"}, "geometry": {"type": "Polygon", "coordinates": [[[84.02575083628022, 24.628507591811783], [84.10836950106294, 24.477440705276887], [84.29771681777908, 24.559916170263474], [84.29740348198936, 24.449119953981203], [84.58220532394574, 24.141545035391925], [84.56657659128273, 23.927541905607708], [84.34341767575926, 23.9538117586206], [84.27553999926789, 23.866130000290696], [84.1413576517726, 23.945909443538216], [84.00059856755338, 23.7927657748579], [83.89291656200999, 23.981277697223952], [83.81709171385843, 23.95836976460275], [83.86447821955281, 24.06963573929377], [83.98952122735757, 24.106781950394836], [83.81548621562325, 24.37312229491907], [83.87271589074646, 24.53214892156378], [84.02575083628022, 24.628507591811783]]]}}, {"type": "Feature", "properties": {"id": 242, "objectid": 242, "state": "JH", "stcode": "20", "district": "Ranchi", "dtcode": "339", "shape_length": 630735.9222032389, "shape_area": 4807094577.24855, "ds_name": " Administrative Boundary", "src_agency": "Survey of India (SOI)", "state_name": "Jharkhand", "id_final": "d286"}, "geometry": {"type": "Polygon", "coordinates": [[[84.98034116203377, 23.706053209159823], [85.22379249668285, 23.70106437115174], [85.26695107899332, 23.5785026082308], [85.52109813311755, 23.57966457161206], [85.67435258816175, 23.451313017918217], [85.88455972800669, 23.42988411427787], [85.81979592210021, 23.268461522627454], [85.8933080797914, 23.156331864472833], [85.79946205245491, 23.082617827026866], [85.86396025765305, 22.884290206865384], [85.57684252367629, 22.907597345594898], [85.65504845146111, 23.004819814187798], [85.61435731808456, 23.115157931107394], [85.23048242297953, 23.198451814943127], [85.15788971329526, 23.284899878942625], [84.97903794888809, 23.022234562054948], [84.91309171644282, 23.029284566392732], [84.86583254807326, 23.098747119825994], [84.95088315890376, 23.22805257048076], [84.88538263045976, 23.403220766376165], [84.94569497272205, 23.500571488417105], [84.90768851487901, 23.52238488841287], [84.88493282034058, 23.55915798822403], [84.98034116203377, 23.706053209159823]]]}}, {"type": "Feature", "properties": {"id": 243, "objectid": 243, "state": "JH", "stcode": "20", "district": "Sahebganj", "dtcode": "340", "shape_length": 308333.5232681722, "shape_area": 2019401575.855289, "ds_name": " Administrative Boundary", "src_agency": "Survey of India (SOI)", "state_name": "Jharkhand", "id_final": "d287"}, "geometry": {"type": "Polygon", "coordinates": [[[87.58448835888296, 25.333517664033188], [87.7913568477545, 25.223634073540502], [87.7786100006574, 25.09943999995575], [87.89960000035495, 25.003820000018468], [87.84665381743626, 24.720341628500925], [87.45580821551867, 24.864473053604538], [87.46365584108989, 24.9985050179376], [87.52111283651479, 25.059741922926847], [87.48737408114704, 25.29713591754393], [87.58448835888296, 25.333517664033188]], [[87.52953397777121, 25.071952020704707], [87.54198135700582, 25.067373418588563], [87.54123979635432, 25.0731086819843], [87.52953397777121, 25.071952020704707]], [[87.49761645895009, 25.01399352534359], [87.49613333739579, 25.005670709132428], [87.50103904756884, 25.008462276391757], [87.49761645895009, 25.01399352534359]], [[87.48414150379597, 24.97254376194339], [87.49732588298599, 24.971723965770856], [87.48478827838922, 24.976571733657384], [87.48414150379597, 24.97254376194339]]]}}, {"type": "Feature", "properties": {"id": 244, "objectid": 244, "state": "JH", "stcode": "20", "district": "Saraikela Kharsawan", "dtcode": "341", "shape_length": 363928.69877045765, "shape_area": 2558843335.82294, "ds_name": " Administrative Boundary", "src_agency": "Survey of India (SOI)", "state_name": "Jharkhand", "id_final": "d288"}, "geometry": {"type": "Polygon", "coordinates": [[[85.97870658649512, 23.15532905271622], [86.24736577929475, 22.983031491527065], [86.14625187731535, 22.810263163650827], [86.15388922818353, 22.636019547346116], [85.96268328679172, 22.485082434305294], [85.85653392222645, 22.720366480719527], [85.72418103192395, 22.684203946308962], [85.64627737979656, 22.850917859082717], [85.51265529256918, 22.82737359905336], [85.60358888854577, 22.935220016404166], [85.86396025765305, 22.884290206865384], [85.80035109491557, 23.087382568113043], [85.97870658649512, 23.15532905271622]]]}}, {"type": "Feature", "properties": {"id": 245, "objectid": 245, "state": "JH", "stcode": "20", "district": "Simdega", "dtcode": "342", "shape_length": 404267.42990256555, "shape_area": 3624625189.686936, "ds_name": " Administrative Boundary", "src_agency": "Survey of India (SOI)", "state_name": "Jharkhand", "id_final": "d289"}, "geometry": {"type": "Polygon", "coordinates": [[[84.46969546598858, 22.835443125179875], [84.59284268493036, 22.713503834903054], [84.73279001426391, 22.801517850757115], [84.80997420469744, 22.708993111442734], [85.00459982734627, 22.787402604856076], [85.07361271482564, 22.492491772732475], [84.29137466459004, 22.34282581819944], [84.00881327694923, 22.525266809651185], [84.25986826668831, 22.767634749084078], [84.4162517811209, 22.764237526163683], [84.46969546598858, 22.835443125179875]]]}}, {"type": "Feature", "properties": {"id": 246, "objectid": 246, "state": "JH", "stcode": "20", "district": "West Singhbhum", "dtcode": "343", "shape_length": 533685.344050483, "shape_area": 6957016687.860969, "ds_name": " Administrative Boundary", "src_agency": "Survey of India (SOI)", "state_name": "Jharkhand", "id_final": "d290"}, "geometry": {"type": "Polygon", "coordinates": [[[85.34744600800408, 22.880568620697662], [85.47113948005894, 22.799435174631213], [85.64627737979656, 22.850917859082717], [85.72418103192395, 22.684203946308962], [85.86510637011604, 22.712749780441307], [85.87337955402177, 22.562487152787277], [86.04918173991675, 22.31049152741221], [85.91038540019586, 21.96969892633747], [85.76604514616184, 21.994832993953626], [85.80742750040716, 22.116026424939037], [85.68528090182838, 22.054443932386878], [85.37120672782956, 22.160925762747116], [85.23814212578105, 22.0092651690148], [85.0985252420593, 22.105832136372992], [84.98439263968137, 22.085913949885473], [85.1169957897958, 22.294381981014002], [85.06430369466413, 22.539915970301777], [85.15771401058754, 22.832318415953736], [85.34744600800408, 22.880568620697662]]]}}, {"type": "Feature", "properties": {"id": 247, "objectid": 247, "state": "JH", "stcode": "20", "district": "Khunti", "dtcode": "606", "shape_length": 387436.62486160727, "shape_area": 2535175481.932276, "ds_name": " Administrative Boundary", "src_agency": "Survey of India (SOI)", "state_name": "Jharkhand", "id_final": "d291"}, "geometry": {"type": "Polygon", "coordinates": [[[85.16375468496408, 23.279858156075594], [85.23048242297953, 23.198451814943127], [85.61435731808456, 23.115157931107394], [85.65504845146111, 23.004819814187798], [85.50299810752448, 22.800324932030122], [85.33875966435203, 22.886499600416077], [85.15833884720195, 22.832939672597526], [85.07723801352404, 22.573248503448514], [85.05809737256712, 22.73829842387241], [84.97973547807374, 22.785417686328195], [85.01528479942297, 22.934279302605308], [84.93863445343443, 22.989223089266936], [85.16375468496408, 23.279858156075594]]]}}, {"type": "Feature", "properties": {"id": 248, "objectid": 248, "state": "JH", "stcode": "20", "district": "Ramgarh", "dtcode": "607", "shape_length": 331503.377607623, "shape_area": 1340133174.150573, "ds_name": " Administrative Boundary", "src_agency": "Survey of India (SOI)", "state_name": "Jharkhand", "id_final": "d292"}, "geometry": {"type": "Polygon", "coordinates": [[[85.63884952880392, 23.962264553648126], [85.61454291529468, 23.632859434746045], [85.76140635106628, 23.6860705319637], [85.85820947987064, 23.4265820855483], [85.2045326128538, 23.62714207560665], [85.2421581901735, 23.712219776857395], [85.44490629141401, 23.655130691972285], [85.42587724208498, 23.79412815343971], [85.63884952880392, 23.962264553648126]]]}}, {"type": "Feature", "properties": {"id": 249, "objectid": 249, "state": "JK", "stcode": "01", "district": "Anantnag", "dtcode": "001", "shape_length": 359294.8232003061, "shape_area": 2772444566.3721895, "ds_name": " Administrative Boundary", "src_agency": "Survey of India (SOI)", "state_name": "Jammu & Kashmir", "id_final": "d293"}, "geometry": {"type": "Polygon", "coordinates": [[[75.27600273378208, 34.248633369252694], [75.5933634001254, 34.19769411029029], [75.39401744486506, 33.96254030555618], [75.5346267745001, 33.60117901208022], [75.48188701884584, 33.407331952678774], [75.39758345942045, 33.36605960998828], [75.14128769537687, 33.52534422597026], [75.17503454798623, 33.59147637491934], [75.0300680309735, 33.777692549910675], [75.22598030876432, 33.95447117082843], [75.10329371480822, 34.16962679671], [75.27600273378208, 34.248633369252694]]]}}, {"type": "Feature", "properties": {"id": 250, "objectid": 250, "state": "JK", "stcode": "01", "district": "Budgam", "dtcode": "002", "shape_length": 196944.91830147718, "shape_area": 1239941822.4278743, "ds_name": " Administrative Boundary", "src_agency": "Survey of India (SOI)", "state_name": "Jammu & Kashmir", "id_final": "d294"}, "geometry": {"type": "Polygon", "coordinates": [[[74.68605180854951, 34.11903123246968], [74.91633079575286, 34.02131660368518], [74.79572346953589, 33.826576016643806], [74.54351425627603, 33.680212614349365], [74.40243359995294, 33.883196892430384], [74.48726372214405, 34.04708169726497], [74.68605180854951, 34.11903123246968]]]}}, {"type": "Feature", "properties": {"id": 251, "objectid": 251, "state": "JK", "stcode": "01", "district": "Baramulla", "dtcode": "003", "shape_length": 264341.638152041, "shape_area": 2026530519.2998302, "ds_name": " Administrative Boundary", "src_agency": "Survey of India (SOI)", "state_name": "Jammu & Kashmir", "id_final": "d295"}, "geometry": {"type": "Polygon", "coordinates": [[[74.49476664066205, 34.41733628754958], [74.57241694055064, 34.18737506256814], [74.70234341235619, 34.15550746347288], [74.48726372214405, 34.04708169726497], [74.42536630464487, 33.91089406199532], [74.21182853396742, 34.03456080251371], [74.02463256403706, 33.99999992249184], [73.89057338226986, 34.06305786063923], [73.98329065876753, 34.2580025696967], [74.3337138047146, 34.3105333968441], [74.49476664066205, 34.41733628754958]]]}}, {"type": "Feature", "properties": {"id": 252, "objectid": 252, "state": "JK", "stcode": "01", "district": "Doda", "dtcode": "004", "shape_length": 289910.9539557557, "shape_area": 2386209872.465344, "ds_name": " Administrative Boundary", "src_agency": "Survey of India (SOI)", "state_name": "Jammu & Kashmir", "id_final": "d296"}, "geometry": {"type": "Polygon", "coordinates": [[[75.4944302345883, 33.40168987292179], [75.80018814195041, 33.14331763772566], [76.0183860997613, 33.101949714231566], [76.1505006598169, 33.16635695789659], [76.22299769617284, 33.02255957952599], [75.9539598062827, 32.87339032410041], [75.85005490816762, 32.929906871675186], [75.68278074458819, 32.86414453165359], [75.45235877005756, 32.96220436104206], [75.33453634160456, 33.16165274949558], [75.38854535280025, 33.36598180272555], [75.4944302345883, 33.40168987292179]]]}}, {"type": "Feature", "properties": {"id": 253, "objectid": 253, "state": "JK", "stcode": "01", "district": "Jammu", "dtcode": "005", "shape_length": 387933.96238612704, "shape_area": 2304037721.679544, "ds_name": " Administrative Boundary", "src_agency": "Survey of India (SOI)", "state_name": "Jammu & Kashmir", "id_final": "d297"}, "geometry": {"type": "Polygon", "coordinates": [[[74.68153824637056, 33.0623207012097], [75.16692307325555, 32.77028396184122], [74.89577940369692, 32.65252365385992], [74.94816757419947, 32.57209678454706], [74.87074333477995, 32.48595717038431], [74.6827253631902, 32.49223856226501], [74.6390457010736, 32.61464223031992], [74.7047737107088, 32.84194786032285], [74.634258355904, 32.749540604878504], [74.5115910856558, 32.745501116650836], [74.31260954954712, 32.92906768161184], [74.58561090541868, 33.03543321791126], [74.62396498266638, 32.959941237635114], [74.68153824637056, 33.0623207012097]]]}}, {"type": "Feature", "properties": {"id": 254, "objectid": 254, "state": "JK", "stcode": "01", "district": "Kathua", "dtcode": "007", "shape_length": 310305.0786612201, "shape_area": 2473597069.153113, "ds_name": " Administrative Boundary", "src_agency": "Survey of India (SOI)", "state_name": "Jammu & Kashmir", "id_final": "d298"}, "geometry": {"type": "Polygon", "coordinates": [[[75.77166180167156, 32.88976547746668], [75.93675206611098, 32.64788379560841], [75.72251440274107, 32.40545784381075], [75.525634274222, 32.27622153174951], [75.48916651477295, 32.3459998107892], [75.19241176221995, 32.40187373017735], [75.34400069909759, 32.58631346174114], [75.28443023480897, 32.64357051879323], [75.46326691134172, 32.66739244650018], [75.49557629872963, 32.76665652490935], [75.65614699408808, 32.773169800033955], [75.77166180167156, 32.88976547746668]]]}}, {"type": "Feature", "properties": {"id": 255, "objectid": 255, "state": "JK", "stcode": "01", "district": "Kupwara", "dtcode": "008", "shape_length": 275066.2880563932, "shape_area": 2755634370.6816297, "ds_name": " Administrative Boundary", "src_agency": "Survey of India (SOI)", "state_name": "Jammu & Kashmir", "id_final": "d299"}, "geometry": {"type": "Polygon", "coordinates": [[[74.34149120118171, 34.78608070968152], [74.60610493052893, 34.73776792407542], [74.53485459991639, 34.512138091447575], [74.37690331054162, 34.3381763373647], [74.0228874730267, 34.24457260551614], [73.91162687596211, 34.34799513797531], [73.75268932508192, 34.345997727857664], [73.88475549959874, 34.44953347545686], [73.97042852174941, 34.68857190097981], [74.13296113585933, 34.6517749244662], [74.34149120118171, 34.78608070968152]]]}}, {"type": "Feature", "properties": {"id": 256, "objectid": 256, "state": "JK", "stcode": "01", "district": "Poonch", "dtcode": "010", "shape_length": 401452.86508965975, "shape_area": 4226341669.24001, "ds_name": " Administrative Boundary", "src_agency": "Survey of India (SOI)", "state_name": "Jammu & Kashmir", "id_final": "d300"}, "geometry": {"type": "Polygon", "coordinates": [[[73.50217248061894, 34.1443570152469], [73.64208087279142, 34.05732444214413], [73.84084633695133, 34.07583787070985], [74.00935282441495, 33.96060465980702], [74.25561121771538, 34.00322374689878], [74.3873692111928, 33.94593793798295], [74.5731071473279, 33.492777205712315], [74.35648993004905, 33.58405570262238], [74.21112101166636, 33.5465196762156], [74.18580750482953, 33.42198989957403], [74.0938358644444, 33.39404590607124], [74.02015268299515, 33.60401156541937], [73.73673120441495, 33.57843105503951], [73.55992252459448, 33.78132941509103], [73.59354571104689, 33.88977027181205], [73.50217248061894, 34.1443570152469]]]}}, {"type": "Feature", "properties": {"id": 257, "objectid": 257, "state": "JK", "stcode": "01", "district": "Pulwama", "dtcode": "011", "shape_length": 190696.13222593037, "shape_area": 899339583.1511332, "ds_name": " Administrative Boundary", "src_agency": "Survey of India (SOI)", "state_name": "Jammu & Kashmir", "id_final": "d301"}, "geometry": {"type": "Polygon", "coordinates": [[[75.08152795972475, 34.101101649359585], [75.23351142248849, 34.031670296170496], [75.19391198744252, 33.905273723311], [75.04958446533432, 33.81127031035609], [74.71180778899874, 33.79515990773898], [74.90304528362654, 34.03496066097005], [75.08152795972475, 34.101101649359585]]]}}, {"type": "Feature", "properties": {"id": 258, "objectid": 258, "state": "JK", "stcode": "01", "district": "Rajouri", "dtcode": "012", "shape_length": 314542.07391178806, "shape_area": 2642588547.6594825, "ds_name": " Administrative Boundary", "src_agency": "Survey of India (SOI)", "state_name": "Jammu & Kashmir", "id_final": "d302"}, "geometry": {"type": "Polygon", "coordinates": [[[74.36872182886772, 33.58137457975268], [74.52836776851812, 33.470769543330256], [74.62710091120168, 33.49792943812063], [74.69293398159239, 33.244145228794295], [74.52206803326362, 33.18710188021777], [74.6301876251198, 33.14264717124312], [74.57320713833981, 32.99955587776993], [74.36903062477906, 32.95000637982011], [74.00195955683691, 33.235952590922], [74.15008325424387, 33.3195737520117], [74.21065883611419, 33.54614944881957], [74.36872182886772, 33.58137457975268]]]}}, {"type": "Feature", "properties": {"id": 259, "objectid": 259, "state": "JK", "stcode": "01", "district": "Srinagar", "dtcode": "013", "shape_length": 165864.28097894802, "shape_area": 279778797.6218032, "ds_name": " Administrative Boundary", "src_agency": "Survey of India (SOI)", "state_name": "Jammu & Kashmir", "id_final": "d303"}, "geometry": {"type": "Polygon", "coordinates": [[[74.67591751395025, 34.18408093854968], [74.93380434545145, 34.158818209281506], [74.86670250911263, 34.050979321679264], [74.98069012731746, 34.097790128165926], [74.95137441949969, 34.029395402777], [74.79549325941983, 34.020414400036586], [74.67511084973917, 34.10737827332639], [74.67591751395025, 34.18408093854968]]]}}, {"type": "Feature", "properties": {"id": 260, "objectid": 260, "state": "JK", "stcode": "01", "district": "Udhampur", "dtcode": "014", "shape_length": 300881.8008318329, "shape_area": 2222153087.7496514, "ds_name": " Administrative Boundary", "src_agency": "Survey of India (SOI)", "state_name": "Jammu & Kashmir", "id_final": "d304"}, "geometry": {"type": "Polygon", "coordinates": [[[75.02822104633961, 33.139863129107724], [75.4193832038073, 33.05654273794116], [75.46161675083331, 32.957969098232724], [75.65622114258434, 32.927709999926755], [75.69056190779621, 32.79637774376615], [75.49557629872963, 32.76665652490935], [75.45938552664303, 32.665935986549904], [75.19574522148253, 32.63236805052823], [75.14326553808147, 32.69159622798305], [75.22389917716369, 32.69129751794355], [75.09165463976555, 32.718932511630484], [75.15739792464072, 32.78847948675942], [74.97414890808166, 32.944982566024656], [75.02822104633961, 33.139863129107724]]]}}, {"type": "Feature", "properties": {"id": 261, "objectid": 261, "state": "JK", "stcode": "01", "district": "Kishtwar", "dtcode": "620", "shape_length": 566931.4064854732, "shape_area": 8090157786.288359, "ds_name": " Administrative Boundary", "src_agency": "Survey of India (SOI)", "state_name": "Jammu & Kashmir", "id_final": "d305"}, "geometry": {"type": "Polygon", "coordinates": [[[75.65148835482647, 34.21060900807796], [75.83065302725043, 33.958744057624465], [76.02435759020325, 33.98212479600527], [76.26523845807169, 33.74687667867382], [76.22502977297786, 33.54759453048265], [76.33624247097097, 33.61050762090136], [76.62896476005287, 33.43489500041339], [76.78034934829701, 33.238558595120544], [76.7483018067882, 33.179359872905465], [76.4101132638889, 33.186470985423504], [76.22299769617284, 33.02255957952599], [76.1505006598169, 33.16635695789659], [75.92901821040694, 33.1141274002987], [75.59775016105597, 33.27485033923059], [75.4741334807804, 33.4190955841264], [75.52097962764215, 33.71534929193561], [75.3892281265621, 33.93754126944223], [75.65148835482647, 34.21060900807796]]]}}, {"type": "Feature", "properties": {"id": 262, "objectid": 262, "state": "JK", "stcode": "01", "district": "Ramban", "dtcode": "621", "shape_length": 179432.5401337148, "shape_area": 1231626218.8612206, "ds_name": " Administrative Boundary", "src_agency": "Survey of India (SOI)", "state_name": "Jammu & Kashmir", "id_final": "d306"}, "geometry": {"type": "Polygon", "coordinates": [[[75.14802582392299, 33.554461459733055], [75.39119006474384, 33.362693719782996], [75.366977347735, 33.066577611443584], [75.00643473670868, 33.23932604215202], [75.01790392342733, 33.49752172479826], [75.14802582392299, 33.554461459733055]]]}}, {"type": "Feature", "properties": {"id": 263, "objectid": 263, "state": "JK", "stcode": "01", "district": "Kulgam", "dtcode": "622", "shape_length": 238687.9029292735, "shape_area": 1172800068.465542, "ds_name": " Administrative Boundary", "src_agency": "Survey of India (SOI)", "state_name": "Jammu & Kashmir", "id_final": "d307"}, "geometry": {"type": "MultiPolygon", "coordinates": [[[[74.70934085841478, 33.52595136296496], [74.51581763988412, 33.55404940741602], [74.56014986362078, 33.69021111647523], [74.87330975585799, 33.626972586160896], [75.03832110115297, 33.773190559595456], [75.17503454798623, 33.59147637491934], [75.10985539395323, 33.49703272032096], [74.7964466528366, 33.46790106182765], [74.70934085841478, 33.52595136296496]]], [[[74.57013989793185, 33.50460484200336], [74.57440210296834, 33.50746450916924], [74.57066315621934, 33.50323042463395], [74.57013989793185, 33.50460484200336]]]]}}, {"type": "Feature", "properties": {"id": 264, "objectid": 264, "state": "JK", "stcode": "01", "district": "Bandipora", "dtcode": "623", "shape_length": 331719.9839153978, "shape_area": 2645443650.3387647, "ds_name": " Administrative Boundary", "src_agency": "Survey of India (SOI)", "state_name": "Jammu & Kashmir", "id_final": "d308"}, "geometry": {"type": "Polygon", "coordinates": [[[74.56949497816484, 34.69224631268016], [75.2163969726087, 34.65269243144324], [75.36556772072599, 34.53809962013899], [75.36697494723094, 34.39103007956815], [75.14815308872632, 34.34483118727992], [74.94014740624598, 34.46405465075617], [74.76630767747442, 34.3137262454258], [74.67556062883322, 34.35552021112289], [74.67838087413084, 34.17011186063939], [74.57241694055064, 34.18737506256814], [74.47720939787831, 34.43735935066441], [74.56949497816484, 34.69224631268016]]]}}, {"type": "Feature", "properties": {"id": 265, "objectid": 265, "state": "JK", "stcode": "01", "district": "Samba", "dtcode": "624", "shape_length": 212401.90161010833, "shape_area": 907359288.535646, "ds_name": " Administrative Boundary", "src_agency": "Survey of India (SOI)", "state_name": "Jammu & Kashmir", "id_final": "d309"}, "geometry": {"type": "Polygon", "coordinates": [[[75.05630368875227, 32.74186034875257], [75.34434746518788, 32.60276418782958], [75.19889636243724, 32.42168145264436], [74.87834739924571, 32.47843467966716], [74.9506442374749, 32.59372444841752], [74.86936811394516, 32.6209707696395], [75.05630368875227, 32.74186034875257]]]}}, {"type": "Feature", "properties": {"id": 266, "objectid": 266, "state": "JK", "stcode": "01", "district": "Shopian", "dtcode": "625", "shape_length": 166178.1805050949, "shape_area": 491388880.89887434, "ds_name": " Administrative Boundary", "src_agency": "Survey of India (SOI)", "state_name": "Jammu & Kashmir", "id_final": "d310"}, "geometry": {"type": "Polygon", "coordinates": [[[74.6921125070024, 33.80865007405843], [75.05541737391319, 33.8090356648017], [74.87330975585799, 33.626972586160896], [74.56644757366948, 33.69161170650288], [74.6921125070024, 33.80865007405843]]]}}, {"type": "Feature", "properties": {"id": 267, "objectid": 267, "state": "JK", "stcode": "01", "district": "Ganderbal", "dtcode": "626", "shape_length": 347171.606957674, "shape_area": 1630977648.0631742, "ds_name": " Administrative Boundary", "src_agency": "Survey of India (SOI)", "state_name": "Jammu & Kashmir", "id_final": "d311"}, "geometry": {"type": "Polygon", "coordinates": [[[74.94767171188865, 34.46192285537607], [75.14815308872632, 34.34483118727992], [75.37713697280952, 34.38714034996076], [75.4936463530287, 34.226699224431066], [75.2631738717721, 34.25463472041147], [75.10329371480822, 34.16962679671], [75.14220407111476, 34.09522983547461], [74.87543202964733, 34.04480861852417], [74.92645214093127, 34.20349577025706], [74.72378866291747, 34.16557274754442], [74.65868239645364, 34.30161518230115], [74.94767171188865, 34.46192285537607]]]}}, {"type": "Feature", "properties": {"id": 268, "objectid": 268, "state": "JK", "stcode": "01", "district": "Reasi", "dtcode": "627", "shape_length": 348184.36198560026, "shape_area": 2029109102.9514225, "ds_name": " Administrative Boundary", "src_agency": "Survey of India (SOI)", "state_name": "Jammu & Kashmir", "id_final": "d312"}, "geometry": {"type": "Polygon", "coordinates": [[[74.70968491720191, 33.525536366844165], [74.79602710009378, 33.46792328130154], [75.02388963753862, 33.504013818043], [75.00643473670868, 33.23932604215202], [75.09583411512371, 33.18814212349065], [74.96112863154752, 32.896132874249325], [74.76863021049643, 33.05170539810153], [74.6237748390929, 33.03154581268625], [74.6117957815358, 32.95659082650009], [74.55752344446014, 33.051474232038636], [74.6301876251198, 33.14264717124312], [74.52206803326362, 33.18710188021777], [74.6878776107663, 33.19631101075269], [74.67248569978709, 33.41967837200448], [74.60313957112278, 33.46581246376658], [74.70968491720191, 33.525536366844165]]]}}, {"type": "Feature", "properties": {"id": 269, "objectid": 269, "state": "KA", "stcode": "29", "district": "Bagalkote", "dtcode": "524", "shape_length": 659248.7911049579, "shape_area": 6414799460.773807, "ds_name": " Administrative Boundary", "src_agency": "Survey of India (SOI)", "state_name": "Karnataka", "id_final": "d313"}, "geometry": {"type": "Polygon", "coordinates": [[[75.42205963683394, 16.767628878353815], [75.49201379476723, 16.744228203546097], [75.4476373164829, 16.41406585263288], [75.53634580826495, 16.46627229034174], [76.02640472288573, 16.3007028590134], [76.0631216349043, 16.210507335078077], [76.33226667007445, 16.09197352557571], [76.25669728885289, 16.08583178669065], [76.32848107567999, 15.932286595837885], [76.11700121814204, 15.886459607175933], [76.05817769882543, 15.907436783933765], [76.0787725976338, 16.01081615071275], [75.98959164068275, 16.005225083452338], [75.97429046887585, 15.861813764160818], [75.78857950905508, 15.925070632903406], [75.84701752695197, 15.838845938164628], [75.74477833442589, 15.812800244856193], [75.43805740114244, 15.893612309729656], [75.43892667324936, 16.115514532967957], [75.27580157640301, 16.120322444748464], [75.2858757345417, 16.201287096215527], [75.15940933368186, 16.320871674071125], [75.04319843170335, 16.31827434995927], [75.07782667374046, 16.437834141091233], [74.98627273526576, 16.46950455309386], [75.42205963683394, 16.767628878353815]]]}}, {"type": "Feature", "properties": {"id": 270, "objectid": 270, "state": "KA", "stcode": "29", "district": "Bengaluru Urban", "dtcode": "525", "shape_length": 332159.64243145, "shape_area": 2189239764.650828, "ds_name": " Administrative Boundary", "src_agency": "Survey of India (SOI)", "state_name": "Karnataka", "id_final": "d314"}, "geometry": {"type": "Polygon", "coordinates": [[[77.55260444714268, 13.232083995488015], [77.72555779510103, 13.192720374821924], [77.76503647871449, 12.942471343565217], [77.83220906143723, 12.926608996261516], [77.70236327702075, 12.66083943566029], [77.59718786569915, 12.65746010886724], [77.59045775222874, 12.781764955353516], [77.50484781104095, 12.73238409124572], [77.42981878425947, 12.875402256278841], [77.33493261367724, 12.878399303579785], [77.39331079819222, 13.118487416388493], [77.55260444714268, 13.232083995488015]]]}}, {"type": "Feature", "properties": {"id": 271, "objectid": 271, "state": "KA", "stcode": "29", "district": "Bengaluru Rural", "dtcode": "526", "shape_length": 490845.4015095752, "shape_area": 2286901731.8762655, "ds_name": " Administrative Boundary", "src_agency": "Survey of India (SOI)", "state_name": "Karnataka", "id_final": "d315"}, "geometry": {"type": "Polygon", "coordinates": [[[77.39901610586713, 13.492776207888609], [77.79041039569479, 13.350869065628311], [77.8499560955659, 13.219502145193577], [77.96485399397673, 13.244046541438003], [77.86757902123598, 12.868069500900932], [77.76503647871449, 12.942471343565217], [77.72555779510103, 13.192720374821924], [77.5593136972341, 13.232249692895238], [77.4798562877329, 13.223401732287227], [77.32866301352779, 12.977647990181413], [77.18342426417688, 13.257613734862378], [77.33845964258632, 13.329118889495108], [77.39901610586713, 13.492776207888609]]]}}, {"type": "Feature", "properties": {"id": 272, "objectid": 272, "state": "KA", "stcode": "29", "district": "Belagavi", "dtcode": "527", "shape_length": 1094590.2652962797, "shape_area": 13151085482.360353, "ds_name": " Administrative Boundary", "src_agency": "Survey of India (SOI)", "state_name": "Karnataka", "id_final": "d316"}, "geometry": {"type": "MultiPolygon", "coordinates": [[[[74.92326789525973, 16.93933395186249], [75.21420965726239, 16.841736985197926], [75.34158917302156, 16.95620354349096], [75.39495249616763, 16.86318180204519], [75.25861392397404, 16.607463959134595], [75.1153947049216, 16.506143611359285], [75.00760045159853, 16.538447922146343], [74.98653597409437, 16.463129150700432], [75.07782667374046, 16.437834141091233], [75.04319843170335, 16.31827434995927], [75.15940933368186, 16.320871674071125], [75.2858757345417, 16.201287096215527], [75.27580157640301, 16.120322444748464], [75.43892667324936, 16.115514532967957], [75.45780324080616, 15.818533162077282], [75.30362829182464, 15.812617999765864], [75.27368402055838, 15.648749507992553], [75.10819734231337, 15.672028702929996], [75.091781408504, 15.607930499824178], [75.04973643536346, 15.682508654204664], [74.83045445535453, 15.610351866987957], [74.7408008584756, 15.411024557329078], [74.6138925770316, 15.35851708804651], [74.42635019900042, 15.398452377186112], [74.24527743994004, 15.56668027382581], [74.2363481008063, 15.668624343891574], [74.08825861784811, 15.670004158221642], [74.22093299169549, 15.78602157361071], [74.35844110905316, 15.774928966601902], [74.46319846838425, 16.039162800058335], [74.36134961601135, 16.053917792099263], [74.49123121111153, 16.1043566159491], [74.50283579795332, 16.225914147815324], [74.32493712585905, 16.271809191807947], [74.3636795748019, 16.405200683424408], [74.24749222538502, 16.497329819377004], [74.37983944621868, 16.52864311894316], [74.46875098343381, 16.663851917039846], [74.56854307694337, 16.553916843498953], [74.68698835952114, 16.606834239605558], [74.69104184489062, 16.715614819280194], [74.91930723221171, 16.77253097598498], [74.92326789525973, 16.93933395186249]]], [[[74.26754406003023, 15.796951393522882], [74.31397177059118, 15.79930169260749], [74.30243380550965, 15.787772695833002], [74.26754406003023, 15.796951393522882]]]]}}, {"type": "Feature", "properties": {"id": 273, "objectid": 273, "state": "KA", "stcode": "29", "district": "Ballari", "dtcode": "528", "shape_length": 778959.5498047245, "shape_area": 8329842225.610894, "ds_name": " Administrative Boundary", "src_agency": "Survey of India (SOI)", "state_name": "Karnataka", "id_final": "d317"}, "geometry": {"type": "Polygon", "coordinates": [[[77.0352558967262, 15.830107965507144], [77.12828219821006, 15.662474213179847], [77.03041335293416, 15.634506468594118], [76.97456338139611, 15.49564607312343], [77.16765117415854, 15.263430352622565], [77.08237641033448, 15.006093289148266], [76.80017136137738, 15.095835236712292], [76.77234475557532, 14.99085435170612], [76.67264983794104, 15.020637184308688], [76.74167691994744, 14.81834050133682], [76.53431823459208, 14.560902584993773], [76.32210736290955, 14.69243576498696], [76.23046344590136, 14.64933823685233], [76.14286365567054, 14.793237243836016], [76.19065391164189, 14.84651103428193], [76.04472455989966, 14.931971293985763], [75.86908435819652, 14.85439487233543], [75.81599264829953, 14.899807053706747], [75.82516526381043, 14.778973335138565], [75.70421195462663, 14.725262199032832], [75.66385897075111, 14.807073359474606], [75.73903701341554, 14.88733576977554], [75.68284579731551, 14.940123929094696], [75.90345415621925, 15.056713792680128], [75.90225007092403, 15.131698698295876], [76.18743338487766, 15.235049228137697], [76.2489734644555, 15.190764472559472], [76.36397086305223, 15.32842994303175], [76.79695191439187, 15.501074228836412], [77.0352558967262, 15.830107965507144]]]}}, {"type": "Feature", "properties": {"id": 274, "objectid": 274, "state": "KA", "stcode": "29", "district": "Bidar", "dtcode": "529", "shape_length": 548153.6978715768, "shape_area": 5290280211.436426, "ds_name": " Administrative Boundary", "src_agency": "Survey of India (SOI)", "state_name": "Karnataka", "id_final": "d318"}, "geometry": {"type": "MultiPolygon", "coordinates": [[[[77.36643453556464, 18.42178854771359], [77.36573426491236, 18.30721096494326], [77.6054362318773, 18.281312481261327], [77.54764938598315, 18.056130476275396], [77.65586703826062, 17.96883757858588], [77.44405896695476, 17.58435915473881], [77.12357866129742, 17.687026719383276], [76.99089963129022, 17.69600696100898], [76.9404002033396, 17.608901281010283], [76.69822594925256, 17.642614812317337], [76.7903995551723, 17.826376696243077], [76.73986093742258, 17.899693107114054], [76.91899131954615, 17.91597308036042], [76.95195325186755, 18.188106212469492], [77.11156057014584, 18.155838322109354], [77.2417017430493, 18.412422578244414], [77.36643453556464, 18.42178854771359]]], [[[77.2771652214663, 18.47680853237804], [77.29292020703812, 18.456568374996717], [77.26667741817698, 18.455513113561512], [77.2771652214663, 18.47680853237804]]]]}}, {"type": "Feature", "properties": {"id": 275, "objectid": 275, "state": "KA", "stcode": "29", "district": "Vijayapura", "dtcode": "530", "shape_length": 690734.2825724096, "shape_area": 10248024374.017014, "ds_name": " Administrative Boundary", "src_agency": "Survey of India (SOI)", "state_name": "Karnataka", "id_final": "d319"}, "geometry": {"type": "Polygon", "coordinates": [[[75.66003128137984, 17.45772064617756], [75.79567712140913, 17.36911920041399], [75.88420109485399, 17.417985150961293], [75.93083041078702, 17.322598172432823], [76.06161960735825, 17.354958607565187], [76.17771567892086, 17.19332266189032], [76.35631651786663, 17.18874803816767], [76.42941393345389, 17.09966491439195], [76.39905573545589, 16.93535007157115], [76.470978413291, 16.838814056844175], [76.3523978218338, 16.819769103002397], [76.4594001156155, 16.72331470120134], [76.43510539910199, 16.43764514241655], [76.30936040829162, 16.394683432132528], [76.35275491706719, 16.235450946240004], [76.2805160033852, 16.15269274990677], [75.63458630439226, 16.443872335754065], [75.43280782083443, 16.430972365162237], [75.49185047913427, 16.74566056551248], [75.38445057275347, 16.76336513769998], [75.34158917302156, 16.95620354349096], [75.67582097973133, 16.966539750973606], [75.65773692463586, 17.263062160689334], [75.57416838604783, 17.38330736030992], [75.66003128137984, 17.45772064617756]]]}}, {"type": "Feature", "properties": {"id": 276, "objectid": 276, "state": "KA", "stcode": "29", "district": "Chamarajanagara", "dtcode": "531", "shape_length": 589041.7922165912, "shape_area": 5667601236.992235, "ds_name": " Administrative Boundary", "src_agency": "Survey of India (SOI)", "state_name": "Karnataka", "id_final": "d320"}, "geometry": {"type": "Polygon", "coordinates": [[[77.16669753454953, 12.310193305290095], [77.77630508325193, 12.112284043528208], [77.67554399477254, 11.951888503838415], [77.49400623087323, 11.943259473033393], [77.42710902056129, 11.76094433478223], [77.24979116642668, 11.813026494706602], [77.11758705045429, 11.721308092054157], [77.01282374720817, 11.814675696510566], [76.90789391562352, 11.795307117085475], [76.84672905836175, 11.594572268896348], [76.41662801272135, 11.671777959537534], [76.40979887418648, 11.811306846195814], [76.55355437684769, 11.858751862891785], [76.57813516711737, 11.988323673879474], [76.93602619459519, 12.0131374869462], [76.85338669457587, 12.059909634885555], [76.85145627003823, 12.178934205037956], [76.94872567247108, 12.097455303764736], [77.16669753454953, 12.310193305290095]]]}}, {"type": "Feature", "properties": {"id": 277, "objectid": 277, "state": "KA", "stcode": "29", "district": "Chikkamagaluru", "dtcode": "532", "shape_length": 588821.2409516055, "shape_area": 7157341468.500472, "ds_name": " Administrative Boundary", "src_agency": "Survey of India (SOI)", "state_name": "Karnataka", "id_final": "d321"}, "geometry": {"type": "Polygon", "coordinates": [[[76.04207576633269, 13.899383302227326], [76.34567507375559, 13.5138769900414], [76.04155655918132, 13.374389356442405], [76.0363487431005, 13.248590509446489], [75.74314688095691, 13.207824746317861], [75.74015323620205, 13.030028569727811], [75.64256608839, 13.031335542311378], [75.55667725896865, 12.9128289110904], [75.38221291687142, 13.178855440363597], [75.20757055140551, 13.153324531155098], [75.07846343837697, 13.343008209710087], [75.22132229485537, 13.602377944689183], [75.34424445409188, 13.580652697199877], [75.48722939699074, 13.768607918175913], [75.63561132687408, 13.701448825999892], [76.04207576633269, 13.899383302227326]]]}}, {"type": "Feature", "properties": {"id": 278, "objectid": 278, "state": "KA", "stcode": "29", "district": "Chitradurga", "dtcode": "533", "shape_length": 673495.6875217456, "shape_area": 8347285849.256522, "ds_name": " Administrative Boundary", "src_agency": "Survey of India (SOI)", "state_name": "Karnataka", "id_final": "d322"}, "geometry": {"type": "Polygon", "coordinates": [[[76.72024540753902, 15.033839776665129], [76.86737875291826, 14.969838926285933], [76.76499456682292, 14.602250179393712], [76.86792022292445, 14.474056105314801], [76.97477306528778, 14.485346134369587], [76.88471305077614, 14.347553172537646], [77.02271120337694, 14.179242362244704], [76.89448708941681, 14.167828829924417], [76.95336293765473, 14.099185037206917], [76.72281142875603, 13.898468297281461], [76.76873408285054, 13.795151704963205], [76.68493980981404, 13.690485361703228], [76.62044266926381, 13.733894246719231], [76.34116819833282, 13.57614909972387], [76.02832228305434, 13.898691352550467], [76.02491005616126, 14.113149250447544], [76.17331078081814, 14.460668158110824], [76.38382859892333, 14.420433700191605], [76.60081702436221, 14.620859631081201], [76.74167691994744, 14.81834050133682], [76.6598317921322, 14.94172618869081], [76.72024540753902, 15.033839776665129]]]}}, {"type": "Feature", "properties": {"id": 279, "objectid": 279, "state": "KA", "stcode": "29", "district": "Dakshina Kannada", "dtcode": "534", "shape_length": 483714.5697600294, "shape_area": 4856606887.964821, "ds_name": " Administrative Boundary", "src_agency": "Survey of India (SOI)", "state_name": "Karnataka", "id_final": "d323"}, "geometry": {"type": "Polygon", "coordinates": [[[75.35330246141812, 13.184043075930015], [75.51513676833451, 13.066051736197407], [75.6573565655364, 12.751952691795045], [75.67048169338139, 12.551092054220893], [75.48980079468365, 12.460145422861684], [75.4343108768581, 12.530159546935884], [75.3362465020118, 12.464150196663164], [75.26965118333995, 12.549713737549386], [75.32610196186624, 12.593654526573651], [75.22029173631266, 12.568204087431353], [75.15238029896788, 12.682249559688158], [75.04663960018569, 12.666835603031002], [75.00309644362903, 12.791732145447293], [74.86433401590513, 12.759254450574046], [74.77782975898286, 13.061614946868639], [74.82598718516925, 13.129609119918502], [75.20574972853609, 13.17731507287286], [75.29431932289928, 13.124514846030898], [75.35330246141812, 13.184043075930015]]]}}, {"type": "Feature", "properties": {"id": 280, "objectid": 280, "state": "KA", "stcode": "29", "district": "Davangere", "dtcode": "535", "shape_length": 588950.4029030866, "shape_area": 5852943794.484994, "ds_name": " Administrative Boundary", "src_agency": "Survey of India (SOI)", "state_name": "Karnataka", "id_final": "d324"}, "geometry": {"type": "Polygon", "coordinates": [[[76.0451990512089, 14.930638412910026], [76.19065391164189, 14.84651103428193], [76.14286365567054, 14.793237243836016], [76.23046344590136, 14.64933823685233], [76.33521386613397, 14.687797268721598], [76.53359349517312, 14.54082417344897], [76.38310521047256, 14.420189656120836], [76.13616486716057, 14.427019064494534], [76.13482847072129, 14.256075214406048], [76.02491005616126, 14.113149250447544], [76.06555242468808, 13.941545883368946], [75.89543469284408, 13.806242653466484], [75.8140668511082, 14.10567088069755], [75.60353253499662, 14.056580118642088], [75.39890797914889, 14.118166906424491], [75.63399957905601, 14.314975417666643], [75.6367931607233, 14.465619405785786], [75.7991978947899, 14.510778780015853], [75.81061374553934, 14.654672168925998], [75.73792237303385, 14.691224920570429], [75.83326171772292, 14.795482640844746], [75.81599264829953, 14.899807053706747], [75.86908435819652, 14.85439487233543], [76.0451990512089, 14.930638412910026]]]}}, {"type": "Feature", "properties": {"id": 281, "objectid": 281, "state": "KA", "stcode": "29", "district": "Dharwad", "dtcode": "536", "shape_length": 464410.07341632096, "shape_area": 4185663526.3251557, "ds_name": " Administrative Boundary", "src_agency": "Survey of India (SOI)", "state_name": "Karnataka", "id_final": "d325"}, "geometry": {"type": "Polygon", "coordinates": [[[74.82973187639462, 15.609841115296328], [75.55434802733673, 15.647313334508794], [75.40195665337025, 15.273365190865468], [75.41661083495838, 15.059544044496302], [75.3396370621778, 15.069766819331303], [75.33636057701713, 15.161818958589473], [75.18818827855627, 15.097926118547168], [75.14095542739975, 15.161462313460387], [75.0819861126579, 15.074620266957968], [74.89089902091769, 15.044814696229999], [74.82924081292371, 15.139682351046275], [74.90092037073725, 15.291859531207585], [74.72958382499678, 15.430486877894682], [74.82973187639462, 15.609841115296328]]]}}, {"type": "Feature", "properties": {"id": 282, "objectid": 282, "state": "KA", "stcode": "29", "district": "Gadag", "dtcode": "537", "shape_length": 558441.7683845009, "shape_area": 4576789449.533759, "ds_name": " Administrative Boundary", "src_agency": "Survey of India (SOI)", "state_name": "Karnataka", "id_final": "d326"}, "geometry": {"type": "Polygon", "coordinates": [[[75.46143209049067, 15.886792609731836], [76.03886058380355, 15.770772217167412], [76.01109361306054, 15.662397091165507], [75.87099256723985, 15.71443944696086], [75.89748155214295, 15.607110489418105], [75.81048453501033, 15.47542588814134], [75.90396716077011, 15.402930797566109], [75.9516188896023, 15.137731992040546], [75.7392946813356, 14.94412448373426], [75.4171005169562, 15.061643710345589], [75.40195665337025, 15.273365190865468], [75.55434802733673, 15.647313334508794], [75.48758429786956, 15.70257956326929], [75.33563199754157, 15.648778907873611], [75.27414509336494, 15.735573445082867], [75.37489527995518, 15.845388846262997], [75.43716457205613, 15.778727441488618], [75.46143209049067, 15.886792609731836]]]}}, {"type": "Feature", "properties": {"id": 283, "objectid": 283, "state": "KA", "stcode": "29", "district": "Kalaburagi", "dtcode": "538", "shape_length": 882443.3767887331, "shape_area": 10674992246.859356, "ds_name": " Administrative Boundary", "src_agency": "Survey of India (SOI)", "state_name": "Karnataka", "id_final": "d327"}, "geometry": {"type": "Polygon", "coordinates": [[[76.6243441714343, 17.759408245286004], [76.70776709539093, 17.640072787972112], [76.9404002033396, 17.608901281010283], [76.99089963129022, 17.69600696100898], [77.123894432798, 17.686986061297304], [77.68880337073726, 17.510939195842077], [77.51300294897263, 17.43087340980353], [77.38022393412561, 17.222465346706645], [77.49664124930442, 17.0427315305146], [77.45590633177743, 16.88544485771811], [77.06385163396354, 16.954000124920118], [76.98267874811354, 16.809609564657343], [76.87049638962321, 16.895892562664248], [76.65872855513872, 16.72510122570719], [76.37092374468818, 16.768616317292743], [76.37428148740997, 16.858856273315077], [76.470978413291, 16.838814056844175], [76.39905573545589, 16.93535007157115], [76.42941393345389, 17.09966491439195], [76.35631651786663, 17.18874803816767], [76.24261052998835, 17.150816782027974], [76.0661235588352, 17.316120211778678], [76.11965248208287, 17.370446672146016], [76.17632442025325, 17.3008096130758], [76.24209737819254, 17.378857959152935], [76.38324463405034, 17.314715910885344], [76.33129063526042, 17.597246714835837], [76.6243441714343, 17.759408245286004]]]}}, {"type": "Feature", "properties": {"id": 284, "objectid": 284, "state": "KA", "stcode": "29", "district": "Hassan", "dtcode": "539", "shape_length": 651511.1917689972, "shape_area": 6790123373.806953, "ds_name": " Administrative Boundary", "src_agency": "Survey of India (SOI)", "state_name": "Karnataka", "id_final": "d328"}, "geometry": {"type": "Polygon", "coordinates": [[[76.38723052662398, 13.534508900313417], [76.35613806575185, 13.249157638472605], [76.47216047342935, 13.093158364922335], [76.6177963239598, 13.063813757840608], [76.57765137102943, 12.846958676851257], [76.49277929934115, 12.767251169770024], [76.41349710429033, 12.864458447885566], [76.33174806291659, 12.811980850192102], [76.32760983666711, 12.611405518195163], [76.21907764504174, 12.644305432221232], [76.11524074722018, 12.512860135919112], [75.96253579010173, 12.561220158520573], [75.91975146333539, 12.828295101189534], [75.86371454200716, 12.818741936627355], [75.87774642954112, 12.671801452106676], [75.6334782966012, 12.690028234947345], [75.5544969845615, 12.907328374605674], [75.64256608839, 13.031335542311378], [75.74015323620205, 13.030028569727811], [75.7428146323114, 13.207495009206676], [76.0363487431005, 13.248590509446489], [76.04155655918132, 13.374389356442405], [76.38723052662398, 13.534508900313417]]]}}, {"type": "Feature", "properties": {"id": 285, "objectid": 285, "state": "KA", "stcode": "29", "district": "Haveri", "dtcode": "540", "shape_length": 465599.67241056456, "shape_area": 4756748680.989289, "ds_name": " Administrative Boundary", "src_agency": "Survey of India (SOI)", "state_name": "Karnataka", "id_final": "d329"}, "geometry": {"type": "Polygon", "coordinates": [[[75.14201053546378, 15.158646339528918], [75.25310554909525, 15.098087995037043], [75.33636057701713, 15.161818958589473], [75.3422649472755, 15.06756651961518], [75.66855416666749, 14.986685110835198], [75.73903701341554, 14.88733576977554], [75.66353783217765, 14.803535082212523], [75.81944191310758, 14.56284823800763], [75.6367931607233, 14.465619405785786], [75.58237226188396, 14.278276557743407], [75.34853903705519, 14.388015194070341], [75.38191886032146, 14.43359865562972], [75.18406050867343, 14.585897999070042], [75.2050417958956, 14.59754768686979], [75.2054190863166, 14.637690638375602], [75.03092974185576, 14.665052242006793], [75.07751077270574, 15.110390056725967], [75.14201053546378, 15.158646339528918]]]}}, {"type": "Feature", "properties": {"id": 286, "objectid": 286, "state": "KA", "stcode": "29", "district": "Kodagu", "dtcode": "541", "shape_length": 466177.6957944069, "shape_area": 4113653734.6698785, "ds_name": " Administrative Boundary", "src_agency": "Survey of India (SOI)", "state_name": "Karnataka", "id_final": "d330"}, "geometry": {"type": "Polygon", "coordinates": [[[75.8957089016798, 12.828022426512472], [75.96893796016712, 12.805066847267367], [75.94043888847126, 12.605049874396027], [76.01897820789351, 12.571622408197838], [75.91307290363012, 12.38564787129943], [76.18917466593294, 12.050076138945254], [76.00310754757453, 11.93143655762932], [75.57693953882539, 12.156886606926323], [75.3658595138402, 12.411946476022903], [75.4343108768581, 12.530159546935884], [75.48980079468365, 12.460145422861684], [75.66788577194313, 12.547813722953869], [75.66684212476366, 12.697851119142417], [75.88667438711052, 12.676586901413405], [75.8957089016798, 12.828022426512472]]]}}, {"type": "Feature", "properties": {"id": 287, "objectid": 287, "state": "KA", "stcode": "29", "district": "Kolar", "dtcode": "542", "shape_length": 498776.7304762063, "shape_area": 3961427799.245243, "ds_name": " Administrative Boundary", "src_agency": "Survey of India (SOI)", "state_name": "Karnataka", "id_final": "d331"}, "geometry": {"type": "Polygon", "coordinates": [[[78.24098502079252, 13.59718292331606], [78.40141625429708, 13.587886651168718], [78.37708351325351, 13.331962112985936], [78.58763660263058, 13.272960337548577], [78.41109126575745, 12.945258860569817], [78.46662409270441, 12.905399526536328], [78.46469778942563, 12.866753600994688], [78.35580317844892, 12.940732581656958], [78.2308776851199, 12.760652873674188], [78.0534859270654, 12.853787773972595], [77.92048292219326, 12.828157075247661], [77.93593602311881, 12.887243830157784], [77.83947623402095, 12.921905891766523], [77.94138367654963, 13.068790253683767], [77.93815295526427, 13.267952125491174], [78.13375436882085, 13.287636131123547], [78.24098502079252, 13.59718292331606]]]}}, {"type": "Feature", "properties": {"id": 288, "objectid": 288, "state": "KA", "stcode": "29", "district": "Koppal", "dtcode": "543", "shape_length": 536297.8969468819, "shape_area": 5469495541.587741, "ds_name": " Administrative Boundary", "src_agency": "Survey of India (SOI)", "state_name": "Karnataka", "id_final": "d332"}, "geometry": {"type": "Polygon", "coordinates": [[[76.06522475789907, 16.01078570189135], [76.11700121814204, 15.886459607175933], [76.2003658216221, 15.943835725632457], [76.42679453610351, 15.890331085855653], [76.44721029536704, 15.734271485529902], [76.69056297713495, 15.648185827254542], [76.81152062901818, 15.513717852030915], [76.36397086305223, 15.32842994303175], [76.2489734644555, 15.190764472559472], [76.18743338487766, 15.235049228137697], [75.9516188896023, 15.137731992040546], [75.90396716077011, 15.402930797566109], [75.80953541481549, 15.486733861036425], [75.89748155214295, 15.607110489418105], [75.88306036644438, 15.73752415782822], [75.94358288597911, 15.676388789421384], [75.96698679033064, 15.678917536456249], [75.96797699565671, 15.664273014901744], [76.01109361306054, 15.662397091165507], [76.03945956480737, 15.768392229817842], [75.77352275377442, 15.90254542807752], [75.97362580046727, 15.861486792579925], [75.9739897812427, 15.98748061266593], [76.06522475789907, 16.01078570189135]]]}}, {"type": "Feature", "properties": {"id": 289, "objectid": 289, "state": "KA", "stcode": "29", "district": "Mandya", "dtcode": "544", "shape_length": 554671.6793271097, "shape_area": 4952166670.040381, "ds_name": " Administrative Boundary", "src_agency": "Survey of India (SOI)", "state_name": "Karnataka", "id_final": "d333"}, "geometry": {"type": "MultiPolygon", "coordinates": [[[[76.68315978120758, 13.045697295577058], [76.81462206583763, 13.013730986156343], [76.92448108655708, 12.80401773370693], [77.08037825376516, 12.746558473105164], [77.1253039586381, 12.480254033114806], [77.23779130070668, 12.499846882926931], [77.33048350039897, 12.362137722778435], [77.32522032118614, 12.307957577157918], [76.99522938726984, 12.242191192364983], [76.92233716472809, 12.441817231541856], [76.75275185686141, 12.30199170878209], [76.68269509353895, 12.39109645579953], [76.56131138764695, 12.362106405429872], [76.39018877739507, 12.552306423503973], [76.33048170240286, 12.81026407354773], [76.41349710429033, 12.864458447885566], [76.49277929934115, 12.767251169770024], [76.68315978120758, 13.045697295577058]], [[77.29205471597821, 12.37183615441605], [77.29656795848824, 12.3679746072074], [77.29466916108656, 12.372812743640283], [77.29205471597821, 12.37183615441605]], [[77.31373194411597, 12.358914038540442], [77.30325352582177, 12.358594176309744], [77.30370099090747, 12.352846272399578], [77.31373194411597, 12.358914038540442]], [[77.29565667264464, 12.356994856805988], [77.28750988255719, 12.355633223415815], [77.29392279591947, 12.352731258186084], [77.29565667264464, 12.356994856805988]], [[77.30038346734133, 12.320723902628973], [77.30177097216722, 12.313835460714447], [77.30489040018725, 12.315591926753118], [77.30038346734133, 12.320723902628973]]], [[[76.98565722418364, 12.260639868555458], [76.96901057309125, 12.258585079304673], [76.96954082744371, 12.274982183176682], [76.98565722418364, 12.260639868555458]]], [[[76.89891614350029, 12.373743598019226], [76.92005451331852, 12.359104298928509], [76.89819050862322, 12.356734138187246], [76.89891614350029, 12.373743598019226]]]]}}, {"type": "Feature", "properties": {"id": 290, "objectid": 290, "state": "KA", "stcode": "29", "district": "Mysuru", "dtcode": "545", "shape_length": 673605.8493055075, "shape_area": 6322872583.528143, "ds_name": " Administrative Boundary", "src_agency": "Survey of India (SOI)", "state_name": "Karnataka", "id_final": "d334"}, "geometry": {"type": "Polygon", "coordinates": [[[76.36365277636195, 12.612199630607147], [76.56131138764695, 12.362106405429872], [76.68269509353895, 12.39109645579953], [76.7539010752234, 12.302152063325547], [76.92233716472809, 12.441817231541856], [76.99522938726984, 12.242191192364983], [77.1341996955857, 12.226646157460666], [76.94845075142463, 12.097404195207318], [76.85194761026385, 12.179293553065273], [76.85338669457587, 12.059909634885555], [76.93602619459519, 12.0131374869462], [76.57813516711737, 11.988323673879474], [76.55355437684769, 11.858751862891785], [76.35204474434924, 11.738226806307162], [76.11266865725958, 11.858452041263762], [76.17084988580977, 12.1187688668371], [75.90859972235714, 12.39949276778992], [76.02168602927021, 12.576904804853278], [76.11220701552391, 12.512514240308478], [76.21907764504174, 12.644305432221232], [76.36365277636195, 12.612199630607147]], [[76.98191093477871, 12.270250584133693], [76.97041107850995, 12.255262503305882], [76.98228336521579, 12.254561467179313], [76.98191093477871, 12.270250584133693]], [[76.89891614350029, 12.373743598019226], [76.92005451331852, 12.359104298928509], [76.92278911009195, 12.382084885378966], [76.89891614350029, 12.373743598019226]]]}}, {"type": "Feature", "properties": {"id": 291, "objectid": 291, "state": "KA", "stcode": "29", "district": "Raichur", "dtcode": "546", "shape_length": 540627.3864373538, "shape_area": 8269741124.6640835, "ds_name": " Administrative Boundary", "src_agency": "Survey of India (SOI)", "state_name": "Karnataka", "id_final": "d335"}, "geometry": {"type": "Polygon", "coordinates": [[[76.985214779684, 16.56205995743132], [77.59779687591904, 16.29312040771687], [77.49007241019066, 16.255034258051403], [77.51342447003962, 15.926797167999927], [77.10254155994, 15.928736963516819], [76.81070297016309, 15.547454068081219], [76.44721029536704, 15.734271485529902], [76.42679453610351, 15.890331085855653], [76.28977496792463, 15.892796898034275], [76.25722851562976, 16.088448355935327], [76.33226667007445, 16.09197352557571], [76.23665917224717, 16.155864271504832], [76.985214779684, 16.56205995743132]]]}}, {"type": "Feature", "properties": {"id": 292, "objectid": 292, "state": "KA", "stcode": "29", "district": "Shivamogga", "dtcode": "547", "shape_length": 744438.9289135963, "shape_area": 8394371650.546379, "ds_name": " Administrative Boundary", "src_agency": "Survey of India (SOI)", "state_name": "Karnataka", "id_final": "d336"}, "geometry": {"type": "Polygon", "coordinates": [[[75.0844189844422, 14.652812956235776], [75.2054190863166, 14.637690638375602], [75.18406050867343, 14.585897999070042], [75.38191886032146, 14.43359865562972], [75.34853903705519, 14.388015194070341], [75.5340551428198, 14.2895609092733], [75.39876538777428, 14.116893194879488], [75.60353253499662, 14.056580118642088], [75.8140668511082, 14.10567088069755], [75.87870268347775, 13.81014778213558], [75.63482555390115, 13.701281676181015], [75.48671142432536, 13.768368595261714], [75.38288114126547, 13.710907258302948], [75.40723006517663, 13.625651941345337], [75.2252926201049, 13.605761383765874], [75.1157148280812, 13.456853006604446], [74.91057160888946, 13.85665679834605], [74.69046108308827, 13.933536000228049], [74.62516991808312, 14.16254478003008], [74.74786042887028, 14.142711853667686], [74.72994560193544, 14.26388125147069], [74.9288082870843, 14.235351474903055], [74.97620210425195, 14.332162527240001], [74.87798108280494, 14.435536117373914], [74.9008890910855, 14.52926420537878], [75.04059568182599, 14.50022787542797], [75.0844189844422, 14.652812956235776]]]}}, {"type": "Feature", "properties": {"id": 293, "objectid": 293, "state": "KA", "stcode": "29", "district": "Tumakuru", "dtcode": "548", "shape_length": 1075827.4432253283, "shape_area": 10527383159.352211, "ds_name": " Administrative Boundary", "src_agency": "Survey of India (SOI)", "state_name": "Karnataka", "id_final": "d337"}, "geometry": {"type": "MultiPolygon", "coordinates": [[[[76.97170270808137, 14.058066337082526], [77.04711841465064, 13.906569745324365], [76.99844786682851, 13.745589480339966], [77.17299687111192, 13.76202251759221], [77.12814558889907, 13.856471867921694], [77.18471530347279, 13.925089798631102], [77.20037742898135, 13.863049308209321], [77.43246605805346, 13.84322442446846], [77.4704958623867, 13.758028037482076], [77.36196349323403, 13.62484571737777], [77.33845964258632, 13.329118889495108], [77.22894931878677, 13.313317676762976], [77.20247713529542, 13.182973458442127], [77.07185108880671, 13.130869036766821], [77.16534671297907, 12.929058831092359], [77.07662802114083, 12.745553856143154], [76.92448108655708, 12.80401773370693], [76.81462206583763, 13.013730986156343], [76.61294414889147, 13.005826919718768], [76.60742752474096, 13.07110335320929], [76.47216047342935, 13.093158364922335], [76.34754187915345, 13.301249984161569], [76.42721128609611, 13.52565982763383], [76.35304420196044, 13.579496013505446], [76.62044266926381, 13.733894246719231], [76.68493980981404, 13.690485361703228], [76.76873408285054, 13.795151704963205], [76.72281142875603, 13.898468297281461], [76.97170270808137, 14.058066337082526]]], [[[77.16100219906777, 14.342006526205179], [77.28646481526624, 14.340109162487956], [77.3919414244316, 14.198910332887838], [77.38904170950964, 14.333133999491842], [77.49823588911283, 14.278854648746776], [77.5034580071552, 14.157124240878169], [77.35132085335525, 14.129952870181604], [77.40087181584266, 14.118720843857497], [77.33225239682375, 14.030697815653898], [77.43782998515205, 13.97552935409385], [77.40541158270179, 13.889457845738166], [77.32218026987057, 14.03000436593127], [77.02539177119021, 14.065742337716005], [76.99924192448806, 14.229118144197265], [77.11481333938939, 14.223153961844693], [77.16100219906777, 14.342006526205179]]]]}}, {"type": "Feature", "properties": {"id": 294, "objectid": 294, "state": "KA", "stcode": "29", "district": "Udupi", "dtcode": "549", "shape_length": 378264.2627821887, "shape_area": 3561798509.145212, "ds_name": " Administrative Boundary", "src_agency": "Survey of India (SOI)", "state_name": "Karnataka", "id_final": "d338"}, "geometry": {"type": "MultiPolygon", "coordinates": [[[[74.68865760140163, 13.955798835454397], [74.90686718414302, 13.860295343303559], [75.02124985268951, 13.698149521845837], [75.04895602544583, 13.537378121139664], [75.15446055906548, 13.45318161380109], [75.07846343837697, 13.343008209710087], [75.20574972853609, 13.17731507287286], [75.15081219983998, 13.12496978758543], [74.93325937134414, 13.14975202260562], [74.77635676517164, 13.071592217011359], [74.58192392062871, 13.925269574759477], [74.68865760140163, 13.955798835454397]]], [[[74.68158407379565, 13.348747906560423], [74.6891483132533, 13.339451250985388], [74.69205574511717, 13.33077467708547], [74.68158407379565, 13.348747906560423]]], [[[74.67436020449001, 13.38050786222659], [74.67077218015031, 13.379075532777655], [74.67099298809345, 13.382115745981269], [74.67436020449001, 13.38050786222659]]]]}}, {"type": "Feature", "properties": {"id": 295, "objectid": 295, "state": "KA", "stcode": "29", "district": "Uttara Kannada", "dtcode": "550", "shape_length": 786882.5850294145, "shape_area": 10148745987.768085, "ds_name": " Administrative Boundary", "src_agency": "Survey of India (SOI)", "state_name": "Karnataka", "id_final": "d339"}, "geometry": {"type": "MultiPolygon", "coordinates": [[[[74.29453149844697, 15.523206364163471], [74.42635019900042, 15.398452377186112], [74.6138925770316, 15.35851708804651], [74.76664424643556, 15.417269002483826], [74.90439177902059, 15.282271201988308], [74.82924081292371, 15.139682351046275], [74.89089902091769, 15.044814696229999], [75.0819861126579, 15.074620266957968], [75.09153494957721, 14.811189681955574], [75.01511484325589, 14.720308263577156], [75.0612250261849, 14.543677370849988], [74.98941808961186, 14.472758196662108], [74.97676310782278, 14.54872566189267], [74.9008890910855, 14.52926420537878], [74.87453334549923, 14.4476177683527], [74.97670689573533, 14.31973451967952], [74.89001200842932, 14.216870218611579], [74.72994560193544, 14.26388125147069], [74.74786042887028, 14.142711853667686], [74.62516991808312, 14.16254478003008], [74.67745763103271, 14.034835988484458], [74.58192392062871, 13.925269574759477], [74.26270976503694, 14.717503624184088], [74.09277326909239, 14.80400194573807], [74.12476340596363, 14.839586215941091], [74.08575061843936, 14.90097265673336], [74.29646606789363, 15.041272049796616], [74.29453149844697, 15.523206364163471]]], [[[74.48241363732791, 14.010521301109902], [74.47924955354853, 14.007117685705833], [74.47844541090973, 14.008877371776812], [74.48241363732791, 14.010521301109902]]], [[[74.48717622566988, 14.024371020625052], [74.48502541173109, 14.021602982325442], [74.48458986965996, 14.023317185186693], [74.48717622566988, 14.024371020625052]]], [[[74.3243609380862, 14.019069021469436], [74.32987030123867, 14.016446119704831], [74.32525565276346, 14.014168742809277], [74.3243609380862, 14.019069021469436]]], [[[74.47173160064827, 14.083767522534442], [74.47040369254495, 14.08459569005282], [74.47194316345796, 14.084105276857379], [74.47173160064827, 14.083767522534442]]], [[[74.4029071848936, 14.315330538284117], [74.40138569112422, 14.31168006343417], [74.39779235450064, 14.312626515945087], [74.4029071848936, 14.315330538284117]]], [[[74.23862828712116, 14.7113683097713], [74.24013133059496, 14.708726833471127], [74.23771578816066, 14.709274225354658], [74.23862828712116, 14.7113683097713]]], [[[74.15779450300843, 14.739096593354091], [74.15238575368711, 14.740021434676637], [74.15338874900168, 14.74221308725548], [74.15779450300843, 14.739096593354091]]], [[[74.08898356963033, 14.795501697471177], [74.0872909193685, 14.793621589541619], [74.08599230153014, 14.796359844114118], [74.08898356963033, 14.795501697471177]]], [[[74.05628312729513, 14.817158082532513], [74.05438672687742, 14.815706991478732], [74.05400718248742, 14.816619609171747], [74.05628312729513, 14.817158082532513]]], [[[74.07160731016259, 14.81916638432515], [74.07191718629561, 14.81802895246221], [74.07011961564838, 14.819340903064571], [74.07160731016259, 14.81916638432515]]], [[[74.06669101868079, 14.820051675161098], [74.06178205979849, 14.81861873277189], [74.06208844841618, 14.820910403037814], [74.06669101868079, 14.820051675161098]]], [[[74.05662122265295, 14.819131405170568], [74.06165629284999, 14.821556546935316], [74.06149051758501, 14.819331262347607], [74.05662122265295, 14.819131405170568]]], [[[74.09598175159717, 14.83771406294662], [74.09253063215832, 14.836904627572057], [74.09369637066632, 14.838829867825833], [74.09598175159717, 14.83771406294662]]], [[[74.09731901460383, 14.846386012042025], [74.10074343158945, 14.841176048700719], [74.09613905639104, 14.845757693436143], [74.09731901460383, 14.846386012042025]]], [[[74.10703164629267, 14.865714331386327], [74.1065159645664, 14.864873742598192], [74.10626505040054, 14.865275934738257], [74.10703164629267, 14.865714331386327]]], [[[74.09721175342959, 14.878337586383271], [74.0918637474084, 14.8812151184151], [74.09234553610821, 14.882199900840153], [74.09721175342959, 14.878337586383271]]]]}}, {"type": "Feature", "properties": {"id": 296, "objectid": 296, "state": "KA", "stcode": "29", "district": "Chikkaballapura", "dtcode": "630", "shape_length": 492671.54284535337, "shape_area": 4212917286.625645, "ds_name": " Administrative Boundary", "src_agency": "Survey of India (SOI)", "state_name": "Karnataka", "id_final": "d340"}, "geometry": {"type": "Polygon", "coordinates": [[[77.97559195597975, 13.958718789148083], [77.95284457654657, 13.827422246639458], [78.04881185271154, 13.89608893656065], [78.1235800336982, 13.845349096461032], [78.065658946855, 13.676137089553647], [78.20413801543398, 13.62841557750693], [78.21032434012359, 13.471033909742584], [78.13375436882085, 13.287636131123547], [77.8499560955659, 13.219502145193577], [77.78891462077318, 13.351767932178145], [77.3825474620723, 13.500324766928337], [77.36012068527872, 13.615694610960647], [77.52540675919585, 13.75327814504126], [77.71735917488213, 13.741204045428036], [77.82653603253392, 13.944725273990262], [77.97559195597975, 13.958718789148083]]]}}, {"type": "Feature", "properties": {"id": 297, "objectid": 297, "state": "KA", "stcode": "29", "district": "Ramanagara", "dtcode": "631", "shape_length": 472948.51323865156, "shape_area": 3510459802.785015, "ds_name": " Administrative Boundary", "src_agency": "Survey of India (SOI)", "state_name": "Karnataka", "id_final": "d341"}, "geometry": {"type": "MultiPolygon", "coordinates": [[[[77.1659958623939, 13.195593464129221], [77.31427281455431, 13.106153290952214], [77.33493261367724, 12.878399303579785], [77.42981878425947, 12.875402256278841], [77.50484781104095, 12.73238409124572], [77.5973847588456, 12.765935647951432], [77.62950304960273, 12.418269005615075], [77.47096225825705, 12.24353351682533], [77.34130695585878, 12.282680517154382], [77.33048350039897, 12.362137722778435], [77.23779130070668, 12.499846882926931], [77.12388513070368, 12.484084916722267], [77.07252610652672, 12.702368319686705], [77.16534671297907, 12.929058831092359], [77.0702568133263, 13.120864295252137], [77.1659958623939, 13.195593464129221]]], [[[77.30489040018725, 12.315591926753118], [77.29813166697586, 12.316515805733934], [77.29988614964563, 12.320663168604646], [77.30489040018725, 12.315591926753118]]], [[[77.29336451854715, 12.361153064812617], [77.28750988255719, 12.355633223415815], [77.28884569952305, 12.362688385458437], [77.29336451854715, 12.361153064812617]]], [[[77.30803430418231, 12.364095754252133], [77.30672450256084, 12.358274313178205], [77.30370099090747, 12.352846272399578], [77.30803430418231, 12.364095754252133]]], [[[77.29585314306344, 12.37202806171364], [77.29194397063841, 12.367273743220933], [77.29270961723462, 12.372347907289067], [77.29585314306344, 12.37202806171364]]]]}}, {"type": "Feature", "properties": {"id": 298, "objectid": 298, "state": "KA", "stcode": "29", "district": "Yadgir", "dtcode": "635", "shape_length": 543057.4340657446, "shape_area": 5153365153.52488, "ds_name": " Administrative Boundary", "src_agency": "Survey of India (SOI)", "state_name": "Karnataka", "id_final": "d342"}, "geometry": {"type": "Polygon", "coordinates": [[[77.07126184571221, 16.94513781050873], [77.46035371255172, 16.884757576638695], [77.41685226521174, 16.517314863883783], [77.23975845891317, 16.476259824860577], [77.26734072430204, 16.40371080672126], [76.9771652299727, 16.56063340602746], [76.33147380858345, 16.194061917089268], [76.29156715688755, 16.332428710395266], [76.33211585522585, 16.426981351292557], [76.43477491140119, 16.435927709983574], [76.42555782777687, 16.695723281896587], [76.74371793630863, 16.75098220678771], [76.87049638962321, 16.895892562664248], [76.99061724477029, 16.81223567591665], [77.07126184571221, 16.94513781050873]]]}}, {"type": "Feature", "properties": {"id": 299, "objectid": 299, "state": "KL", "stcode": "32", "district": "Alappuzha", "dtcode": "554", "shape_length": 289120.9293814843, "shape_area": 1456730406.4868977, "ds_name": " Administrative Boundary", "src_agency": "Survey of India (SOI)", "state_name": "Kerala", "id_final": "d343"}, "geometry": {"type": "Polygon", "coordinates": [[[76.32370159428984, 9.880314831414637], [76.39204605212419, 9.547734228236427], [76.50896284417084, 9.496902438384211], [76.47359541545197, 9.328954396858027], [76.64139998555758, 9.3402374066719], [76.67404734238082, 9.153152643092575], [76.45919292434905, 9.135541385293774], [76.30836742666095, 9.534536795811075], [76.32370159428984, 9.880314831414637]]]}}, {"type": "Feature", "properties": {"id": 300, "objectid": 300, "state": "KL", "stcode": "32", "district": "Ernakulam", "dtcode": "555", "shape_length": 400876.18364086904, "shape_area": 3116001468.0509925, "ds_name": " Administrative Boundary", "src_agency": "Survey of India (SOI)", "state_name": "Kerala", "id_final": "d344"}, "geometry": {"type": "Polygon", "coordinates": [[[76.58510186729659, 10.298002812903846], [77.05044257031018, 10.261777367448945], [77.08886075475677, 10.18471917549208], [76.92666992951291, 10.178257719584446], [76.76923065357174, 10.066375962146225], [76.8394229666932, 10.02428757931766], [76.55531496996227, 9.800949544772298], [76.29575863354378, 9.89165772744678], [76.27720536114771, 9.789096072365181], [76.16225721674101, 10.177259870541661], [76.58510186729659, 10.298002812903846]]]}}, {"type": "Feature", "properties": {"id": 301, "objectid": 301, "state": "KL", "stcode": "32", "district": "Idukki", "dtcode": "556", "shape_length": 565294.926325575, "shape_area": 4446811231.097502, "ds_name": " Administrative Boundary", "src_agency": "Survey of India (SOI)", "state_name": "Kerala", "id_final": "d345"}, "geometry": {"type": "Polygon", "coordinates": [[[77.19329816046275, 10.355049090472315], [77.29520322600466, 10.218468535190308], [77.20110607743455, 10.107125899913186], [77.27271230063252, 9.964212738430586], [77.16574647017318, 9.612856292104869], [77.36104708796393, 9.602208217200499], [77.41224235944739, 9.50899266759969], [77.2826484298782, 9.273245094027297], [77.2089391492777, 9.44856318948399], [77.00960243628512, 9.408624718227367], [76.8854730210684, 9.539220274039918], [76.88758295734603, 9.71670451192512], [76.6274535976326, 9.850527219455557], [76.8394229666932, 10.02428757931766], [76.76923065357174, 10.066375962146225], [76.92666992951291, 10.178257719584446], [77.0821954781484, 10.175209801110428], [77.04354060249044, 10.283991019990664], [77.19329816046275, 10.355049090472315]]]}}, {"type": "Feature", "properties": {"id": 302, "objectid": 302, "state": "KL", "stcode": "32", "district": "Kannur", "dtcode": "557", "shape_length": 331777.40769035945, "shape_area": 2971170500.646728, "ds_name": " Administrative Boundary", "src_agency": "Survey of India (SOI)", "state_name": "Kerala", "id_final": "d346"}, "geometry": {"type": "Polygon", "coordinates": [[[75.39197860600208, 12.2901779084321], [75.8026410732092, 12.079475660111939], [75.93930269033018, 11.94037182322306], [75.92694695606085, 11.842318674563385], [75.80874079537637, 11.855832377862248], [75.53000649782612, 11.702934676520936], [75.1704547671015, 12.094527398902079], [75.17341304396057, 12.189553754922311], [75.39197860600208, 12.2901779084321]], [[75.55831455509514, 11.722446204871268], [75.53958418221455, 11.738378313945535], [75.52991980666398, 11.709003365304698], [75.55831455509514, 11.722446204871268]]]}}, {"type": "Feature", "properties": {"id": 303, "objectid": 303, "state": "KL", "stcode": "32", "district": "Kasaragod", "dtcode": "558", "shape_length": 343358.00261492626, "shape_area": 1990114359.8918426, "ds_name": " Administrative Boundary", "src_agency": "Survey of India (SOI)", "state_name": "Kerala", "id_final": "d347"}, "geometry": {"type": "Polygon", "coordinates": [[[74.98900641802942, 12.795531761429272], [75.04663960018569, 12.666835603031002], [75.15238029896788, 12.682249559688158], [75.22029173631266, 12.568204087431353], [75.28079111953062, 12.617696004724607], [75.3362465020118, 12.464150196663164], [75.42474541818376, 12.474317904649336], [75.3658595138402, 12.411946476022903], [75.43188522248577, 12.308558793258369], [75.17341304396057, 12.189553754922311], [75.183932047942, 12.0442061056271], [74.86433401590513, 12.759254450574046], [74.98900641802942, 12.795531761429272]]]}}, {"type": "Feature", "properties": {"id": 304, "objectid": 304, "state": "KL", "stcode": "32", "district": "Kollam", "dtcode": "559", "shape_length": 348987.7465642549, "shape_area": 2563964234.371418, "ds_name": " Administrative Boundary", "src_agency": "Survey of India (SOI)", "state_name": "Kerala", "id_final": "d348"}, "geometry": {"type": "Polygon", "coordinates": [[[76.96328565673433, 9.15207072044099], [77.20712613143075, 9.071613641833416], [77.14692549160829, 9.021273027316855], [77.25825502479641, 8.874874751149642], [77.21745447808645, 8.76759796845892], [77.05015876128743, 8.845969453742299], [76.93433368311494, 8.76018444192637], [76.7826140170103, 8.8618957987092], [76.68157451033507, 8.775444957596575], [76.46611807514572, 9.126848323498235], [76.75918112787502, 9.072154048452074], [76.96328565673433, 9.15207072044099]]]}}, {"type": "Feature", "properties": {"id": 305, "objectid": 305, "state": "KL", "stcode": "32", "district": "Kottayam", "dtcode": "560", "shape_length": 318899.53825422336, "shape_area": 2252606786.318728, "ds_name": " Administrative Boundary", "src_agency": "Survey of India (SOI)", "state_name": "Kerala", "id_final": "d349"}, "geometry": {"type": "Polygon", "coordinates": [[[76.62527263576104, 9.856576865058177], [76.88758295734603, 9.71670451192512], [76.8854730210684, 9.539220274039918], [76.98394725582614, 9.42331668762141], [76.67566583342278, 9.484182788448768], [76.50602054634243, 9.403491235872979], [76.46599805313171, 9.561707437817418], [76.39204605212419, 9.547734228236427], [76.37276771475622, 9.836908688462978], [76.54676547790355, 9.798839600175004], [76.62527263576104, 9.856576865058177]]]}}, {"type": "Feature", "properties": {"id": 306, "objectid": 306, "state": "KL", "stcode": "32", "district": "Kozhikode", "dtcode": "561", "shape_length": 293649.8820567571, "shape_area": 2362263807.777572, "ds_name": " Administrative Boundary", "src_agency": "Survey of India (SOI)", "state_name": "Kerala", "id_final": "d350"}, "geometry": {"type": "Polygon", "coordinates": [[[75.76561919457471, 11.802617088214308], [76.14588528155046, 11.429191558326659], [76.11389807904979, 11.314111264018168], [75.90054877407712, 11.241392216589125], [75.82491646773992, 11.123972203088156], [75.5365769283701, 11.693062687383826], [75.76561919457471, 11.802617088214308]]]}}, {"type": "Feature", "properties": {"id": 307, "objectid": 307, "state": "KL", "stcode": "32", "district": "Malappuram", "dtcode": "562", "shape_length": 402049.5464748308, "shape_area": 3588291261.9235506, "ds_name": " Administrative Boundary", "src_agency": "Survey of India (SOI)", "state_name": "Kerala", "id_final": "d351"}, "geometry": {"type": "MultiPolygon", "coordinates": [[[[76.23920820442206, 11.52518610679577], [76.54564610618944, 11.30034593539735], [76.2842204635892, 11.03548101659942], [76.37081332720214, 10.996342528063174], [76.33212722410047, 10.904458203760981], [76.04300462746829, 10.847496450126213], [76.06757571965221, 10.724842787230417], [75.95673259058579, 10.685125820481836], [75.82541360882641, 11.124113693656911], [75.90054877407712, 11.241392216589125], [76.11389807904979, 11.314111264018168], [76.10520896001334, 11.40927090611764], [76.23920820442206, 11.52518610679577]]], [[[76.23957441448715, 11.52662027785643], [76.23995920468032, 11.527104151855324], [76.24042937607562, 11.527017015878124], [76.23957441448715, 11.52662027785643]]]]}}, {"type": "Feature", "properties": {"id": 308, "objectid": 308, "state": "KL", "stcode": "32", "district": "Palakkad", "dtcode": "563", "shape_length": 542368.3401726482, "shape_area": 4534612164.213174, "ds_name": " Administrative Boundary", "src_agency": "Survey of India (SOI)", "state_name": "Kerala", "id_final": "d352"}, "geometry": {"type": "Polygon", "coordinates": [[[76.40459253658798, 11.20966148595399], [76.73544186142243, 11.21559760188482], [76.69488567851418, 11.16675364258011], [76.7464088380089, 11.056694481168575], [76.80069422739422, 11.053919384995611], [76.6589769377825, 10.930535502809896], [76.90720815806964, 10.783343957232368], [76.8820418027936, 10.638900568764937], [76.81004180679977, 10.623776649396966], [76.83222441013392, 10.335992471851267], [76.62299897656625, 10.378975027698065], [76.44082882004085, 10.52349277533436], [76.46895968923992, 10.751292430991771], [76.18847177378615, 10.781846469935664], [76.1224135829652, 10.710511805179896], [76.0271197830314, 10.821531014194761], [76.16952389056682, 10.91454756432998], [76.33212722410047, 10.904458203760981], [76.37081332720214, 10.996342528063174], [76.28403750189568, 11.035126131689825], [76.4084142151667, 11.118579086126989], [76.40459253658798, 11.20966148595399]]]}}, {"type": "Feature", "properties": {"id": 309, "objectid": 309, "state": "KL", "stcode": "32", "district": "Pathanamthitta", "dtcode": "564", "shape_length": 403787.9911517204, "shape_area": 2716225960.658041, "ds_name": " Administrative Boundary", "src_agency": "Survey of India (SOI)", "state_name": "Kerala", "id_final": "d353"}, "geometry": {"type": "Polygon", "coordinates": [[[76.67598115301595, 9.48396316038159], [77.02030875818978, 9.406134113349077], [77.18101819870216, 9.47209134709279], [77.26771759727907, 9.15332824353861], [77.20436363201819, 9.070865917610583], [76.9298025636033, 9.174179375881364], [76.94810248604551, 9.11726432766012], [76.67415532977142, 9.077598808497985], [76.64139998555758, 9.3402374066719], [76.47324755129313, 9.331727061346644], [76.67598115301595, 9.48396316038159]]]}}, {"type": "Feature", "properties": {"id": 310, "objectid": 310, "state": "KL", "stcode": "32", "district": "Thiruvananthapuram", "dtcode": "565", "shape_length": 284929.7623356934, "shape_area": 2259142442.322584, "ds_name": " Administrative Boundary", "src_agency": "Survey of India (SOI)", "state_name": "Kerala", "id_final": "d354"}, "geometry": {"type": "Polygon", "coordinates": [[[76.7891556131385, 8.852885213712007], [76.93433368311494, 8.76018444192637], [77.05015876128743, 8.845969453742299], [77.19944171565646, 8.771352536604432], [77.28367084020944, 8.546748474512668], [77.20118881449284, 8.500867393929127], [77.1796617218306, 8.322686151743781], [77.09570232334437, 8.292707436852217], [76.98638474741571, 8.375489341268318], [76.69990604358186, 8.736877986845625], [76.7891556131385, 8.852885213712007]]]}}, {"type": "Feature", "properties": {"id": 311, "objectid": 311, "state": "KL", "stcode": "32", "district": "Thrissur", "dtcode": "566", "shape_length": 392208.79638136044, "shape_area": 3077821992.245781, "ds_name": " Administrative Boundary", "src_agency": "Survey of India (SOI)", "state_name": "Kerala", "id_final": "d355"}, "geometry": {"type": "Polygon", "coordinates": [[[76.20317019698334, 10.77816409458407], [76.46895968923992, 10.751292430991771], [76.44082882004085, 10.52349277533436], [76.62299897656625, 10.378975027698065], [76.83724380927362, 10.337056775296238], [76.90066793396382, 10.25173088287149], [76.41501098159237, 10.29345684644794], [76.31172088328469, 10.18163110806962], [76.16225721674101, 10.177259870541661], [75.95673259058579, 10.685125820481836], [76.16403417916871, 10.706303133921447], [76.20317019698334, 10.77816409458407]]]}}, {"type": "Feature", "properties": {"id": 312, "objectid": 312, "state": "KL", "stcode": "32", "district": "Wayanad", "dtcode": "567", "shape_length": 285368.00587594014, "shape_area": 2146778564.4461703, "ds_name": " Administrative Boundary", "src_agency": "Survey of India (SOI)", "state_name": "Kerala", "id_final": "d356"}, "geometry": {"type": "Polygon", "coordinates": [[[76.11225042528046, 11.971437089810898], [76.11991470426496, 11.850351882052927], [76.41413469388766, 11.758893986000286], [76.44393948015309, 11.647338001365673], [76.264826350674, 11.593929145443067], [76.14272116295284, 11.45080216920222], [75.90899375652673, 11.59975494787327], [75.91517252607638, 11.689719777601425], [75.77236379225796, 11.80182571534942], [75.92694695606085, 11.842318674563385], [75.9373187390875, 11.94215198510522], [76.11225042528046, 11.971437089810898]]]}}, {"type": "Feature", "properties": {"id": 313, "objectid": 313, "state": "LD", "stcode": "31", "district": "Lakshadweep District", "dtcode": "553", "shape_length": 400794.345101047, "shape_area": 669714162.74373, "ds_name": " Administrative Boundary", "src_agency": "Survey of India (SOI)", "state_name": "Lakshadweep", "id_final": "d357"}, "geometry": {"type": "MultiPolygon", "coordinates": [[[[74.10130977961803, 11.204314720927474], [74.00068618055224, 11.250234446132517], [73.97270140887335, 11.34365414087909], [74.08997329063384, 11.297792732090366], [74.10130977961803, 11.204314720927474]]], [[[73.01032622578181, 8.302522946826617], [73.06916696559499, 8.282146207109449], [73.010489235238, 8.270073069506601], [73.01032622578181, 8.302522946826617]]], [[[73.64593624871651, 10.053368958237515], [73.62000133725483, 10.101869934689304], [73.66024649448752, 10.155047668843402], [73.66592917719632, 10.138009508502282], [73.64593624871651, 10.053368958237515]]], [[[72.32907949967942, 10.139267027118159], [72.32030946018354, 10.052586373847054], [72.2406896333205, 10.007611996246583], [72.24451276226382, 10.055933401247556], [72.32907949967942, 10.139267027118159]]], [[[72.65139517517282, 10.561608883177842], [72.61627988202008, 10.55441198397075], [72.64228310352527, 10.581435580715326], [72.65139517517282, 10.561608883177842]]], [[[73.66301989269996, 10.801565613081895], [73.69975730135297, 10.81646832745485], [73.70387561960385, 10.811481884776464], [73.66301989269996, 10.801565613081895]]], [[[72.5376552303887, 10.781478797435426], [72.53101386194874, 10.779830238775292], [72.53731331722459, 10.783103114449087], [72.5376552303887, 10.781478797435426]]], [[[72.20449776962565, 10.866127713026485], [72.16263700880653, 10.81175226860995], [72.20655073614735, 10.877821309679709], [72.20449776962565, 10.866127713026485]]], [[[72.28802640288458, 10.945900026367541], [72.29356847144436, 10.935108380560383], [72.28546953847749, 10.93477730087442], [72.28802640288458, 10.945900026367541]]], [[[72.3168562372113, 10.948110794137346], [72.3206288178282, 10.943821603172552], [72.31553133809872, 10.94180753656397], [72.3168562372113, 10.948110794137346]]], [[[72.3336046081142, 10.951651843279992], [72.33205706157526, 10.949007119257379], [72.32832720702882, 10.950385663934219], [72.3336046081142, 10.951651843279992]]], [[[72.33247413046658, 10.952645729972835], [72.33536484761231, 10.95388711371886], [72.3347257820339, 10.951612074342457], [72.33247413046658, 10.952645729972835]]], [[[72.33614698866339, 10.9562852266265], [72.33422099514311, 10.9549589880395], [72.33476342593481, 10.957890614373808], [72.33614698866339, 10.9562852266265]]], [[[72.73313076915156, 11.124641148359574], [72.71892194817896, 11.126087166624469], [72.73515557000104, 11.13526867014513], [72.73313076915156, 11.124641148359574]]], [[[72.10013979410613, 11.222068410220265], [72.05457515882146, 11.121380320893891], [72.00094399784346, 11.19394113605088], [72.10013979410613, 11.222068410220265]]], [[[72.7780939488157, 11.214107047190515], [72.7795471171845, 11.240369627872102], [72.79118882309768, 11.259062481978678], [72.7780939488157, 11.214107047190515]]], [[[73.01091192598425, 11.487840731211023], [73.00029987166941, 11.477912185500823], [73.0006858317106, 11.497441014921533], [73.01091192598425, 11.487840731211023]]], [[[72.18706206039643, 11.492143752399867], [72.13874029969371, 11.523753454685565], [72.17300546232434, 11.60664266364147], [72.195039568819, 11.590943353551188], [72.18706206039643, 11.492143752399867]]], [[[72.70793564606194, 11.700316801154086], [72.70911009063178, 11.67922945534345], [72.70052753404111, 11.683689342750421], [72.70793564606194, 11.700316801154086]]], [[[71.84192038516626, 11.821600150010637], [71.76102479574051, 11.872320708200405], [71.7733538183785, 12.003507836178935], [71.83067636063755, 11.89300566661295], [71.84192038516626, 11.821600150010637]]], [[[71.90091103263474, 12.285319025401636], [71.87954435567933, 12.389435448781184], [71.89667756402746, 12.40315149618019], [71.92662600985139, 12.373874594472941], [71.90091103263474, 12.285319025401636]]]]}}, {"type": "Feature", "properties": {"id": 314, "objectid": 314, "state": "LK", "stcode": "37", "district": "Kargil", "dtcode": "006", "shape_length": 899676.6108963508, "shape_area": 14085644511.853868, "ds_name": " Administrative Boundary", "src_agency": "Survey of India (SOI)", "state_name": "Ladakh", "id_final": "d358"}, "geometry": {"type": "Polygon", "coordinates": [[[76.43320298889019, 34.74723565392313], [76.47011168207112, 34.62592251180088], [76.65835463372431, 34.48178808859248], [76.60344857818166, 34.40303478145513], [76.72235393103124, 34.32720543487857], [76.68724748194083, 34.08197084638048], [76.54114240689103, 33.99738838872949], [76.52779887633007, 33.84652321945943], [77.14923956975586, 33.67971941423927], [77.2984909956109, 33.4878375702011], [77.43999305261839, 33.49525002589158], [77.55753926505407, 33.3535458537438], [77.47589133128933, 33.2762332092526], [77.53785620365919, 33.15820245925051], [77.41864993776379, 33.19849580670201], [77.26292325156707, 32.86327188285853], [77.151003621654, 32.977258480236095], [76.92954588355379, 33.0308870934009], [76.81798022755306, 33.15947758268799], [76.84457100857406, 33.245689190264365], [76.73705093985983, 33.261095620561214], [76.45071554036006, 33.56249580989271], [76.30768034514709, 33.60963453140196], [76.22502977297786, 33.54759453048265], [76.26547115181297, 33.746376474379], [76.02435759020325, 33.98212479600527], [75.83065302725043, 33.958744057624465], [75.68979263826236, 34.1960893019291], [75.3889155285635, 34.30548322676499], [75.53548760432017, 34.50295405890163], [75.87855933505526, 34.551529180738676], [75.97215043864922, 34.73668557248082], [76.23030737615244, 34.68242629640731], [76.43320298889019, 34.74723565392313]]]}}, {"type": "Feature", "properties": {"id": 315, "objectid": 315, "state": "LK", "stcode": "37", "district": "Leh Ladakh", "dtcode": "009", "shape_length": 3207825.007051045, "shape_area": 155377120417.97757, "ds_name": " Administrative Boundary", "src_agency": "Survey of India (SOI)", "state_name": "Ladakh", "id_final": "d359"}, "geometry": {"type": "Polygon", "coordinates": [[[74.56812448819207, 37.05176139317684], [74.83890181916449, 37.03584345478739], [74.91557906733202, 36.92025947522308], [75.34131369719199, 37.06076315556487], [75.46326656293593, 36.83031329529786], [75.8070215399513, 36.563423690867495], [76.65592379850442, 36.192184192291435], [76.81368762177348, 36.04062877909688], [76.73213644792871, 35.95463610142399], [76.80748014239191, 35.849745567155054], [77.36586677352061, 35.71518718980366], [77.48276395421979, 35.52962072519039], [77.33204428348058, 35.530346074616254], [77.38534111745685, 35.47383842122122], [77.73586585826742, 35.52109826611431], [77.98525189907036, 35.448302963859945], [77.95780845610527, 35.60486753183845], [78.1367657502654, 35.5365683981022], [78.21204885889118, 35.66599957739106], [78.44267157863045, 35.78364277171748], [78.96920489693885, 35.89016899914281], [79.16467252934042, 35.83818619920391], [79.23089883933287, 35.97216418685733], [79.35803111211192, 35.99173278646166], [79.44019981273645, 35.89408335852002], [79.75109059011884, 35.796918990659705], [80.01569235266388, 35.826163579343714], [80.12889651598748, 35.65673282905463], [80.31171197163584, 35.58795612743942], [80.34508361201156, 35.46117218214142], [80.06531123628763, 34.69285774659568], [79.77660426318803, 34.61038378191237], [79.791438731183, 34.46675360448832], [79.52215475518292, 34.46362185094055], [79.59213872577199, 34.23582011734458], [79.49368608375019, 34.184680747089445], [79.4374499689915, 34.01264765738071], [79.17292876688319, 34.058291511243596], [78.91831709784925, 33.96392179691622], [79.1001506143916, 33.61632402847436], [78.90286043480656, 33.62201120218785], [78.95537249029799, 33.38162214978016], [79.1076913315649, 33.289112028145965], [79.44611257160538, 33.257734696293404], [79.32490312237941, 33.01224153756638], [79.61186084651865, 32.735036057897766], [79.5672413220955, 32.6700695410958], [79.42929013012841, 32.52353082178777], [79.30525553642097, 32.58582329070953], [78.97118501610139, 32.335693588732916], [78.8067017850628, 32.44424813477379], [78.75069655187997, 32.69276303440551], [78.31914599433996, 32.444105885041914], [78.38698383057817, 32.75684665252411], [77.99867937426964, 32.58296967281697], [77.9325633219335, 32.76067700098747], [77.70765042403065, 32.97662509839117], [77.33888173919243, 32.81597034049444], [77.27398915792843, 32.87385325268795], [77.29155714710163, 33.03894525752864], [77.40792539284686, 33.08648168718999], [77.41917571915856, 33.19905463480239], [77.53785620365919, 33.15820245925051], [77.47589133128933, 33.2762332092526], [77.55753926505407, 33.3535458537438], [77.43999305261839, 33.49525002589158], [77.2984909956109, 33.4878375702011], [77.14923956975586, 33.67971941423927], [76.52779887633007, 33.84652321945943], [76.54114240689103, 33.99738838872949], [76.68724748194083, 34.08197084638048], [76.72235393103124, 34.32720543487857], [76.60344857818166, 34.40303478145513], [76.65835463372431, 34.48178808859248], [76.47011168207112, 34.62592251180088], [76.44824406645292, 34.75182988725634], [76.23030737615244, 34.68242629640731], [75.97215043864922, 34.73668557248082], [75.87855933505526, 34.551529180738676], [75.55760027042574, 34.51390297857136], [75.38333024113247, 34.36704386446414], [75.36556772072599, 34.53809962013899], [75.2163969726087, 34.65269243144324], [74.33019248100884, 34.791134751574134], [74.57136559466501, 34.88859919407744], [74.58509349445991, 35.01812156901568], [74.49944147474584, 35.115586259300414], [74.26517309243029, 35.04085719245183], [74.11227211657952, 35.14852713445229], [73.70798494608724, 35.22248507740368], [73.77850474770143, 35.522894287074074], [73.39812354991388, 35.55708280413101], [73.13291516508052, 35.710777315063446], [73.08388280971386, 35.877462646212514], [72.68438379215219, 35.82252516094595], [72.518472956169, 35.90548529044616], [72.58459509342684, 36.0250796449786], [72.51668082398689, 36.06733637672981], [72.54731445270268, 36.20540657713332], [72.97935898003246, 36.45731999584221], [73.09716682720413, 36.60599429169589], [73.06764565343782, 36.700622563841115], [73.87177612297724, 36.7014005298417], [73.6710933056095, 36.911698336952206], [74.04652144797669, 36.81082176104245], [74.15575025815869, 36.91050768111778], [74.42642432250737, 36.9956928913579], [74.56410133940668, 36.9578972501238], [74.56812448819207, 37.05176139317684]]]}}, {"type": "Feature", "properties": {"id": 316, "objectid": 316, "state": "MH", "stcode": "27", "district": "Ahmednagar", "dtcode": "466", "shape_length": 1350331.6594690164, "shape_area": 16554765396.970404, "ds_name": " Administrative Boundary", "src_agency": "Survey of India (SOI)", "state_name": "Maharashtra", "id_final": "d360"}, "geometry": {"type": "Polygon", "coordinates": [[[74.24768673568778, 19.96322448417627], [74.67071379791453, 19.946841215280443], [74.59823908897292, 19.772086682180504], [75.18909107690064, 19.59625348758837], [75.35624098459745, 19.501130942072223], [75.33585450743777, 19.407546738016716], [75.53148205538152, 19.37602529939468], [75.40214634955831, 19.199352794354567], [75.48577552182356, 19.105929758288088], [75.36818859481097, 19.081287861550894], [75.40737586464901, 19.140813316470783], [75.33988524360271, 19.155784516001514], [75.3649629237559, 19.078455292927124], [75.28141364286226, 19.084845590509158], [75.34146272074167, 18.990270726718688], [75.2162532841586, 19.112467288930052], [75.18138723538917, 19.012202035014496], [75.07084934601602, 19.055451409315847], [75.10546834578386, 19.126584073518398], [74.94268615797766, 19.13308240216584], [74.95338523830551, 18.973094323297058], [74.80797006873553, 18.976445848853807], [75.15626522020361, 18.641561691082895], [75.17173413195566, 18.736419149146904], [75.38130019461671, 18.76980823602863], [75.3981065849061, 18.832058199156958], [75.55400336376489, 18.73784789806014], [75.58163712188791, 18.684236888440495], [75.41490871746053, 18.530944648409154], [75.21302629748429, 18.55380941334019], [75.07958555922426, 18.42362750055975], [74.80288089806423, 18.34523920231777], [74.70945361951262, 18.503617725649175], [74.55758598174324, 18.492303364256554], [74.47729725385341, 18.719315730062327], [74.17390826572901, 19.031747495451402], [74.31662996326263, 19.20744246282234], [74.03136310850446, 19.250356323897243], [73.99937566165933, 19.35957537909203], [73.7699351375768, 19.385540418250283], [73.62254817872156, 19.542011331345748], [73.8558771965887, 19.747342635505255], [74.1195890644265, 19.641544783644427], [74.37365442354246, 19.802374048204822], [74.24768673568778, 19.96322448417627]]]}}, {"type": "Feature", "properties": {"id": 317, "objectid": 317, "state": "MH", "stcode": "27", "district": "Akola", "dtcode": "467", "shape_length": 599205.4600274935, "shape_area": 5236393098.57468, "ds_name": " Administrative Boundary", "src_agency": "Survey of India (SOI)", "state_name": "Maharashtra", "id_final": "d361"}, "geometry": {"type": "Polygon", "coordinates": [[[76.7731037546677, 21.184325676597304], [77.19258361059228, 21.235855302711393], [77.12946057690068, 20.863319601225246], [77.4790519480708, 20.87949511184736], [77.60991065389946, 20.799716304948685], [77.61082746984204, 20.717840556234304], [77.42437553077076, 20.6589896214948], [77.4595910053075, 20.617503438509218], [77.33964309536893, 20.57509407821294], [77.38916149274566, 20.502219416667668], [77.29099696737799, 20.4198354472396], [77.22985634887962, 20.473634559447287], [77.05601612552218, 20.386591844873823], [77.0250582864291, 20.4501574920507], [76.81128447615404, 20.277890035248927], [76.69880383919507, 20.351899310933057], [76.78924215213847, 20.587543583671106], [76.72250070439148, 20.690238014657098], [76.76427483401535, 20.856551155493463], [76.691051095615, 20.917660402975233], [76.811564555148, 20.960254289344505], [76.7731037546677, 21.184325676597304]]]}}, {"type": "Feature", "properties": {"id": 318, "objectid": 318, "state": "MH", "stcode": "27", "district": "Amravati", "dtcode": "468", "shape_length": 926764.3754269639, "shape_area": 11763573093.84791, "ds_name": " Administrative Boundary", "src_agency": "Survey of India (SOI)", "state_name": "Maharashtra", "id_final": "d362"}, "geometry": {"type": "Polygon", "coordinates": [[[77.48158013804145, 21.763708936354238], [77.61175636977006, 21.538558483577937], [77.42565769697455, 21.537861247798688], [77.48873819318179, 21.374200786356877], [77.94107214452275, 21.385740727555145], [78.1819642584955, 21.55664112913378], [78.42743191514928, 21.59892846794376], [78.4475975245446, 21.403040867397852], [78.07526285804471, 21.356281569171173], [78.0526970887489, 21.255866812748806], [78.14439342959335, 21.138904028578857], [78.14291679539795, 20.952365197945714], [78.31327493978148, 20.8319767145505], [78.2972323590328, 20.698901231817118], [78.03662675850303, 20.665630807247783], [77.92476326480765, 20.5588086492299], [77.89469859241929, 20.624974700528515], [77.778902344317, 20.54002074869608], [77.62766888931371, 20.566986242187586], [77.63710265763015, 20.755682925577368], [77.55066889462245, 20.854383168063606], [77.12946057690068, 20.863319601225246], [77.19038324724727, 21.241804506689416], [76.79101145665555, 21.183215140289118], [76.62163888390775, 21.33204022108817], [76.78577152094908, 21.465052363252653], [76.79565859632068, 21.59424701621987], [77.07315369010284, 21.719409007829267], [77.48158013804145, 21.763708936354238]]]}}, {"type": "Feature", "properties": {"id": 319, "objectid": 319, "state": "MH", "stcode": "27", "district": "Aurangabad", "dtcode": "469", "shape_length": 802193.2128529861, "shape_area": 9831614652.149895, "ds_name": " Administrative Boundary", "src_agency": "Survey of India (SOI)", "state_name": "Maharashtra", "id_final": "d363"}, "geometry": {"type": "MultiPolygon", "coordinates": [[[[75.67990943537016, 20.665613422074532], [75.78666733089362, 20.56246390716792], [75.86744701101776, 20.61888066970176], [75.89085091674781, 20.445617938615122], [75.73572138119047, 20.41890686558869], [75.77025601912867, 20.3362216280365], [75.6814420859903, 20.30645478900131], [75.58814038744062, 20.024636355268672], [75.68124904892412, 19.922392687813883], [75.58490753770356, 19.637550808741967], [75.65543750382632, 19.56987580240169], [75.60641867975761, 19.385019416112097], [75.33919208215137, 19.406092902028018], [75.35624098459745, 19.501130942072223], [75.27424446456732, 19.554489006540596], [74.59091148573638, 19.777082827195407], [74.72078662787726, 20.193942310100184], [74.81843883628508, 20.25014007320365], [74.92747144900697, 20.15455841292527], [74.90549670100057, 20.24632117335947], [75.12561562836348, 20.35037542102813], [75.25783513835486, 20.576436853029072], [75.45610792952645, 20.514165811078836], [75.67990943537016, 20.665613422074532]]], [[[76.01500964998114, 20.643130114792292], [76.03624184361409, 20.555915793948387], [75.94553207113218, 20.533336443836173], [75.93097757512751, 20.59633246153311], [76.01500964998114, 20.643130114792292]]]]}}, {"type": "Feature", "properties": {"id": 320, "objectid": 320, "state": "MH", "stcode": "27", "district": "Beed", "dtcode": "470", "shape_length": 924337.1640271274, "shape_area": 10272839950.306345, "ds_name": " Administrative Boundary", "src_agency": "Survey of India (SOI)", "state_name": "Maharashtra", "id_final": "d364"}, "geometry": {"type": "Polygon", "coordinates": [[[75.49944298972112, 19.43042728310506], [76.34309062682502, 19.250390009568736], [76.32125050042197, 19.106936857029826], [76.43449256803885, 19.09762338784509], [76.47731602179171, 18.953814903111898], [76.58530524790385, 18.943059095284642], [76.73368736268284, 18.699786364879397], [76.67089325522456, 18.632323511023635], [76.46560554853377, 18.63679393078035], [76.3901831185682, 18.54139490184365], [76.1602049729924, 18.555484755085374], [75.80308041702796, 18.673740520500218], [75.64087707742047, 18.649182734844025], [75.3981065849061, 18.832058199156958], [75.38130019461671, 18.76980823602863], [75.17173413195566, 18.736419149146904], [75.15626522020361, 18.641561691082895], [74.808046618433, 18.976835244806345], [74.95338523830551, 18.973094323297058], [74.94268615797766, 19.13308240216584], [75.10546834578386, 19.126584073518398], [75.07084934601602, 19.055451409315847], [75.18138723538917, 19.012202035014496], [75.2162532841586, 19.112467288930052], [75.26882472756236, 18.99822125529918], [75.34146272074167, 18.990270726718688], [75.28102881038612, 19.080678509337584], [75.3649629237559, 19.078455292927124], [75.33035866474194, 19.152706073654624], [75.40737586464901, 19.140813316470783], [75.36818859481097, 19.081287861550894], [75.48577552182356, 19.105929758288088], [75.40214634955831, 19.199352794354567], [75.53894773385628, 19.30801908042196], [75.49944298972112, 19.43042728310506]]]}}, {"type": "Feature", "properties": {"id": 321, "objectid": 321, "state": "MH", "stcode": "27", "district": "Bhandara", "dtcode": "471", "shape_length": 474274.675349308, "shape_area": 3945905118.588954, "ds_name": " Administrative Boundary", "src_agency": "Survey of India (SOI)", "state_name": "Maharashtra", "id_final": "d365"}, "geometry": {"type": "Polygon", "coordinates": [[[79.76848945875761, 21.59240987279147], [79.92777499018939, 21.505347368581567], [79.79604947917974, 21.37525379384785], [79.82971999468671, 21.229198426819963], [80.06343993890393, 21.20130246404473], [80.10185010434559, 20.990948775055383], [79.9496439104757, 20.92217964021416], [79.91144935762672, 20.74121370634182], [79.96568352739068, 20.691808888915403], [79.75492402448467, 20.73465359066074], [79.69096980902569, 20.641675774799303], [79.51801344883663, 20.714309215065285], [79.65482975209706, 20.964701474418803], [79.49383992121108, 21.13774796693778], [79.57561110873996, 21.276620147044373], [79.44856424561047, 21.435935573668882], [79.51431502921739, 21.534477141706567], [79.76848945875761, 21.59240987279147]]]}}, {"type": "Feature", "properties": {"id": 322, "objectid": 322, "state": "MH", "stcode": "27", "district": "Buldhana", "dtcode": "472", "shape_length": 744206.117402739, "shape_area": 9402443499.56686, "ds_name": " Administrative Boundary", "src_agency": "Survey of India (SOI)", "state_name": "Maharashtra", "id_final": "d366"}, "geometry": {"type": "Polygon", "coordinates": [[[76.72056403506441, 21.288267622809194], [76.81181182429425, 20.968898641037498], [76.691051095615, 20.917660402975233], [76.76427483401535, 20.856551155493463], [76.72250070439148, 20.690238014657098], [76.78924215213847, 20.587543583671106], [76.69880383919507, 20.351899310933057], [76.8234240999128, 20.239555290869248], [76.63012488168496, 20.082339079292318], [76.61939563601798, 19.841284179105713], [76.3664786981019, 19.92840857144275], [76.09763758510985, 19.857164834076144], [75.96327657957603, 19.99846559608885], [76.19347631260818, 20.299797634899413], [76.08562011095063, 20.36648805512553], [76.02813717213837, 20.286170138131006], [75.92256087795676, 20.31237042184859], [75.94056352862866, 20.5020042917668], [76.04240581379597, 20.57912608892467], [75.98507447641248, 20.76112000671994], [76.16321795128592, 21.03562755252435], [76.34571574037254, 20.950902088964664], [76.49001817651387, 21.191945026384015], [76.62319702365355, 21.185045914033626], [76.72056403506441, 21.288267622809194]]]}}, {"type": "Feature", "properties": {"id": 323, "objectid": 323, "state": "MH", "stcode": "27", "district": "Chandrapur", "dtcode": "473", "shape_length": 681585.7629552287, "shape_area": 10967038136.849945, "ds_name": " Administrative Boundary", "src_agency": "Survey of India (SOI)", "state_name": "Maharashtra", "id_final": "d367"}, "geometry": {"type": "Polygon", "coordinates": [[[79.75492402448467, 20.73465359066074], [79.9343489111863, 20.663628245951895], [79.99015097963631, 20.22731102278931], [79.91108313119393, 20.155039136189338], [79.95359292626023, 19.99191344266465], [79.7719124796626, 19.979187805219205], [79.80649106924412, 19.578769099324223], [79.47142489012094, 19.500191724882434], [79.24355707059075, 19.61668894369298], [79.19086933655521, 19.458902349219354], [78.9404900245935, 19.551860900633148], [78.95551026434298, 19.655862876255835], [78.85189787357135, 19.65848247606026], [78.84096345335251, 19.76189008566284], [78.94953297100697, 19.749574074346512], [79.14864665899691, 19.89657230703742], [78.92118084832504, 20.25425392135262], [78.8145919616477, 20.251253117469997], [78.83391552194016, 20.427234142344705], [79.1323617018241, 20.457217137436558], [79.34867081756862, 20.67600773184745], [79.51874864821312, 20.71428962034939], [79.69474579940474, 20.64162391165038], [79.75492402448467, 20.73465359066074]]]}}, {"type": "Feature", "properties": {"id": 324, "objectid": 324, "state": "MH", "stcode": "27", "district": "Dhule", "dtcode": "474", "shape_length": 611671.8143040884, "shape_area": 6928917948.512893, "ds_name": " Administrative Boundary", "src_agency": "Survey of India (SOI)", "state_name": "Maharashtra", "id_final": "d368"}, "geometry": {"type": "Polygon", "coordinates": [[[74.86542310125317, 21.628578156733376], [75.2062119066517, 21.413433520499236], [75.10520396251374, 21.23748620505187], [74.94389001657348, 21.225769477575188], [74.83916681022293, 21.054651956095828], [74.98312892878093, 20.83117822829261], [74.93265438975203, 20.656332425173712], [74.64972476840686, 20.693959793391436], [74.66486310045126, 20.775069417896436], [74.57265407517839, 20.831467531618863], [73.92914426891988, 20.842272204139405], [73.85445877604641, 21.032822035625944], [73.948254533255, 21.032626176141704], [74.15756663717235, 21.230959202488563], [74.48976578219673, 21.242511524212123], [74.49569381739937, 21.42574987739003], [74.68594175549033, 21.403902288772212], [74.77509811983272, 21.61538513277641], [74.86542310125317, 21.628578156733376]]]}}, {"type": "Feature", "properties": {"id": 325, "objectid": 325, "state": "MH", "stcode": "27", "district": "Gadchiroli", "dtcode": "475", "shape_length": 919012.3485574599, "shape_area": 14038085282.453901, "ds_name": " Administrative Boundary", "src_agency": "Survey of India (SOI)", "state_name": "Maharashtra", "id_final": "d369"}, "geometry": {"type": "Polygon", "coordinates": [[[80.53296176659916, 20.829677492405413], [80.5875036592734, 20.683152330457904], [80.48102478730489, 20.618362378124953], [80.63184375613069, 20.59831765543498], [80.62635203755123, 20.332575795855288], [80.39527394884587, 20.24484924840912], [80.40188702109351, 20.147187519264318], [80.55682131790462, 20.071973290404987], [80.52991948293605, 19.939308937949487], [80.41123562531662, 19.938255813262966], [80.50586204831302, 19.870588336750338], [80.401730012549, 19.796118812934033], [80.54636931910262, 19.81822175851529], [80.67653472052325, 19.699159594341403], [80.6655105240236, 19.611621097786212], [80.89814282212691, 19.48064496158082], [80.7512197325175, 19.287015039500915], [80.6126176045371, 19.30942392356606], [80.5760614285302, 19.40217599309397], [80.48251223059705, 19.337936361806044], [80.27329189028097, 18.992924406567827], [80.3515334398194, 18.816392854540116], [80.11812186994487, 18.680516793029792], [79.91401834006591, 18.823930869253775], [79.94037874405771, 19.032013089035292], [79.85842957233257, 19.10241622711733], [79.9458951051348, 19.169492623942276], [79.97793712763908, 19.40035740830087], [79.80649106924412, 19.578769099324223], [79.73685169915872, 19.815775768905496], [79.78302042761344, 20.009721083403775], [79.91116466272246, 19.966594862377065], [79.98964137042466, 20.045602709678107], [79.91057222587159, 20.149144718888046], [79.98986205040298, 20.215874305044863], [79.93331037764374, 20.67962978840194], [80.24224592431231, 20.655367270391285], [80.33211669058312, 20.821127660024885], [80.53296176659916, 20.829677492405413]]]}}, {"type": "Feature", "properties": {"id": 326, "objectid": 326, "state": "MH", "stcode": "27", "district": "Gondia", "dtcode": "476", "shape_length": 510811.489572831, "shape_area": 5038118958.275322, "ds_name": " Administrative Boundary", "src_agency": "Survey of India (SOI)", "state_name": "Maharashtra", "id_final": "d370"}, "geometry": {"type": "Polygon", "coordinates": [[[80.20654572995345, 21.635617833530823], [80.37601063254635, 21.523890986335054], [80.41287415370599, 21.376266078813345], [80.67954226656433, 21.298897443013484], [80.44476447321927, 21.121903490405842], [80.42427933067465, 21.00838307354508], [80.54612138890977, 20.934793069414315], [80.56146772091442, 20.82282282569433], [80.33211669058312, 20.821127660024885], [80.24224592431231, 20.655367270391285], [80.00557594552312, 20.66922979044456], [79.91144935762672, 20.74121370634182], [79.9615505555384, 20.941925365596457], [80.10185010434559, 20.990948775055383], [80.07318204823483, 21.186386547232413], [79.8314053478785, 21.227301056201792], [79.79604947917974, 21.37525379384785], [79.93283011351885, 21.554906681637807], [80.20654572995345, 21.635617833530823]]]}}, {"type": "Feature", "properties": {"id": 327, "objectid": 327, "state": "MH", "stcode": "27", "district": "Hingoli", "dtcode": "477", "shape_length": 472657.89273127215, "shape_area": 4462037839.230869, "ds_name": " Administrative Boundary", "src_agency": "Survey of India (SOI)", "state_name": "Maharashtra", "id_final": "d371"}, "geometry": {"type": "Polygon", "coordinates": [[[77.01488859998152, 20.00154949507521], [77.31201843970425, 19.91415449686563], [77.47896968103908, 19.599810512776408], [77.44685487749416, 19.38483682669439], [77.16202969887007, 19.227900087501716], [76.9111361126439, 19.322121545082528], [76.8656240734871, 19.54205406673702], [76.92569021596718, 19.61567514859106], [76.8516316001366, 19.704933906207955], [76.79269604408023, 19.667464920583257], [76.7254985528202, 19.77204582651348], [76.51234553712332, 19.828965922684144], [77.01488859998152, 20.00154949507521]]]}}, {"type": "Feature", "properties": {"id": 328, "objectid": 328, "state": "MH", "stcode": "27", "district": "Jalgaon", "dtcode": "478", "shape_length": 781675.5593653788, "shape_area": 11341572463.678183, "ds_name": " Administrative Boundary", "src_agency": "Survey of India (SOI)", "state_name": "Maharashtra", "id_final": "d372"}, "geometry": {"type": "Polygon", "coordinates": [[[75.13982028253659, 21.38343076215996], [76.09559004664641, 21.371158133564606], [76.1763040342742, 21.184067768812728], [76.13538435324493, 21.1207262691071], [76.38379004294754, 21.07574044610928], [76.37995395735452, 20.97707992850073], [76.16321795128592, 21.03562755252435], [75.98507447641248, 20.76112000671994], [75.94553207113218, 20.533336443836173], [75.66598429978234, 20.668084753820356], [75.45610792952645, 20.514165811078836], [75.31917428283214, 20.591672997610882], [75.10544070779363, 20.41244309166052], [75.12561562836348, 20.35037542102813], [74.86418182471712, 20.276217689548453], [74.76067476771213, 20.53588123547711], [74.99130516668625, 20.756111237016206], [74.91075849606818, 21.03021527612218], [74.83916681022293, 21.054651956095828], [74.94389001657348, 21.225769477575188], [75.03742020843964, 21.19162779537898], [75.13982028253659, 21.38343076215996]]]}}, {"type": "Feature", "properties": {"id": 329, "objectid": 329, "state": "MH", "stcode": "27", "district": "Jalna", "dtcode": "479", "shape_length": 686332.0399484095, "shape_area": 7394044466.949029, "ds_name": " Administrative Boundary", "src_agency": "Survey of India (SOI)", "state_name": "Maharashtra", "id_final": "d373"}, "geometry": {"type": "Polygon", "coordinates": [[[75.86758781253472, 20.557530060866107], [75.9715915406321, 20.538679345834847], [75.92981715296555, 20.301125694712873], [76.02813717213837, 20.286170138131006], [76.08562011095063, 20.36648805512553], [76.19347631260818, 20.299797634899413], [75.9725124014544, 19.98278900329094], [76.13919086236243, 19.844182582047083], [76.3664786981019, 19.92840857144275], [76.53365799724322, 19.865623977565175], [76.44213617475052, 19.541238453742515], [76.20840487666293, 19.274513591833518], [76.01953136724212, 19.33972886100692], [75.9254631060183, 19.29673553419117], [75.91067948000058, 19.39270699433258], [75.60589604889255, 19.383978124838695], [75.65543750382632, 19.56987580240169], [75.58490753770356, 19.637550808741967], [75.68124904892412, 19.922392687813883], [75.58785056290031, 20.02342251601845], [75.6814420859903, 20.30645478900131], [75.77025601912867, 20.3362216280365], [75.73572138119047, 20.41890686558869], [75.89085091674781, 20.445617938615122], [75.86758781253472, 20.557530060866107]]]}}, {"type": "Feature", "properties": {"id": 330, "objectid": 330, "state": "MH", "stcode": "27", "district": "Kolhapur", "dtcode": "480", "shape_length": 940015.2240050526, "shape_area": 7515514979.624747, "ds_name": " Administrative Boundary", "src_agency": "Survey of India (SOI)", "state_name": "Maharashtra", "id_final": "d374"}, "geometry": {"type": "Polygon", "coordinates": [[[73.79135247834544, 17.177483954818275], [74.0652552127704, 16.902417920732546], [74.51704147836256, 16.85877580590877], [74.69937114475788, 16.733793147155264], [74.68863762640076, 16.60886774964039], [74.60102815703418, 16.564945616339728], [74.4716266185699, 16.66409758609889], [74.37983944621868, 16.52864311894316], [74.26413869194634, 16.539882864946904], [74.3636795748019, 16.405200683424408], [74.32493712585905, 16.271809191807947], [74.50798439952676, 16.202265980766757], [74.48430483692975, 16.091519918183526], [74.36134961601135, 16.053917792099263], [74.46319846838425, 16.039162800058335], [74.30788362046782, 15.748544256409579], [74.145355223858, 15.832394539056509], [74.03449874485413, 15.802493441382552], [74.0894816181421, 16.016323025847534], [73.83308166196284, 16.093778612875894], [73.95550404257075, 16.201961494630613], [73.8315441673178, 16.344944687808287], [73.88746440406986, 16.462032713160696], [73.81423426793238, 16.54400090513602], [73.83712243722186, 16.737477189644263], [73.70994821535997, 16.82929731271893], [73.83069852753272, 17.05276179016892], [73.68602232175789, 17.158390654062526], [73.79135247834544, 17.177483954818275]], [[74.29224954833786, 15.832116665149668], [74.26793424697905, 15.79609824756961], [74.31140862653584, 15.793300522452189], [74.29224954833786, 15.832116665149668]]]}}, {"type": "Feature", "properties": {"id": 331, "objectid": 331, "state": "MH", "stcode": "27", "district": "Latur", "dtcode": "481", "shape_length": 550149.9286850888, "shape_area": 6994563808.942672, "ds_name": " Administrative Boundary", "src_agency": "Survey of India (SOI)", "state_name": "Maharashtra", "id_final": "d375"}, "geometry": {"type": "MultiPolygon", "coordinates": [[[[76.91211993086236, 18.836234596840114], [77.05296020387999, 18.773281688128385], [77.0458873411478, 18.683349124504648], [77.18341819636494, 18.70051075455989], [77.15373098151655, 18.647378008338887], [77.29697845310852, 18.546933154029762], [77.21296432318327, 18.280313459658146], [77.1106184976748, 18.15534440197151], [76.95195325186755, 18.188106212469492], [76.91899131954615, 17.91597308036042], [76.80438172540745, 17.87061661839889], [76.61052738588933, 18.03791945463427], [76.2788699236498, 18.10896495588392], [76.31709598076101, 18.330024925052577], [76.20224329832811, 18.393721996641542], [76.26859790092846, 18.420937365404352], [76.27915522009003, 18.57418282045472], [76.3901831185682, 18.54139490184365], [76.59316224525868, 18.67357734909001], [76.67848190240134, 18.63433567225498], [76.74240346009965, 18.776070088228167], [76.91211993086236, 18.836234596840114]]], [[[77.31990605783236, 18.458027619017003], [77.34522999969549, 18.430876000808396], [77.31845899989169, 18.422512000433375], [77.31990605783236, 18.458027619017003]]]]}}, {"type": "Feature", "properties": {"id": 332, "objectid": 332, "state": "MH", "stcode": "27", "district": "Mumbai Suburban", "dtcode": "483", "shape_length": 105740.61840780845, "shape_area": 406092903.71552706, "ds_name": " Administrative Boundary", "src_agency": "Survey of India (SOI)", "state_name": "Maharashtra", "id_final": "d376"}, "geometry": {"type": "Polygon", "coordinates": [[[72.88440958998274, 19.008414592887224], [72.78032305507205, 19.132981590249], [72.78368968872466, 19.263856169520263], [72.97999267608569, 19.15494255912207], [72.97690950336708, 19.04150826830828], [72.88440958998274, 19.008414592887224]]]}}, {"type": "Feature", "properties": {"id": 333, "objectid": 333, "state": "MH", "stcode": "27", "district": "Nagpur", "dtcode": "484", "shape_length": 631551.9973053075, "shape_area": 9537169302.261414, "ds_name": " Administrative Boundary", "src_agency": "Survey of India (SOI)", "state_name": "Maharashtra", "id_final": "d377"}, "geometry": {"type": "Polygon", "coordinates": [[[79.23222498585051, 21.72214349927514], [79.49614961477505, 21.67396691828926], [79.54391203115078, 21.55943281844337], [79.44855441893347, 21.435570299060142], [79.57561110873996, 21.276620147044373], [79.49356879352585, 21.13876645951215], [79.65482975209706, 20.964701474418803], [79.51676721007912, 20.709616383351214], [79.34867081756862, 20.67600773184745], [79.32040610809257, 20.583635511939026], [78.94197037317524, 20.767720334654122], [78.4772776562542, 21.22008872918732], [78.24933932757015, 21.331062418031173], [78.4475975245446, 21.403040867397852], [78.43022576330304, 21.496902735778182], [78.5118291695879, 21.52851884596069], [78.93670163743202, 21.48571431589531], [78.9165367815755, 21.590895058445966], [79.22393190475421, 21.648595079102524], [79.23222498585051, 21.72214349927514]]]}}, {"type": "Feature", "properties": {"id": 334, "objectid": 334, "state": "MH", "stcode": "27", "district": "Nanded", "dtcode": "485", "shape_length": 1053675.735644433, "shape_area": 10195674498.17823, "ds_name": " Administrative Boundary", "src_agency": "Survey of India (SOI)", "state_name": "Maharashtra", "id_final": "d378"}, "geometry": {"type": "Polygon", "coordinates": [[[77.95091200066547, 19.907803392313713], [78.30702880595254, 19.914281912316135], [78.36467464969083, 19.781231546399365], [78.26264904730972, 19.665064243194365], [78.30450801678275, 19.456517958252025], [78.17619001921648, 19.412262466927025], [78.17532099587383, 19.237578550609218], [78.04161357714663, 19.243428141777677], [77.94512189805216, 19.3424529707015], [77.86347389826204, 19.304186200418016], [77.85039502637738, 19.088556894890694], [77.76179020871473, 19.033001762120595], [77.94828935476963, 18.829136839591506], [77.75350376597709, 18.70099198153299], [77.7384996066685, 18.556788709892405], [77.59636942266991, 18.548941379391184], [77.52751602143003, 18.442111240848032], [77.57139614331982, 18.308829144479855], [77.45366550753246, 18.26631505552026], [77.35784717802869, 18.31690993863204], [77.41417512835787, 18.392250940394415], [77.3656565584826, 18.451563895983405], [77.26570367821317, 18.422413537355293], [77.26743868934813, 18.61199714303003], [77.15373098151655, 18.647378008338887], [77.17744037202685, 18.702908546270788], [77.0458873411478, 18.683349124504648], [77.0150810881112, 18.879677765398842], [76.9295500608989, 18.900856598936635], [77.02313093684634, 18.93202733489404], [77.08380735131226, 19.10902316185877], [77.15794603094936, 19.084144937982412], [77.24097065735764, 19.322552200863086], [77.44685487749416, 19.38483682669439], [77.45811704227125, 19.682355979136084], [77.74529592660171, 19.525431433623346], [77.69869106188963, 19.438079434452728], [77.83105006907934, 19.43932077274381], [77.90711245864341, 19.533988926349405], [77.99243891560691, 19.454715577061116], [78.11261570962921, 19.481748082684305], [78.1807152794664, 19.64924143321421], [77.98594588486336, 19.676277778384364], [77.84861194480388, 19.795452606366233], [77.95091200066547, 19.907803392313713]]]}}, {"type": "Feature", "properties": {"id": 335, "objectid": 335, "state": "MH", "stcode": "27", "district": "Nandurbar", "dtcode": "486", "shape_length": 719266.2789089427, "shape_area": 5744064929.656893, "ds_name": " Administrative Boundary", "src_agency": "Survey of India (SOI)", "state_name": "Maharashtra", "id_final": "d379"}, "geometry": {"type": "Polygon", "coordinates": [[[74.2810389413479, 21.933068079917614], [74.44340733107619, 22.023373730301948], [74.52398860968941, 21.9116373589393], [74.50540693860943, 21.726299368791445], [74.77509811983272, 21.61538513277641], [74.69249697871503, 21.41097775094552], [74.49569381739937, 21.42574987739003], [74.48976578219673, 21.242511524212123], [74.15756663717235, 21.230959202488563], [73.84925329455865, 20.999737383621877], [73.80753436467515, 21.084704841415345], [73.5782251566877, 21.150452697946367], [73.81563792327773, 21.173960226135133], [73.82263744573255, 21.27074628105543], [73.93310234815183, 21.291194474743513], [73.93869875795653, 21.40491596848031], [74.06254177637479, 21.47441822635231], [74.32059759200511, 21.498502626401965], [74.2948731423284, 21.569085833119537], [73.85193787441622, 21.497901830955435], [73.78014194464738, 21.62823364134748], [73.89160470530292, 21.691884403078713], [73.79560621734575, 21.824519514096803], [74.2810389413479, 21.933068079917614]]]}}, {"type": "Feature", "properties": {"id": 336, "objectid": 336, "state": "MH", "stcode": "27", "district": "Nashik", "dtcode": "487", "shape_length": 891924.5856221534, "shape_area": 14997754273.736126, "ds_name": " Administrative Boundary", "src_agency": "Survey of India (SOI)", "state_name": "Maharashtra", "id_final": "d380"}, "geometry": {"type": "Polygon", "coordinates": [[[73.94088096625725, 20.839957055410338], [74.57265407517839, 20.831467531618863], [74.66486310045126, 20.775069417896436], [74.64972476840686, 20.693959793391436], [74.80191742860474, 20.660031085540115], [74.77048407468438, 20.472949174177927], [74.85178973382266, 20.285943442491348], [74.93482788468607, 20.270242017699758], [74.92747144900697, 20.15455841292527], [74.81843883628508, 20.25014007320365], [74.72078662787726, 20.193942310100184], [74.67071379791453, 19.946841215280443], [74.28577607871236, 19.987478539810567], [74.24815274505114, 19.93528933923964], [74.37365442354246, 19.802374048204822], [74.1195890644265, 19.641544783644427], [73.9259190008096, 19.67233862710733], [73.8886992474153, 19.750453001419785], [73.77520701309265, 19.626975364151864], [73.57589204900871, 19.602569228299316], [73.41984118654202, 19.83567163474516], [73.45047741865547, 19.983057113474647], [73.25835418738356, 20.06546179834596], [73.28348923979729, 20.198555328459538], [73.4213790100208, 20.206461378236103], [73.37978303658265, 20.393485486943515], [73.49376107974558, 20.53817215166968], [73.39201589378682, 20.648964742963823], [73.47465329109788, 20.720384850240315], [73.74458428531472, 20.56488290689531], [73.94153158784533, 20.741406039931558], [73.94088096625725, 20.839957055410338]]]}}, {"type": "Feature", "properties": {"id": 337, "objectid": 337, "state": "MH", "stcode": "27", "district": "Osmanabad", "dtcode": "488", "shape_length": 782633.7326052187, "shape_area": 7357716786.837124, "ds_name": " Administrative Boundary", "src_agency": "Survey of India (SOI)", "state_name": "Maharashtra", "id_final": "d381"}, "geometry": {"type": "Polygon", "coordinates": [[[75.58467578782148, 18.697289674888307], [76.27592361369663, 18.55806997438437], [76.20224329832811, 18.393721996641542], [76.31709598076101, 18.330024925052577], [76.2788699236498, 18.10896495588392], [76.6786160143871, 17.996061455955374], [76.7903995551723, 17.826376696243077], [76.69088671232397, 17.681135360029117], [76.61364350123357, 17.77086741858081], [76.44501782922679, 17.640967982238784], [76.29453030105286, 17.72832109961691], [76.1875610555712, 17.683160169110373], [76.12877701954669, 17.76727868003174], [76.0025492559908, 17.750130846902202], [76.0190953507944, 17.82806553063445], [75.87429451812739, 17.846010257899696], [75.85092530360099, 18.006078270360373], [75.97980991524778, 17.972418534112528], [76.0187194856649, 18.042453702890853], [75.89572468977255, 18.357691974216127], [75.76251409626568, 18.43941530351127], [75.52764995588662, 18.131341483189036], [75.42868274854474, 18.174916277762073], [75.2961299922778, 18.49365301598525], [75.58467578782148, 18.697289674888307]]]}}, {"type": "Feature", "properties": {"id": 338, "objectid": 338, "state": "MH", "stcode": "27", "district": "Parbhani", "dtcode": "489", "shape_length": 569581.448641564, "shape_area": 6198989060.000709, "ds_name": " Administrative Boundary", "src_agency": "Survey of India (SOI)", "state_name": "Maharashtra", "id_final": "d382"}, "geometry": {"type": "Polygon", "coordinates": [[[76.52151835772412, 19.821534744896354], [76.7254985528202, 19.77204582651348], [76.79269604408023, 19.667464920583257], [76.8516316001366, 19.704933906207955], [76.92569021596718, 19.61567514859106], [76.8656240734871, 19.54205406673702], [76.91263236633894, 19.319973380335252], [77.18751406121352, 19.234468750195706], [77.15794603094936, 19.084144937982412], [77.08380735131226, 19.10902316185877], [77.02313093684634, 18.93202733489404], [76.9295500608989, 18.900856598936635], [76.99839489635437, 18.83168492692585], [76.6799718784411, 18.756355890572106], [76.43449256803885, 19.09762338784509], [76.32022834277596, 19.108410326594967], [76.36114795167944, 19.237599695303025], [76.21274268155213, 19.261068493559147], [76.31317897658887, 19.466250570184744], [76.44213617475052, 19.541238453742515], [76.52151835772412, 19.821534744896354]]]}}, {"type": "Feature", "properties": {"id": 339, "objectid": 339, "state": "MH", "stcode": "27", "district": "Pune", "dtcode": "490", "shape_length": 1009402.4290729358, "shape_area": 15181518258.278894, "ds_name": " Administrative Boundary", "src_agency": "Survey of India (SOI)", "state_name": "Maharashtra", "id_final": "d383"}, "geometry": {"type": "Polygon", "coordinates": [[[73.81023792139756, 19.392025308580365], [73.99937566165933, 19.35957537909203], [74.03136310850446, 19.250356323897243], [74.15744567716372, 19.202338532938388], [74.31662996326263, 19.20744246282234], [74.17431218046937, 19.03105286821701], [74.47729725385341, 18.719315730062327], [74.55758598174324, 18.492303364256554], [74.72647169797497, 18.485740617305083], [74.82134326516376, 18.25656219185217], [75.10638939374498, 18.219297917730284], [75.09227080688702, 18.12161256377676], [75.16414334139282, 18.112300837082067], [75.01989399351537, 17.966779302029874], [75.11957244519228, 18.000134370764048], [75.11177889817985, 17.938381218744446], [75.02373312895685, 17.895010759560808], [74.66574299974495, 18.069577739481794], [74.30025492907495, 18.067544114121198], [73.94360394694694, 18.18030002739626], [73.872780876824, 18.1733660176474], [73.85724551596282, 18.03135098627814], [73.61223736286956, 18.058862285654758], [73.66583419283131, 18.160490280088858], [73.52065964187435, 18.186982745958215], [73.51416163162223, 18.272005191632108], [73.42019377937791, 18.30384295078943], [73.40781366955761, 18.500034597859635], [73.3227762252743, 18.557816298531442], [73.38758326623632, 18.68951087082143], [73.3313959985618, 18.701437385588314], [73.55230702455516, 19.009328855384563], [73.5340838079757, 19.178284082285558], [73.81023792139756, 19.392025308580365]]]}}, {"type": "Feature", "properties": {"id": 340, "objectid": 340, "state": "MH", "stcode": "27", "district": "Raigad", "dtcode": "491", "shape_length": 700244.3248269116, "shape_area": 6788401395.843969, "ds_name": " Administrative Boundary", "src_agency": "Survey of India (SOI)", "state_name": "Maharashtra", "id_final": "d384"}, "geometry": {"type": "Polygon", "coordinates": [[[73.14390310978841, 19.125050318777078], [73.25094224098856, 19.06115225880814], [73.52518019793803, 19.12955831852118], [73.55374432978233, 19.013061567635297], [73.38868119647572, 18.853277702014914], [73.3227762252743, 18.557816298531442], [73.52037245919723, 18.187169692002605], [73.66618598488553, 18.159609644490363], [73.55459465856075, 17.865099024065877], [73.37103842882479, 17.888048613182388], [73.28718916891113, 18.071380189957356], [73.01903964488031, 17.98914092597595], [72.93177840658294, 18.220420316138977], [72.98391155814112, 18.288496585202143], [72.91123445575613, 18.36474782944881], [72.86079911322267, 18.79176253205007], [72.99667207365856, 18.779540730795354], [72.89932649339019, 18.961309411722695], [73.14390310978841, 19.125050318777078]]]}}, {"type": "Feature", "properties": {"id": 341, "objectid": 341, "state": "MH", "stcode": "27", "district": "Ratnagiri", "dtcode": "492", "shape_length": 693515.986694565, "shape_area": 8091993180.990724, "ds_name": " Administrative Boundary", "src_agency": "Survey of India (SOI)", "state_name": "Maharashtra", "id_final": "d385"}, "geometry": {"type": "MultiPolygon", "coordinates": [[[[73.2157767964482, 18.058813881374423], [73.34561220155013, 18.025918830004066], [73.37103842882479, 17.888048613182388], [73.5959716789319, 17.851233991333086], [73.56839446359662, 17.72427051006064], [73.68672524801619, 17.686805346863814], [73.74502324574881, 17.55578819901972], [73.64103045517305, 17.39098378013261], [73.6878917389631, 17.14128103709544], [73.83020868589354, 17.058151940076648], [73.70994821535997, 16.82929731271893], [73.85490500277362, 16.652031934782592], [73.77163323615603, 16.66508714599018], [73.7670739505326, 16.602561308262572], [73.69111270158051, 16.6245278846027], [73.46751534898563, 16.493907305652385], [73.31864768554371, 16.593023452158885], [73.28470836975403, 17.086862424744726], [73.1896004171088, 17.297824599128397], [73.20977153803821, 17.305792274631802], [73.22687043983726, 17.286943502855987], [73.25877070702838, 17.286030134252883], [73.02680720112912, 17.956628599993433], [73.2157767964482, 18.058813881374423]]], [[[73.6933973795827, 16.593929402008072], [73.69049768632539, 16.584089009818864], [73.683024910204, 16.586203075421793], [73.6933973795827, 16.593929402008072]]]]}}, {"type": "Feature", "properties": {"id": 342, "objectid": 342, "state": "MH", "stcode": "27", "district": "Sangli", "dtcode": "493", "shape_length": 930013.5820470399, "shape_area": 8393173741.288185, "ds_name": " Administrative Boundary", "src_agency": "Survey of India (SOI)", "state_name": "Maharashtra", "id_final": "d386"}, "geometry": {"type": "Polygon", "coordinates": [[[74.90754155548012, 17.62170520413946], [74.96843565376211, 17.470320029999865], [75.0420409178558, 17.467116383087397], [74.84841111462843, 17.203989408024412], [74.93328026230297, 17.168634034113015], [75.20396115160459, 17.270772312276584], [75.29624968617122, 17.14590653942639], [75.2872235955393, 17.21566127883484], [75.40582782015831, 17.185306441050262], [75.42112534318098, 17.2655595105026], [75.60425250850479, 17.305225578959597], [75.67538005665354, 16.96587916154064], [75.27964541711282, 16.95659109021476], [75.21420965726239, 16.841736985197926], [75.08934336865603, 16.951621077432904], [74.93168615539464, 16.944746174054313], [74.91930723221171, 16.77253097598498], [74.6921504978382, 16.715402675975778], [74.51704147836256, 16.85877580590877], [74.06564941648023, 16.902230577903044], [73.84905036111887, 17.151432350883027], [73.69334055081352, 17.17994333741579], [73.7458184214331, 17.27756672027029], [74.03089721971315, 17.090740446254095], [74.24645093288972, 17.14126159109718], [74.28416734886741, 17.420192593212317], [74.49770263801437, 17.383160893417333], [74.59574854488078, 17.448779252411285], [74.67078944350014, 17.3882528757304], [74.6850118906104, 17.48730214168673], [74.80916799765433, 17.45489791078679], [74.90754155548012, 17.62170520413946]]]}}, {"type": "Feature", "properties": {"id": 343, "objectid": 343, "state": "MH", "stcode": "27", "district": "Satara", "dtcode": "494", "shape_length": 694240.4740638281, "shape_area": 10194118584.626858, "ds_name": " Administrative Boundary", "src_agency": "Survey of India (SOI)", "state_name": "Maharashtra", "id_final": "d387"}, "geometry": {"type": "Polygon", "coordinates": [[[73.89771340060109, 18.173172335206267], [74.68405852831404, 18.059671466334386], [74.60695972231242, 17.844655475084434], [74.87153917165439, 17.726381490369114], [74.8598620283042, 17.510963527541925], [74.6850118906104, 17.48730214168673], [74.67078944350014, 17.3882528757304], [74.59574854488078, 17.448779252411285], [74.49770263801437, 17.383160893417333], [74.28416734886741, 17.420192593212317], [74.27748991497302, 17.178557569969666], [74.09338824055817, 17.10084125006016], [73.69402908655304, 17.26178022130876], [73.64103045517305, 17.39098378013261], [73.74502324574881, 17.55578819901972], [73.68672524801619, 17.686805346863814], [73.56839446359662, 17.72427051006064], [73.5959716789319, 17.851233991333086], [73.53403983308449, 17.898063622602336], [73.65802775370594, 18.029213634078527], [73.85724551596282, 18.03135098627814], [73.89771340060109, 18.173172335206267]]]}}, {"type": "Feature", "properties": {"id": 344, "objectid": 344, "state": "MH", "stcode": "27", "district": "Sindhudurg", "dtcode": "495", "shape_length": 594563.3524575457, "shape_area": 5005051066.085433, "ds_name": " Administrative Boundary", "src_agency": "Survey of India (SOI)", "state_name": "Maharashtra", "id_final": "d388"}, "geometry": {"type": "Polygon", "coordinates": [[[73.77543131928368, 16.6623736211673], [73.86208728748365, 16.613482081778145], [73.83819431358383, 16.315727281753027], [73.90389779205005, 16.32719505916205], [73.88856772507094, 16.228458634726554], [73.95510663383752, 16.206812094877737], [73.83335292116926, 16.093139221791713], [74.05990218287867, 16.050888317820743], [74.09328746874371, 15.872060276734578], [74.03449874485413, 15.802493441382552], [74.20871824370718, 15.781013653218338], [74.02119027866841, 15.606233215069777], [73.86283555581505, 15.798623347415745], [73.7853849586985, 15.725495589537482], [73.64986204626733, 15.744899963983913], [73.45719389594005, 16.040171399252813], [73.31597074769414, 16.512089494923355], [73.31691763700928, 16.55583042340987], [73.34300285457172, 16.569097699121656], [73.54343919397921, 16.51503180605703], [73.77543131928368, 16.6623736211673]], [[73.69068783035627, 16.59283605128812], [73.69695455368027, 16.58438134282875], [73.69875836783594, 16.589623400000548], [73.69068783035627, 16.59283605128812]]]}}, {"type": "Feature", "properties": {"id": 345, "objectid": 345, "state": "MH", "stcode": "27", "district": "Solapur", "dtcode": "496", "shape_length": 1251617.9801380145, "shape_area": 14458461628.082193, "ds_name": " Administrative Boundary", "src_agency": "Survey of India (SOI)", "state_name": "Maharashtra", "id_final": "d389"}, "geometry": {"type": "Polygon", "coordinates": [[[75.22855309023862, 18.541139780102675], [75.31272693170901, 18.519961246616653], [75.28567241277555, 18.404721846762637], [75.52592809372976, 18.13069734586856], [75.72312750063095, 18.433191547489344], [75.89572468977255, 18.357691974216127], [76.0187194856649, 18.042453702890853], [75.97980991524778, 17.972418534112528], [75.85579036677211, 18.011287731991057], [75.8446178754124, 17.891687566185162], [76.0190953507944, 17.82806553063445], [76.00298052424638, 17.749775158719515], [76.42893502309067, 17.6436139254827], [76.33129063526042, 17.597246714835837], [76.38324463405034, 17.314715910885344], [76.24209737819254, 17.378857959152935], [76.17632442025325, 17.3008096130758], [76.1190059390226, 17.370522347939577], [75.93083041078702, 17.322598172432823], [75.88420109485399, 17.417985150961293], [75.79295292086319, 17.369724479381766], [75.63299447781138, 17.477243145504325], [75.60425250850479, 17.305225578959597], [75.42112534318098, 17.2655595105026], [75.40582782015831, 17.185306441050262], [75.2872235955393, 17.21566127883484], [75.29624968617122, 17.14590653942639], [75.20396115160459, 17.270772312276584], [74.93328026230297, 17.168634034113015], [74.84841111462843, 17.203989408024412], [75.0389985167746, 17.486672149653725], [74.93700416437683, 17.5095636992236], [74.98494609619084, 17.544988096818933], [74.8696373236612, 17.728130418726426], [74.6088712898847, 17.85830394257821], [74.72265124528087, 18.031208913276075], [75.02373312895685, 17.895010759560808], [75.1276066666651, 17.952937391722358], [75.01989399351537, 17.966779302029874], [75.16414334139282, 18.112300837082067], [75.09227080688702, 18.12161256377676], [75.10638939374498, 18.219297917730284], [74.79382553624663, 18.290660834506486], [75.22855309023862, 18.541139780102675]]]}}, {"type": "Feature", "properties": {"id": 346, "objectid": 346, "state": "MH", "stcode": "27", "district": "Thane", "dtcode": "497", "shape_length": 439044.94509662676, "shape_area": 4120767283.5124645, "ds_name": " Administrative Boundary", "src_agency": "Survey of India (SOI)", "state_name": "Maharashtra", "id_final": "d390"}, "geometry": {"type": "Polygon", "coordinates": [[[73.48226712576536, 19.724344483545632], [73.79498280923458, 19.330451557747434], [73.67212260782645, 19.302095071236582], [73.54143289471571, 19.117961949353262], [73.25094224098856, 19.06115225880814], [73.07776942513287, 19.11381604451531], [72.95597494193194, 18.987440690011876], [72.97999267608569, 19.15494255912207], [72.78585910833478, 19.30637997025323], [72.95944019664341, 19.299896518372424], [73.00313868454441, 19.50261168528079], [73.13295416308905, 19.500627650550534], [73.28537799393038, 19.69264196937583], [73.48226712576536, 19.724344483545632]]]}}, {"type": "Feature", "properties": {"id": 347, "objectid": 347, "state": "MH", "stcode": "27", "district": "Wardha", "dtcode": "498", "shape_length": 496263.4608827383, "shape_area": 6083675527.855141, "ds_name": " Administrative Boundary", "src_agency": "Survey of India (SOI)", "state_name": "Maharashtra", "id_final": "d391"}, "geometry": {"type": "Polygon", "coordinates": [[[78.09630132184093, 21.353897533008475], [78.4772776562542, 21.22008872918732], [79.21707767844684, 20.552354901745115], [79.11852317413954, 20.450615892704363], [78.84149032501897, 20.43381611206755], [78.83165567297786, 20.321818972167065], [78.73886803568735, 20.2934835383098], [78.50876538740451, 20.524907412167934], [78.2786963949348, 20.559963700274686], [78.31749388623193, 20.821176929742762], [78.14219095287449, 20.953749437050142], [78.14439342959335, 21.138904028578857], [78.05279237962174, 21.254922541005918], [78.09630132184093, 21.353897533008475]]]}}, {"type": "Feature", "properties": {"id": 348, "objectid": 348, "state": "MH", "stcode": "27", "district": "Washim", "dtcode": "499", "shape_length": 592933.0508372735, "shape_area": 4968944282.624692, "ds_name": " Administrative Boundary", "src_agency": "Survey of India (SOI)", "state_name": "Maharashtra", "id_final": "d392"}, "geometry": {"type": "MultiPolygon", "coordinates": [[[[77.60418911940441, 20.720141528534345], [77.69039771802214, 20.53405912974199], [77.56818398957154, 20.359712067780105], [77.66623525937165, 20.24725312191651], [77.62824062767427, 20.035542486567483], [77.36476062092132, 20.098648741353077], [77.26702802150689, 19.897748451048972], [77.20119086987683, 19.991208341802], [77.10286500396272, 19.932145493551165], [76.99392731065409, 20.017514326882402], [76.68113241156517, 19.847176146941425], [76.610997072353, 19.893007188584598], [76.63012488168496, 20.082339079292318], [76.75660864205058, 20.127875730688473], [76.83884448976234, 20.29984656709898], [77.0250582864291, 20.4501574920507], [77.05601612552218, 20.386591844873823], [77.22985634887962, 20.473634559447287], [77.29099696737799, 20.4198354472396], [77.38916149274566, 20.502219416667668], [77.33964309536893, 20.57509407821294], [77.4595910053075, 20.617503438509218], [77.42437553077076, 20.6589896214948], [77.60418911940441, 20.720141528534345]]], [[[77.61428324299025, 20.759393975304313], [77.63515701544078, 20.74319525032668], [77.61164492663346, 20.72560109155602], [77.61428324299025, 20.759393975304313]]]]}}, {"type": "Feature", "properties": {"id": 349, "objectid": 349, "state": "MH", "stcode": "27", "district": "Yavatmal", "dtcode": "500", "shape_length": 934143.6134013148, "shape_area": 13120796899.802563, "ds_name": " Administrative Boundary", "src_agency": "Survey of India (SOI)", "state_name": "Maharashtra", "id_final": "d393"}, "geometry": {"type": "Polygon", "coordinates": [[[78.2692513544259, 20.683403374319877], [78.2786963949348, 20.559963700274686], [78.50876538740451, 20.524907412167934], [78.70744246422267, 20.310488427895883], [78.92118084832504, 20.25425392135262], [79.14636785017626, 19.88817099157755], [78.90354701098225, 19.7375032828536], [78.49023814871244, 19.792684456025327], [78.32638341159179, 19.91658467313401], [77.95340050155566, 19.90880052620262], [77.85960185781875, 19.745835932535762], [78.17905199312128, 19.65078220604313], [78.18898921603382, 19.558163951896425], [78.06948551136136, 19.458468385505455], [77.90711245864341, 19.533988926349405], [77.83105006907934, 19.43932077274381], [77.69701049126732, 19.438705781730853], [77.74529592660171, 19.525431433623346], [77.38023484409155, 19.728827543039035], [77.28430823555405, 19.937032934025087], [77.36476062092132, 20.098648741353077], [77.58057065759178, 20.029183306004004], [77.6695069240311, 20.10207971601409], [77.66623525937165, 20.24725312191651], [77.56709512995289, 20.34345219091206], [77.66590848919778, 20.579733659406816], [77.778902344317, 20.54002074869608], [77.89469859241929, 20.624974700528515], [77.92476326480765, 20.5588086492299], [78.03662675850303, 20.665630807247783], [78.2692513544259, 20.683403374319877]]]}}, {"type": "Feature", "properties": {"id": 350, "objectid": 350, "state": "MH", "stcode": "27", "district": "Palghar", "dtcode": "665", "shape_length": 470738.2956916549, "shape_area": 5082442072.723721, "ds_name": " Administrative Boundary", "src_agency": "Survey of India (SOI)", "state_name": "Maharashtra", "id_final": "d394"}, "geometry": {"type": "MultiPolygon", "coordinates": [[[[72.87322533009777, 20.226806947502734], [73.03955310177263, 20.067175203384384], [73.19214412246481, 20.04956383529964], [73.22560204214346, 20.139995376628672], [73.40644026695057, 20.018537406491525], [73.5034477067463, 19.750755178647], [73.28537799393038, 19.69264196937583], [73.13295416308905, 19.500627650550534], [73.00313868454441, 19.50261168528079], [72.93545370974178, 19.287895495008367], [72.74801291219696, 19.370080814397543], [72.72906678179042, 19.610570703463768], [72.64632088849226, 19.85556528693523], [72.73586443609476, 20.13471525275043], [72.87322533009777, 20.226806947502734]]], [[[72.72358941539751, 19.466216717779744], [72.73803987121606, 19.464569656353255], [72.73461247669627, 19.454197733801408], [72.72358941539751, 19.466216717779744]]]]}}, {"type": "Feature", "properties": {"id": 351, "objectid": 351, "state": "ML", "stcode": "17", "district": "East Garo Hills", "dtcode": "273", "shape_length": 236593.4546131125, "shape_area": 1789685614.7505965, "ds_name": " Administrative Boundary", "src_agency": "Survey of India (SOI)", "state_name": "Meghalaya", "id_final": "d395"}, "geometry": {"type": "Polygon", "coordinates": [[[90.83647983960839, 25.831883181412724], [90.89203747530169, 25.735174153234848], [90.98251985994914, 25.74442776146644], [90.64459759675336, 25.41604289577105], [90.3204176797383, 25.462090004409827], [90.45769791245843, 25.827293581519275], [90.57455876057264, 25.83271550929052], [90.54715067522534, 25.758142269337856], [90.67605903218019, 25.848844270288307], [90.83647983960839, 25.831883181412724]]]}}, {"type": "Feature", "properties": {"id": 352, "objectid": 352, "state": "ML", "stcode": "17", "district": "East Khasi Hills", "dtcode": "274", "shape_length": 335946.07851552137, "shape_area": 2697896002.6709757, "ds_name": " Administrative Boundary", "src_agency": "Survey of India (SOI)", "state_name": "Meghalaya", "id_final": "d396"}, "geometry": {"type": "Polygon", "coordinates": [[[92.15242988998173, 25.66979602355644], [92.11998692113448, 25.329099720287836], [91.98586389924529, 25.27526028308577], [92.01625334575566, 25.18718468324322], [91.63791423550629, 25.122544535459223], [91.37981099021398, 25.176742556805305], [91.35439030299561, 25.23408455905992], [91.54367490368965, 25.27941283157654], [91.57285037070204, 25.482615035659393], [91.72967528947241, 25.548268871357397], [91.74110574517006, 25.67320100661157], [91.79133031602503, 25.6013503865685], [92.15242988998173, 25.66979602355644]]]}}, {"type": "Feature", "properties": {"id": 353, "objectid": 353, "state": "ML", "stcode": "17", "district": "West Jaintia Hills", "dtcode": "275", "shape_length": 299046.8724059289, "shape_area": 1730306119.2201202, "ds_name": " Administrative Boundary", "src_agency": "Survey of India (SOI)", "state_name": "Meghalaya", "id_final": "d397"}, "geometry": {"type": "Polygon", "coordinates": [[[92.38356250324503, 25.748710107711645], [92.64278723959676, 25.534799998345914], [92.54314764323766, 25.45066558091534], [92.26048506830723, 25.44981641108293], [92.17251644323598, 25.348411659619895], [92.20444157039614, 25.129021264182455], [92.0184500612031, 25.182701230920316], [91.98586389924529, 25.27526028308577], [92.11998692113448, 25.329099720287836], [92.1331065489271, 25.6411291360073], [92.38356250324503, 25.748710107711645]]]}}, {"type": "Feature", "properties": {"id": 354, "objectid": 354, "state": "ML", "stcode": "17", "district": "Ri Bhoi", "dtcode": "276", "shape_length": 420177.08045060246, "shape_area": 2332356762.1282177, "ds_name": " Administrative Boundary", "src_agency": "Survey of India (SOI)", "state_name": "Meghalaya", "id_final": "d398"}, "geometry": {"type": "Polygon", "coordinates": [[[91.83736006971118, 26.112237433688453], [91.91898439626817, 25.997832473707735], [92.27478320909928, 26.06569497484343], [92.15243649562518, 25.94431864043576], [92.22556189741923, 25.909168655069838], [92.1560676682698, 25.672262483810037], [91.79133031602503, 25.6013503865685], [91.74961915746145, 25.827146791662802], [91.34189417323641, 25.82462043577784], [91.37289549686112, 25.846719120493272], [91.4451857881604, 25.83977381416028], [91.53043365001263, 25.871253983638397], [91.47480885303598, 25.874021113409146], [91.57984128750842, 26.033247804481526], [91.67056854002587, 25.90417559319085], [91.83736006971118, 26.112237433688453]]]}}, {"type": "Feature", "properties": {"id": 355, "objectid": 355, "state": "ML", "stcode": "17", "district": "South Garo Hills", "dtcode": "277", "shape_length": 286362.152814352, "shape_area": 1807408465.5820935, "ds_name": " Administrative Boundary", "src_agency": "Survey of India (SOI)", "state_name": "Meghalaya", "id_final": "d399"}, "geometry": {"type": "Polygon", "coordinates": [[[90.76655270917335, 25.554317706374068], [90.74934924952412, 25.38065285173495], [90.9685277020079, 25.172411858550927], [90.441076453933, 25.144508448743334], [90.2342842115319, 25.224113501677365], [90.31642913886357, 25.468605394551783], [90.64459759675336, 25.41604289577105], [90.76655270917335, 25.554317706374068]]]}}, {"type": "Feature", "properties": {"id": 356, "objectid": 356, "state": "ML", "stcode": "17", "district": "West Garo Hills", "dtcode": "278", "shape_length": 344505.9644579375, "shape_area": 2668068269.6803913, "ds_name": " Administrative Boundary", "src_agency": "Survey of India (SOI)", "state_name": "Meghalaya", "id_final": "d400"}, "geometry": {"type": "MultiPolygon", "coordinates": [[[[89.96656995016163, 25.30365701114789], [90.12659481722459, 25.433279268677545], [90.12491462952397, 25.557560302424488], [89.89473928370633, 25.744968624313646], [90.11647826206463, 25.957006085526373], [90.39974683424259, 26.012516165968997], [90.41051610639836, 25.855355616977832], [90.34630997855929, 25.822379525209026], [90.41380908353933, 25.657018847181313], [90.25094715418734, 25.20091889779163], [90.11235742644129, 25.225392025174187], [89.98076189653025, 25.280852185983182], [89.97691539621884, 25.29702556770844], [89.9693476110638, 25.30221904599663], [89.96656995016163, 25.30365701114789]]], [[[89.96467197787261, 25.30297608786502], [89.96557790966146, 25.30323114597325], [89.96436571048325, 25.302591932234876], [89.96467197787261, 25.30297608786502]]]]}}, {"type": "Feature", "properties": {"id": 357, "objectid": 357, "state": "ML", "stcode": "17", "district": "West Khasi Hills", "dtcode": "279", "shape_length": 451845.59119657584, "shape_area": 3779674784.153306, "ds_name": " Administrative Boundary", "src_agency": "Survey of India (SOI)", "state_name": "Meghalaya", "id_final": "d401"}, "geometry": {"type": "Polygon", "coordinates": [[[91.770259027122, 25.80868690165853], [91.8143807376247, 25.714118336465738], [91.72967528947241, 25.548268871357397], [91.55526523615048, 25.429627010019807], [91.4712708429908, 25.466041688651575], [91.34620971228448, 25.385675904616733], [91.44812678038355, 25.499343283454063], [91.28654669170749, 25.384643782391773], [91.17101717755007, 25.451240701247524], [91.0924675210761, 25.306533588571522], [90.85713171699926, 25.29352590041385], [90.74934924952412, 25.38065285173495], [90.77905084781663, 25.58560520716308], [90.8798231525675, 25.610954636209918], [91.04771689781958, 25.849081624054588], [91.19574724601019, 25.861108931967244], [91.22245406761304, 25.72256326176803], [91.33562702361392, 25.840660410938526], [91.770259027122, 25.80868690165853]]]}}, {"type": "Feature", "properties": {"id": 358, "objectid": 358, "state": "ML", "stcode": "17", "district": "North Garo Hills", "dtcode": "656", "shape_length": 270961.26408472063, "shape_area": 916061106.0611842, "ds_name": " Administrative Boundary", "src_agency": "Survey of India (SOI)", "state_name": "Meghalaya", "id_final": "d402"}, "geometry": {"type": "Polygon", "coordinates": [[[90.50625513088818, 25.986730365361915], [90.5136277044169, 25.896272383348713], [90.58787094390095, 25.958070804951266], [90.62186617332338, 25.89783641032937], [90.94743452704591, 25.948091944960982], [91.02811609321625, 25.86986633272464], [90.91298300090149, 25.733434541188323], [90.81330606604736, 25.846456260714202], [90.54715067522534, 25.758142269337856], [90.57455876057264, 25.83271550929052], [90.45769791245843, 25.827293581519275], [90.41538638506866, 25.76749338591501], [90.34612069931633, 25.827606818928047], [90.42378600034151, 25.988952198449617], [90.50625513088818, 25.986730365361915]]]}}, {"type": "Feature", "properties": {"id": 359, "objectid": 359, "state": "ML", "stcode": "17", "district": "East Jaintia Hills", "dtcode": "657", "shape_length": 264144.3294058359, "shape_area": 1937297681.2345386, "ds_name": " Administrative Boundary", "src_agency": "Survey of India (SOI)", "state_name": "Meghalaya", "id_final": "d403"}, "geometry": {"type": "Polygon", "coordinates": [[[92.5834928986005, 25.46597206548295], [92.78179806284842, 25.333182884348915], [92.80085189397636, 25.213955262858452], [92.52161754122186, 25.13902880336304], [92.42913002335963, 25.029101332796017], [92.19616822702449, 25.108031383881304], [92.23856563413213, 25.189614887658912], [92.17251644323598, 25.348411659619895], [92.26048506830723, 25.44981641108293], [92.5834928986005, 25.46597206548295]]]}}, {"type": "Feature", "properties": {"id": 360, "objectid": 360, "state": "ML", "stcode": "17", "district": "South West Khasi Hills", "dtcode": "658", "shape_length": 287392.8023814905, "shape_area": 1235296271.3140078, "ds_name": " Administrative Boundary", "src_agency": "Survey of India (SOI)", "state_name": "Meghalaya", "id_final": "d404"}, "geometry": {"type": "Polygon", "coordinates": [[[91.45440152583862, 25.469477358997754], [91.34373784316819, 25.38859619764798], [91.4926620192376, 25.461481630046784], [91.55247579338662, 25.304636964775398], [91.35439030299561, 25.23408455905992], [91.38694139583349, 25.169634350712514], [90.96976721047555, 25.17323193881614], [90.85713171699926, 25.29352590041385], [91.10072541154757, 25.310409294914184], [91.17101717755007, 25.451240701247524], [91.28654669170749, 25.384643782391773], [91.45440152583862, 25.469477358997754]]]}}, {"type": "Feature", "properties": {"id": 361, "objectid": 361, "state": "ML", "stcode": "17", "district": "South West Garo Hills", "dtcode": "663", "shape_length": 131173.26838405026, "shape_area": 673759747.461575, "ds_name": " Administrative Boundary", "src_agency": "Survey of India (SOI)", "state_name": "Meghalaya", "id_final": "d405"}, "geometry": {"type": "Polygon", "coordinates": [[[89.87716801930915, 25.548989197401966], [90.12491462952397, 25.557560302424488], [90.12659481722459, 25.433279268677545], [89.94924119256697, 25.292714006797972], [89.83118302427347, 25.296028891471558], [89.87716801930915, 25.548989197401966]]]}}, {"type": "Feature", "properties": {"id": 365, "objectid": 365, "state": "MN", "stcode": "14", "district": "Imphal East", "dtcode": "255", "shape_length": 626479.0257747209, "shape_area": 380114656.2257313, "ds_name": " Administrative Boundary", "src_agency": "Survey of India (SOI)", "state_name": "Manipur", "id_final": "d406"}, "geometry": {"type": "Polygon", "coordinates": [[[94.08995187212801, 25.07273136468144], [94.02131957443578, 24.953504095512383], [94.09979348463072, 24.966183356844272], [94.05343431078158, 24.866945046066554], [94.13601674950729, 24.96583379680715], [94.13924251872022, 24.904699668792926], [94.07553357809795, 24.841339783691872], [94.10166230790875, 24.815869620965483], [94.05950337292363, 24.768122851278623], [94.05794126493039, 24.733225024362156], [94.03716521658613, 24.7153467358206], [94.04388228538726, 24.694911260515102], [94.1394162292823, 24.845160991683922], [94.14345142354227, 24.80355275512943], [94.10902561762424, 24.714594229862737], [94.0155564565627, 24.66787361624323], [93.93564077850242, 24.71077968269034], [93.88680499872449, 24.893977534594093], [93.95592187478162, 24.840051418493253], [93.96974008314257, 24.955067026913632], [94.02157856444909, 24.884214723659667], [94.00578018514508, 25.02697868145461], [93.94427010712226, 24.982617489478834], [93.94129172477099, 25.020642349536914], [94.08995187212801, 25.07273136468144]], [[94.05969328659714, 24.851319407859876], [94.04711606660457, 24.790377380248668], [93.99348957882567, 24.828941527585283], [94.00047203802833, 24.7004195152921], [94.0570689059189, 24.75787170543573], [94.05969328659714, 24.851319407859876]]]}}, {"type": "Feature", "properties": {"id": 366, "objectid": 366, "state": "MN", "stcode": "14", "district": "Imphal West", "dtcode": "256", "shape_length": 228192.9599750747, "shape_area": 457344605.3222463, "ds_name": " Administrative Boundary", "src_agency": "Survey of India (SOI)", "state_name": "Manipur", "id_final": "d407"}, "geometry": {"type": "Polygon", "coordinates": [[[93.88184469749763, 24.935084971854966], [93.93763866996895, 24.655989328063015], [93.85846410894177, 24.44385903035215], [93.86846528191501, 24.585271317108134], [93.79557784580449, 24.645511070711677], [93.90682222706842, 24.6959181002562], [93.7705619872284, 24.735934306439606], [93.78062764786768, 24.80525570267069], [93.89774137288804, 25.031486610060327], [93.97921130539594, 25.07358264557587], [93.88184469749763, 24.935084971854966]]]}}, {"type": "Feature", "properties": {"id": 436, "objectid": 436, "state": "MZ", "stcode": "15", "district": "Saiha", "dtcode": "267", "shape_length": 278538.5018023622, "shape_area": 1472813386.1202302, "ds_name": " Administrative Boundary", "src_agency": "Survey of India (SOI)", "state_name": "Mizoram", "id_final": "d408"}, "geometry": {"type": "Polygon", "coordinates": [[[92.98854006550556, 22.63044382457004], [93.02087774191428, 22.51607911314422], [93.10946719318537, 22.540812175128355], [93.18529009962279, 22.42815307492852], [93.20204162790222, 22.263974944143488], [93.15082749217457, 22.176260318735626], [93.0382203657614, 22.195028029248473], [93.00744316090548, 21.98240085367786], [92.95224920533433, 22.029710341300756], [92.90385185388281, 21.940039505655808], [92.82059017329466, 22.325769740748694], [92.95824999906925, 22.375610070505903], [92.98854006550556, 22.63044382457004]]]}}, {"type": "Feature", "properties": {"id": 437, "objectid": 437, "state": "MZ", "stcode": "15", "district": "Serchhip", "dtcode": "268", "shape_length": 291751.30729335843, "shape_area": 1349331100.8291152, "ds_name": " Administrative Boundary", "src_agency": "Survey of India (SOI)", "state_name": "Mizoram", "id_final": "d409"}, "geometry": {"type": "Polygon", "coordinates": [[[93.07747753612638, 23.478075515452584], [93.03846130624724, 23.236889523426544], [93.16266650384597, 23.197910634479225], [93.12223321275833, 23.006520280074113], [92.83331400037441, 23.245945363277553], [92.69171511054766, 23.21901397585065], [92.71544603863923, 23.34951485406852], [92.84030801245282, 23.336306671613734], [92.79771864268184, 23.56010352623992], [93.07747753612638, 23.478075515452584]]]}}, {"type": "Feature", "properties": {"id": 438, "objectid": 438, "state": "NL", "stcode": "13", "district": "Dimapur", "dtcode": "244", "shape_length": 226588.45103849808, "shape_area": 844895718.2664241, "ds_name": " Administrative Boundary", "src_agency": "Survey of India (SOI)", "state_name": "Nagaland", "id_final": "d410"}, "geometry": {"type": "Polygon", "coordinates": [[[93.9764361369641, 25.972607848740324], [94.008522900684, 25.792342191884515], [93.89737482287421, 25.648465304731403], [93.54724565942074, 25.696342369984627], [93.76544974880451, 25.96975173084899], [93.79547429140503, 25.80892780169392], [93.9764361369641, 25.972607848740324]]]}}, {"type": "Feature", "properties": {"id": 439, "objectid": 439, "state": "NL", "stcode": "13", "district": "Kohima", "dtcode": "245", "shape_length": 201889.98347464498, "shape_area": 1275100852.2992373, "ds_name": " Administrative Boundary", "src_agency": "Survey of India (SOI)", "state_name": "Nagaland", "id_final": "d411"}, "geometry": {"type": "Polygon", "coordinates": [[[94.22017176143973, 26.019691803674874], [94.29877267358178, 25.940251076824143], [94.19208612585358, 25.54841374183291], [93.93968304408817, 25.559195205979506], [93.89737482287421, 25.648465304731403], [94.008522900684, 25.792342191884515], [93.99568819501708, 25.914260139549487], [94.22017176143973, 26.019691803674874]]]}}, {"type": "Feature", "properties": {"id": 440, "objectid": 440, "state": "NL", "stcode": "13", "district": "Mokokchung", "dtcode": "246", "shape_length": 305195.85801879625, "shape_area": 1545213161.5145063, "ds_name": " Administrative Boundary", "src_agency": "Survey of India (SOI)", "state_name": "Nagaland", "id_final": "d412"}, "geometry": {"type": "Polygon", "coordinates": [[[94.75619493364451, 26.73117230696745], [94.66696672483405, 26.6483957265883], [94.7331154489085, 26.60095962688094], [94.71170102246194, 26.437635210919826], [94.55938991324709, 26.282645732196773], [94.585707854339, 26.221616644886318], [94.49914805364801, 26.214293153972132], [94.47886563465234, 26.293561394008858], [94.37123276410482, 26.193106874062963], [94.29022988836995, 26.418160052374144], [94.40292176914649, 26.61056803782331], [94.59735793905139, 26.734651992540176], [94.75619493364451, 26.73117230696745]]]}}, {"type": "Feature", "properties": {"id": 441, "objectid": 441, "state": "NL", "stcode": "13", "district": "Mon", "dtcode": "247", "shape_length": 296672.5156742993, "shape_area": 2097919349.293751, "ds_name": " Administrative Boundary", "src_agency": "Survey of India (SOI)", "state_name": "Nagaland", "id_final": "d413"}, "geometry": {"type": "Polygon", "coordinates": [[[95.192432810753, 27.035117182284964], [95.23320857555933, 26.68109187692422], [95.06200812916536, 26.45043834561766], [95.12838604460978, 26.33927827991976], [94.93762195580183, 26.298703178121393], [94.89454473792877, 26.604764304897845], [94.7794899608953, 26.658323435645464], [94.79508307695073, 26.814046797489418], [94.88940549951077, 26.928882666750784], [95.192432810753, 27.035117182284964]]]}}, {"type": "Feature", "properties": {"id": 442, "objectid": 442, "state": "NL", "stcode": "13", "district": "Phek", "dtcode": "248", "shape_length": 289430.8355725983, "shape_area": 1801575121.7548485, "ds_name": " Administrative Boundary", "src_agency": "Survey of India (SOI)", "state_name": "Nagaland", "id_final": "d414"}, "geometry": {"type": "Polygon", "coordinates": [[[94.37732251194763, 25.85649038774561], [94.5294893757583, 25.82242972610156], [94.55972257060345, 25.732034601502725], [94.81924982342785, 25.763711217878807], [94.89844586779753, 25.565330148718992], [94.628133057277, 25.45976032414558], [94.55274040346089, 25.50709393845679], [94.568569077301, 25.692090242906428], [94.41581708379572, 25.53733281790326], [94.2105915536347, 25.495364302060842], [94.23009078434735, 25.71397306042935], [94.37732251194763, 25.85649038774561]]]}}, {"type": "Feature", "properties": {"id": 362, "objectid": 362, "state": "MN", "stcode": "14", "district": "Bishnupur", "dtcode": "252", "shape_length": 166786.98883078358, "shape_area": 445592788.4397536, "ds_name": " Administrative Boundary", "src_agency": "Survey of India (SOI)", "state_name": "Manipur", "id_final": "d415"}, "geometry": {"type": "Polygon", "coordinates": [[[93.75301244941025, 24.739039587419246], [93.89731503744645, 24.66028273412956], [93.79557784580449, 24.645511070711677], [93.86846528191501, 24.585271317108134], [93.85051551810344, 24.313641206401453], [93.70482240976376, 24.455324203849926], [93.75301244941025, 24.739039587419246]]]}}, {"type": "Feature", "properties": {"id": 363, "objectid": 363, "state": "MN", "stcode": "14", "district": "Chandel", "dtcode": "253", "shape_length": 254469.7130191376, "shape_area": 2031144676.9155028, "ds_name": " Administrative Boundary", "src_agency": "Survey of India (SOI)", "state_name": "Manipur", "id_final": "d416"}, "geometry": {"type": "Polygon", "coordinates": [[[93.98480456531006, 24.489397243675942], [94.1476043035048, 24.38284023467355], [94.25407858153571, 24.11412180602824], [94.12556220752397, 23.833304281813295], [93.73497968606854, 24.003526851466937], [93.87523420990708, 24.294037501428313], [93.9200368386648, 24.23542495771692], [93.98480456531006, 24.489397243675942]]]}}, {"type": "Feature", "properties": {"id": 364, "objectid": 364, "state": "MN", "stcode": "14", "district": "Churachandpur", "dtcode": "254", "shape_length": 290539.2145605779, "shape_area": 2365185483.455339, "ds_name": " Administrative Boundary", "src_agency": "Survey of India (SOI)", "state_name": "Manipur", "id_final": "d417"}, "geometry": {"type": "Polygon", "coordinates": [[[93.71422921095595, 24.604664229498713], [93.70994260134687, 24.43256633106207], [93.81340059310783, 24.408158747144654], [93.87637590175201, 24.2200679309447], [93.73850901656105, 24.000401170313893], [93.5047602750992, 23.942186687114233], [93.37730514814275, 24.089040059726216], [93.49206279613125, 24.31502559831249], [93.35024692037176, 24.40068619378647], [93.38832878967155, 24.567931342194843], [93.71422921095595, 24.604664229498713]]]}}, {"type": "Feature", "properties": {"id": 367, "objectid": 367, "state": "MN", "stcode": "14", "district": "Senapati", "dtcode": "257", "shape_length": 239925.08896424196, "shape_area": 1678259548.5716894, "ds_name": " Administrative Boundary", "src_agency": "Survey of India (SOI)", "state_name": "Manipur", "id_final": "d418"}, "geometry": {"type": "Polygon", "coordinates": [[[94.48673096408903, 25.61437162463987], [94.3118143928874, 25.26543820066064], [94.10763762832315, 25.170915849299785], [93.99749894440602, 25.192110331578455], [93.98791901289333, 25.374439082506907], [93.76061175913196, 25.511595161944616], [94.01085632126221, 25.59176569278158], [94.30913978802995, 25.48935178222213], [94.48673096408903, 25.61437162463987]]]}}, {"type": "Feature", "properties": {"id": 368, "objectid": 368, "state": "MN", "stcode": "14", "district": "Tamenglong", "dtcode": "258", "shape_length": 358444.31789839454, "shape_area": 2925569457.1504383, "ds_name": " Administrative Boundary", "src_agency": "Survey of India (SOI)", "state_name": "Manipur", "id_final": "d419"}, "geometry": {"type": "Polygon", "coordinates": [[[93.8191359490602, 25.4610441227517], [93.9552788079397, 25.290107255109188], [93.77571518640654, 25.153525121636182], [93.72041202276776, 24.825835060815198], [93.4074654848718, 24.824911905763148], [93.27910546238344, 24.658841389462886], [93.14189815433254, 24.711815727325273], [93.3936616667881, 25.254740937784472], [93.47040521400943, 25.305041165367058], [93.60415447888042, 25.198355942553835], [93.8191359490602, 25.4610441227517]]]}}, {"type": "Feature", "properties": {"id": 374, "objectid": 374, "state": "MN", "stcode": "14", "district": "Noney", "dtcode": "714", "shape_length": 192907.20772394026, "shape_area": 1084931247.646947, "ds_name": " Administrative Boundary", "src_agency": "Survey of India (SOI)", "state_name": "Manipur", "id_final": "d420"}, "geometry": {"type": "Polygon", "coordinates": [[[93.63449382552153, 24.80160905086961], [93.69709761145265, 24.61218706465278], [93.17071775540946, 24.515793343485814], [93.21493145348482, 24.698078439333173], [93.2915381436615, 24.66739158620257], [93.3717735691555, 24.809207462816342], [93.63449382552153, 24.80160905086961]]]}}, {"type": "Feature", "properties": {"id": 375, "objectid": 375, "state": "MN", "stcode": "14", "district": "Pherzawl", "dtcode": "715", "shape_length": 318230.40347995766, "shape_area": 2176534924.145662, "ds_name": " Administrative Boundary", "src_agency": "Survey of India (SOI)", "state_name": "Manipur", "id_final": "d421"}, "geometry": {"type": "Polygon", "coordinates": [[[93.16194400023427, 24.70932926090226], [93.22068650404803, 24.63775595834265], [93.17071775540946, 24.515793343485814], [93.38832878967155, 24.567931342194843], [93.35024692037176, 24.40068619378647], [93.49111101285665, 24.36547017051373], [93.37730514814275, 24.089040059726216], [93.2506384837964, 24.02071236412213], [93.24344927735527, 24.0822732186804], [93.09650687231029, 24.042336724678243], [92.96943383647066, 24.121401509470772], [92.99833798881163, 24.399768567315842], [93.16194400023427, 24.70932926090226]]]}}, {"type": "Feature", "properties": {"id": 443, "objectid": 443, "state": "NL", "stcode": "13", "district": "Tuensang", "dtcode": "249", "shape_length": 274682.35347844404, "shape_area": 2053528846.8678741, "ds_name": " Administrative Boundary", "src_agency": "Survey of India (SOI)", "state_name": "Nagaland", "id_final": "d422"}, "geometry": {"type": "Polygon", "coordinates": [[[94.72119550955031, 26.43605029454077], [94.95677880690036, 26.292158507590106], [95.12838604460978, 26.33927827991976], [95.11627793850627, 26.106825519067648], [95.18588808814134, 26.073099056930296], [95.01110819353283, 25.875467404703457], [94.6870799629987, 26.03806467164867], [94.70567746981025, 26.171914155447826], [94.55989032242529, 26.25584675124555], [94.72119550955031, 26.43605029454077]]]}}, {"type": "Feature", "properties": {"id": 369, "objectid": 369, "state": "MN", "stcode": "14", "district": "Thoubal", "dtcode": "259", "shape_length": 143651.15945176446, "shape_area": 359556639.2472397, "ds_name": " Administrative Boundary", "src_agency": "Survey of India (SOI)", "state_name": "Manipur", "id_final": "d423"}, "geometry": {"type": "Polygon", "coordinates": [[[94.13678532163706, 24.717415347330356], [94.09822517205353, 24.518467354478016], [93.89622781979939, 24.551953562216646], [93.90930493039112, 24.700054551617953], [94.13678532163706, 24.717415347330356]]]}}, {"type": "Feature", "properties": {"id": 370, "objectid": 370, "state": "MN", "stcode": "14", "district": "Ukhrul", "dtcode": "260", "shape_length": 269868.29636739276, "shape_area": 2067863027.1621308, "ds_name": " Administrative Boundary", "src_agency": "Survey of India (SOI)", "state_name": "Manipur", "id_final": "d424"}, "geometry": {"type": "Polygon", "coordinates": [[[94.57852090433167, 25.68760625594376], [94.55274040346089, 25.50709393845679], [94.68027829816437, 25.454012324989943], [94.5756400709071, 25.214123770003855], [94.73960423514438, 25.116988410584852], [94.16910771739006, 24.92832518584177], [94.12845603172288, 25.11258218735663], [94.32303407407105, 25.27883552406366], [94.57852090433167, 25.68760625594376]]]}}, {"type": "Feature", "properties": {"id": 410, "objectid": 410, "state": "MP", "stcode": "23", "district": "Rajgarh", "dtcode": "422", "shape_length": 459962.3679705607, "shape_area": 5930520635.234161, "ds_name": " Administrative Boundary", "src_agency": "Survey of India (SOI)", "state_name": "Madhya Pradesh", "id_final": "d425"}, "geometry": {"type": "Polygon", "coordinates": [[[76.69691311063326, 24.265357789596752], [76.69884124652596, 24.16840964180501], [76.97138203698736, 24.04476094636952], [77.18262402886573, 24.079203220601446], [77.22399935159257, 23.814121261436995], [77.0808564616964, 23.481543626488], [76.88832891440258, 23.52256314145623], [76.79345113085009, 23.45707114482346], [76.60013014859214, 23.563590593343378], [76.43630436567595, 23.54556910294875], [76.38228231916423, 23.80896305870082], [76.1901888189405, 24.074483381615785], [76.21247063335932, 24.209732578093085], [76.47053431575227, 24.225985797300787], [76.52762804715769, 24.15704673717983], [76.69691311063326, 24.265357789596752]]]}}, {"type": "Feature", "properties": {"id": 411, "objectid": 411, "state": "MP", "stcode": "23", "district": "Ratlam", "dtcode": "423", "shape_length": 558804.9967061675, "shape_area": 4674657766.619397, "ds_name": " Administrative Boundary", "src_agency": "Survey of India (SOI)", "state_name": "Madhya Pradesh", "id_final": "d426"}, "geometry": {"type": "Polygon", "coordinates": [[[75.46769414949944, 23.91182735712625], [75.69041869919519, 23.716040512175343], [75.52207813455766, 23.66583371060021], [75.50617786753662, 23.525705645445992], [75.3395465720651, 23.627643303389377], [75.18867638184346, 23.526178372146376], [75.13454962654055, 23.401235310868387], [75.32586403274296, 23.291921815705997], [75.22564175275424, 23.210286530387766], [75.23791553423946, 23.08575585896446], [74.81647727775332, 23.13423236394581], [74.78852194090615, 23.244020727281136], [74.7020430215025, 23.214534983368768], [74.51457296361444, 23.31621190053667], [74.60475179145342, 23.45801364173325], [74.93648074945649, 23.628672884291426], [74.96730705774556, 23.798886408916655], [75.23881866976951, 23.864201250248314], [75.34099988795768, 23.802094496236514], [75.46769414949944, 23.91182735712625]]]}}, {"type": "Feature", "properties": {"id": 412, "objectid": 412, "state": "MP", "stcode": "23", "district": "Rewa", "dtcode": "424", "shape_length": 648693.8275407802, "shape_area": 6053511499.936048, "ds_name": " Administrative Boundary", "src_agency": "Survey of India (SOI)", "state_name": "Madhya Pradesh", "id_final": "d427"}, "geometry": {"type": "Polygon", "coordinates": [[[81.59190038610222, 25.183308346709016], [81.61167075019759, 25.056304583105213], [81.90709164452026, 25.006179827504084], [81.9653942844715, 24.82705977081312], [82.20358665542166, 24.819121837659374], [82.17756207771554, 24.73218232348071], [82.25079383901486, 24.76982264564993], [82.30499803820142, 24.591411223163927], [81.91977107516702, 24.569663115878175], [81.2716112148695, 24.320382681388224], [81.29175403044962, 24.39651770196393], [81.13959400830862, 24.51186308174204], [81.18314186077654, 24.698732906097085], [81.04505545032475, 24.796933576816482], [81.16805281385624, 24.955202019057452], [81.21962134764233, 24.928600690361975], [81.27756416173202, 25.1659819133852], [81.49120728096104, 25.072249494670963], [81.51504345799552, 25.184291618289237], [81.59190038610222, 25.183308346709016]]]}}, {"type": "Feature", "properties": {"id": 413, "objectid": 413, "state": "MP", "stcode": "23", "district": "Sagar", "dtcode": "425", "shape_length": 1015860.8213172544, "shape_area": 9871936875.733923, "ds_name": " Administrative Boundary", "src_agency": "Survey of India (SOI)", "state_name": "Madhya Pradesh", "id_final": "d428"}, "geometry": {"type": "Polygon", "coordinates": [[[78.26615914090988, 24.451183157792343], [78.3895477437641, 24.26266097568265], [78.51861728044594, 24.38781803002973], [78.79279398839537, 24.176827246691595], [78.99119740783874, 24.417554949117562], [79.0086303840478, 24.36946937291057], [79.18071505126152, 24.432866749966784], [79.2948677829961, 24.374972988852633], [79.21097801192086, 24.330006615983024], [79.15239319852311, 24.405381340107954], [79.1752506896929, 24.277749455945383], [79.0461066065201, 24.22153885958211], [79.18773935450857, 24.01093970480205], [79.05538617115164, 23.917212753118687], [79.25066474293965, 23.825515166533613], [79.35126746852495, 23.664486079634067], [79.33143352096813, 23.524108829114862], [79.1807550549333, 23.42589215498022], [79.23874593730422, 23.34043231753206], [79.19910994782555, 23.19495834400898], [78.76052235813331, 23.247244478346655], [78.60101732306322, 23.424116756252303], [78.73574406652713, 23.582860399795898], [78.50341599439922, 23.530894168406633], [78.51518943062514, 23.65789671975113], [78.43431338788535, 23.745132232885926], [78.36794848162971, 23.727970396475005], [78.34363294625969, 23.677916834839923], [78.42945722488807, 23.71964951395857], [78.39755015373564, 23.632422517043505], [78.23875765237705, 23.713943294677808], [78.27844198756657, 24.027794674809925], [78.0758126484316, 24.046088597608712], [78.14583667690799, 24.2018970784573], [78.05978090750743, 24.231692427152378], [78.1662331781499, 24.39712802873767], [78.26615914090988, 24.451183157792343]]]}}, {"type": "Feature", "properties": {"id": 414, "objectid": 414, "state": "MP", "stcode": "23", "district": "Satna", "dtcode": "426", "shape_length": 1008596.9112519079, "shape_area": 7245261423.326445, "ds_name": " Administrative Boundary", "src_agency": "Survey of India (SOI)", "state_name": "Madhya Pradesh", "id_final": "d429"}, "geometry": {"type": "MultiPolygon", "coordinates": [[[[80.8846922401937, 25.187927878827924], [80.81217427663763, 24.922504708436573], [81.08970321175045, 24.946235294033478], [81.12528498742284, 24.88547246544143], [81.04505545032475, 24.796933576816482], [81.18314186077654, 24.698732906097085], [81.13959400830862, 24.51186308174204], [81.22318847959006, 24.49074479636032], [81.37501182276533, 24.218040349324202], [81.20237066239775, 24.109575477804153], [80.86961564229689, 24.078527885075633], [80.80719712944406, 23.9697319811408], [80.75422921168278, 24.025676606492787], [80.80300850974923, 24.060632077524744], [80.69582979057398, 24.083809415677695], [80.73689309495035, 24.131855519487356], [80.35470149745395, 23.969475656220453], [80.44112242079187, 24.09265586894022], [80.67866056042965, 24.198197660568066], [80.61901721443364, 24.18100328015647], [80.42275994393478, 24.443011575596], [80.46947627509093, 24.61366995746305], [80.34448915617763, 24.69688081091911], [80.6312751350956, 24.86601572965165], [80.51815056529506, 24.917196639828486], [80.49652944055106, 24.856241640497984], [80.4773650049864, 24.84727122761995], [80.47071289821434, 24.9673009434043], [80.61455407464541, 25.066548652629685], [80.59237091460724, 25.09017933712888], [80.60113687330134, 25.150015362566887], [80.76629083862183, 25.052799674086643], [80.7050748454248, 25.12912725694681], [80.82990578485202, 25.100457075812656], [80.8846922401937, 25.187927878827924]]], [[[80.85236000061711, 23.98646000071358], [80.87608200013364, 23.96217600015713], [80.85345707537076, 23.964664250278837], [80.85236000061711, 23.98646000071358]]], [[[80.6006900000432, 24.02320000126625], [80.62070000042789, 24.019170000868343], [80.6135350000945, 24.009514999696105], [80.6006900000432, 24.02320000126625]]], [[[80.10741156845258, 24.38919998701391], [80.12486565709804, 24.377101178771746], [80.11406645139193, 24.37121567786586], [80.10741156845258, 24.38919998701391]]], [[[80.34445452839113, 24.385582963668007], [80.37882403211351, 24.420493771366598], [80.38670811038496, 24.39881281687939], [80.34445452839113, 24.385582963668007]]], [[[80.40397502114098, 24.4945674842041], [80.41650084248266, 24.527092188832192], [80.42490355243359, 24.501449643720626], [80.40397502114098, 24.4945674842041]]], [[[80.4321389255558, 24.562451420005672], [80.43980847244998, 24.5568654109025], [80.433454711928, 24.547661568644138], [80.4321389255558, 24.562451420005672]]], [[[80.55619999968953, 24.85937000059034], [80.54980999993946, 24.854320001801227], [80.55220059449861, 24.860548162277436], [80.55619999968953, 24.85937000059034]]]]}}, {"type": "Feature", "properties": {"id": 415, "objectid": 415, "state": "MP", "stcode": "23", "district": "Sehore", "dtcode": "427", "shape_length": 858703.9758808042, "shape_area": 6317330542.939734, "ds_name": " Administrative Boundary", "src_agency": "Survey of India (SOI)", "state_name": "Madhya Pradesh", "id_final": "d430"}, "geometry": {"type": "Polygon", "coordinates": [[[77.16814150988799, 23.673856509964473], [77.29765346462315, 23.501819315616622], [77.21757115723808, 23.32049977092084], [77.17680319852798, 23.349772763336926], [77.17672324600275, 23.223987963702555], [77.37944144509957, 23.072508300453265], [77.43601125444327, 22.909146760471607], [77.63937057528786, 22.838800543127288], [77.96116506555339, 22.96842802602879], [78.02814419908125, 22.80191354604389], [77.91893521539284, 22.770641270296057], [77.92778405074083, 22.85139496412434], [77.84696797982642, 22.872337757648598], [77.33092109683456, 22.562051565497242], [77.13004035508015, 22.555421925775164], [77.00392541880159, 22.878809024883196], [76.52585306440966, 22.79875417777937], [76.43020378339023, 22.983862756565113], [76.45629487458, 23.09159853149395], [76.6471130195293, 23.20027669070228], [76.8811997734262, 23.121332165121466], [77.16814150988799, 23.673856509964473]]]}}, {"type": "Feature", "properties": {"id": 416, "objectid": 416, "state": "MP", "stcode": "23", "district": "Seoni", "dtcode": "428", "shape_length": 704405.4932540759, "shape_area": 8430756725.2328415, "ds_name": " Administrative Boundary", "src_agency": "Survey of India (SOI)", "state_name": "Madhya Pradesh", "id_final": "d431"}, "geometry": {"type": "Polygon", "coordinates": [[[79.62724333629414, 22.950869976647137], [80.06319294560858, 22.759107410738164], [80.2681615902253, 22.79320584450591], [80.28942495238692, 22.72632997237754], [80.20235199757313, 22.603917309493497], [79.95280398119657, 22.558289543672963], [80.09266573211013, 22.423514418712077], [80.06709372962311, 22.077366986578138], [79.93398951549824, 22.06912621208252], [79.8770281119711, 21.90785195100265], [79.52332733464257, 21.594271875223534], [79.49586251112187, 21.674092080796566], [79.22259857734711, 21.719184266966423], [79.40653414694903, 22.039236175100637], [79.36332255612425, 22.266239183334402], [79.28595780998134, 22.3166790947943], [79.33486877559295, 22.44311357191035], [79.19489801969743, 22.452443772015545], [79.34565807817438, 22.48415505963922], [79.33609240685817, 22.638102420493073], [79.51653297235669, 22.72301994352173], [79.62724333629414, 22.950869976647137]]]}}, {"type": "Feature", "properties": {"id": 417, "objectid": 417, "state": "MP", "stcode": "23", "district": "Shahdol", "dtcode": "429", "shape_length": 604547.5739062625, "shape_area": 5460958587.602149, "ds_name": " Administrative Boundary", "src_agency": "Survey of India (SOI)", "state_name": "Madhya Pradesh", "id_final": "d432"}, "geometry": {"type": "Polygon", "coordinates": [[[81.469467391348, 24.259012644207687], [81.55890013519972, 24.073384614502046], [81.4818945181004, 24.035353833014533], [81.69589106464974, 23.72132239930275], [81.57668451205032, 23.58534448918368], [81.62705293984796, 23.482026857957145], [81.7468652809005, 23.569808971982518], [81.92328616248028, 23.53265940220007], [81.98576732090037, 23.414256850169394], [81.91361212460424, 23.30061760649872], [81.80619520464722, 23.319899328534113], [81.8794753400056, 23.24620798128574], [81.60118191472003, 23.224252916352413], [81.5584373646239, 23.024428568690414], [81.31888533787883, 23.10358107570309], [81.25305020136086, 23.208984902941395], [81.35305824419503, 23.354420127041916], [81.17905407501225, 23.79714842838883], [81.2683459765618, 23.841887701477024], [80.99866869119846, 24.076706395402113], [81.469467391348, 24.259012644207687]]]}}, {"type": "Feature", "properties": {"id": 418, "objectid": 418, "state": "MP", "stcode": "23", "district": "Shajapur", "dtcode": "430", "shape_length": 445668.63331947394, "shape_area": 3329021200.515245, "ds_name": " Administrative Boundary", "src_agency": "Survey of India (SOI)", "state_name": "Madhya Pradesh", "id_final": "d433"}, "geometry": {"type": "Polygon", "coordinates": [[[76.41099459941258, 23.713944395107067], [76.48341178729808, 23.512172863971085], [76.52635841965774, 23.575809705668682], [76.79345113085009, 23.45707114482346], [76.88832891440258, 23.52256314145623], [77.04973522607976, 23.467053223695537], [76.8811997734262, 23.121332165121466], [76.6471130195293, 23.20027669070228], [76.58577237829766, 23.11248640764692], [76.38259509634172, 23.229772601628984], [76.12062847632143, 23.24369275667741], [76.25212189912612, 23.35166704432149], [76.19725999127908, 23.46540025551442], [76.25328538123176, 23.515080401687733], [76.15696552094599, 23.515374033687117], [76.23745500403008, 23.569697234657827], [76.20684741708608, 23.708973418887357], [76.41099459941258, 23.713944395107067]]]}}, {"type": "Feature", "properties": {"id": 371, "objectid": 371, "state": "MN", "stcode": "14", "district": "Kakching", "dtcode": "711", "shape_length": 122176.7868987516, "shape_area": 249243440.7578278, "ds_name": " Administrative Boundary", "src_agency": "Survey of India (SOI)", "state_name": "Manipur", "id_final": "d434"}, "geometry": {"type": "Polygon", "coordinates": [[[93.91711487192215, 24.547658165265574], [94.04315493836911, 24.45283764265412], [93.97125682145132, 24.49058687523572], [93.88592979838208, 24.235316589147], [93.84754452158839, 24.423842012237603], [93.91711487192215, 24.547658165265574]]]}}, {"type": "Feature", "properties": {"id": 372, "objectid": 372, "state": "MN", "stcode": "14", "district": "Kangpokpi", "dtcode": "712", "shape_length": 929366.4484406721, "shape_area": 1768694989.0942357, "ds_name": " Administrative Boundary", "src_agency": "Survey of India (SOI)", "state_name": "Manipur", "id_final": "d435"}, "geometry": {"type": "MultiPolygon", "coordinates": [[[[93.91938931593765, 25.39531822971039], [93.99749894440602, 25.192110331578455], [94.20476018192858, 25.176485640656157], [94.11754505822579, 25.069627688724548], [94.17295229296955, 24.941267595881268], [94.20022190307283, 24.626677669130007], [94.10527996767107, 24.6625918510326], [94.14143382627138, 24.844754130428523], [94.10605421729313, 24.71804283249175], [94.08137289751309, 24.771101479580942], [94.06278380258775, 24.70853528401781], [94.03685279570819, 24.71080581062425], [94.13924251872022, 24.904699668792926], [94.13601674950729, 24.96583379680715], [94.05343431078158, 24.866945046066554], [94.09979348463072, 24.966183356844272], [94.02131957443578, 24.953504095512383], [94.0933187401266, 25.0810588604732], [93.94129172477099, 25.020642349536914], [94.00578018514508, 25.02697868145461], [94.02157856444909, 24.884214723659667], [93.98285958892363, 24.86753248935514], [94.00862907383355, 24.920273543132414], [93.95283250881648, 24.95141598318446], [93.98529392077596, 24.926999205150782], [93.95321655498606, 24.84092821465254], [93.88184469749763, 24.935084971854966], [93.97222982689762, 25.075501309031644], [93.84472791529288, 24.951397056888375], [93.72560436418125, 24.588498563975193], [93.66190828698278, 24.793312690572744], [93.78234181517963, 25.00500649434414], [93.77435362357758, 25.150414209752046], [93.9552788079397, 25.290107255109188], [93.88642430437112, 25.3345427635749], [93.91938931593765, 25.39531822971039]]], [[[94.0677644938189, 24.849297476721105], [94.0570689059189, 24.75787170543573], [94.00047203802833, 24.7004195152921], [93.99913447141604, 24.841883446828138], [94.02111984756557, 24.786736087645586], [94.0677644938189, 24.849297476721105]]]]}}, {"type": "Feature", "properties": {"id": 373, "objectid": 373, "state": "MN", "stcode": "14", "district": "Jiribam", "dtcode": "713", "shape_length": 118359.14399806768, "shape_area": 167481713.18408385, "ds_name": " Administrative Boundary", "src_agency": "Survey of India (SOI)", "state_name": "Manipur", "id_final": "d436"}, "geometry": {"type": "Polygon", "coordinates": [[[93.22916977883257, 24.8551996391897], [93.15211747174051, 24.5845881827925], [93.1041633472023, 24.565267139669956], [93.10942868109643, 24.81147501187008], [93.22916977883257, 24.8551996391897]]]}}, {"type": "Feature", "properties": {"id": 419, "objectid": 419, "state": "MP", "stcode": "23", "district": "Sheopur", "dtcode": "431", "shape_length": 543932.1438332894, "shape_area": 6358648638.237582, "ds_name": " Administrative Boundary", "src_agency": "Survey of India (SOI)", "state_name": "Madhya Pradesh", "id_final": "d437"}, "geometry": {"type": "Polygon", "coordinates": [[[77.14040980199137, 26.180867415971964], [77.23379436201006, 26.07857022393602], [77.3987744888554, 26.15506942415006], [77.58121055465755, 26.012257716782763], [77.60398140796653, 26.069268218857886], [77.66416543445216, 26.095625246301353], [77.64885307881634, 25.961692037813837], [77.53821118993267, 25.943967729667534], [77.63934556764083, 25.86809818770389], [77.5583523274002, 25.81095055299996], [77.40761350043273, 25.88035206226406], [77.44332903241349, 25.77407445748728], [77.3294678099137, 25.790792100654922], [77.2766862465012, 25.71951403912016], [77.32601257939886, 25.667824605488992], [77.25332340712303, 25.65588084353457], [77.29955152789209, 25.534148930840548], [77.01465444469724, 25.382602420403895], [77.08189725689965, 25.353770029830006], [77.03143027094737, 25.294565546940586], [76.5984957882725, 25.392348050991494], [76.47259779616418, 25.698483363984195], [76.53012423767251, 25.811423079671478], [77.14040980199137, 26.180867415971964]]]}}, {"type": "Feature", "properties": {"id": 420, "objectid": 420, "state": "MP", "stcode": "23", "district": "Shivpuri", "dtcode": "432", "shape_length": 832767.1320565052, "shape_area": 9691317499.280693, "ds_name": " Administrative Boundary", "src_agency": "Survey of India (SOI)", "state_name": "Madhya Pradesh", "id_final": "d438"}, "geometry": {"type": "Polygon", "coordinates": [[[77.68594201447414, 25.912071971640195], [77.8831984966221, 25.73532128686708], [78.29605154416443, 25.785940022433657], [78.21450950051583, 25.70060717131963], [78.30864416575712, 25.707901440499693], [78.2745419252065, 25.548367566332875], [78.37191533183618, 25.497544202054744], [78.31123245474284, 25.304627581094074], [78.41094791126264, 25.212665451526334], [78.30046951173618, 25.201869714131863], [78.29250267296472, 25.127907501185682], [78.37893904136467, 25.161548032111963], [78.27009965612108, 25.088436418953595], [78.34535899397196, 25.01207767561015], [78.16760285828444, 24.84017059693002], [77.9770969477687, 24.84808491511839], [78.01779830440825, 24.95593366430533], [77.88793105557417, 25.007274736440323], [77.739008867483, 24.857211094588852], [77.58852059275587, 24.9659347638483], [77.58717738376974, 24.887813697207488], [77.47850003761775, 24.876829243234152], [77.30985110537162, 25.071626324286846], [77.42653354412283, 25.18798195809811], [77.36572392258145, 25.414380030567425], [77.20916954230879, 25.306184741013293], [77.01091390931548, 25.353367372022632], [77.29955152789209, 25.534148930840548], [77.25332340712303, 25.65588084353457], [77.32601257939886, 25.667824605488992], [77.2766862465012, 25.71951403912016], [77.3294678099137, 25.790792100654922], [77.44332903241349, 25.77407445748728], [77.40761350043273, 25.88035206226406], [77.5583523274002, 25.81095055299996], [77.68594201447414, 25.912071971640195]]]}}, {"type": "Feature", "properties": {"id": 421, "objectid": 421, "state": "MP", "stcode": "23", "district": "Sidhi", "dtcode": "433", "shape_length": 518125.0450503843, "shape_area": 4591479076.165631, "ds_name": " Administrative Boundary", "src_agency": "Survey of India (SOI)", "state_name": "Madhya Pradesh", "id_final": "d439"}, "geometry": {"type": "Polygon", "coordinates": [[[82.17978896133735, 24.61628836983947], [82.37975438252528, 24.559261907093486], [81.8778826255347, 24.12763568024055], [81.96898405362538, 24.01324476458319], [82.21474164960335, 23.9874997368605], [82.20953009201322, 23.852709065172075], [81.92147425144142, 23.87091252169788], [81.81558008566999, 23.806365007414595], [81.66791072415478, 23.925254708501633], [81.54392896846433, 23.912181498299127], [81.46743101758516, 24.268723911573947], [81.35003995397416, 24.253063472341957], [81.31685158847428, 24.336147517978077], [82.17978896133735, 24.61628836983947]]]}}, {"type": "Feature", "properties": {"id": 422, "objectid": 422, "state": "MP", "stcode": "23", "district": "Tikamgarh", "dtcode": "434", "shape_length": 405670.5029166897, "shape_area": 3549051523.79536, "ds_name": " Administrative Boundary", "src_agency": "Survey of India (SOI)", "state_name": "Madhya Pradesh", "id_final": "d440"}, "geometry": {"type": "Polygon", "coordinates": [[[79.01431346765422, 25.27343133993087], [79.03100304676934, 25.13839022072941], [79.09047362160558, 25.190964966261603], [79.13095106300295, 25.10941898776258], [79.32324688130798, 25.149692741912194], [79.34630189218886, 24.905111222879526], [79.29999985041665, 24.68174162149265], [79.06361111142462, 24.621854642326163], [78.9474279824516, 24.436596761531955], [78.8831692705901, 24.64131011499263], [78.75239554495707, 24.599550637198828], [78.789836601116, 24.810974714130495], [78.63138640399511, 24.960689940672417], [78.65030622863287, 25.055488502961953], [78.83700000058613, 25.086199998838907], [79.01431346765422, 25.27343133993087]]]}}, {"type": "Feature", "properties": {"id": 423, "objectid": 423, "state": "MP", "stcode": "23", "district": "Ujjain", "dtcode": "435", "shape_length": 720183.908448472, "shape_area": 5867495186.851278, "ds_name": " Administrative Boundary", "src_agency": "Survey of India (SOI)", "state_name": "Madhya Pradesh", "id_final": "d441"}, "geometry": {"type": "MultiPolygon", "coordinates": [[[[75.84510422122788, 23.731855672762194], [75.8563762223893, 23.567488177058888], [76.25328538123176, 23.515080401687733], [76.19725999127908, 23.46540025551442], [76.25212189912612, 23.35166704432149], [76.05894193691145, 23.21652084773333], [76.14882003128594, 23.199615485217205], [76.06008013681708, 23.185865515500332], [76.11306540813703, 23.051262220876787], [75.94677113231133, 23.31975222702605], [75.96417977437103, 23.0233567067076], [75.63223941502012, 23.006919623244144], [75.56599647425112, 23.085965871977947], [75.34106629284692, 22.829727908967982], [75.34695073690169, 23.06909195459503], [75.22547931849945, 23.207365535265886], [75.32586403274296, 23.291921815705997], [75.13454962654055, 23.401235310868387], [75.18432052990958, 23.519335885184425], [75.3395465720651, 23.627643303389377], [75.50617786753662, 23.525705645445992], [75.52207813455766, 23.66583371060021], [75.71301985717936, 23.756352490001674], [75.84510422122788, 23.731855672762194]]], [[[75.84528786428156, 23.73274056716195], [75.84532585354562, 23.732129303228522], [75.84505334485483, 23.732557677350254], [75.84528786428156, 23.73274056716195]]]]}}, {"type": "Feature", "properties": {"id": 424, "objectid": 424, "state": "MP", "stcode": "23", "district": "Umaria", "dtcode": "436", "shape_length": 464849.40616803855, "shape_area": 4401461041.178622, "ds_name": " Administrative Boundary", "src_agency": "Survey of India (SOI)", "state_name": "Madhya Pradesh", "id_final": "d442"}, "geometry": {"type": "Polygon", "coordinates": [[[81.00374944574568, 24.06456689394124], [81.2683459765618, 23.841887701477024], [81.17905407501225, 23.79714842838883], [81.35305824419503, 23.354420127041916], [81.28425513299361, 23.220148572954926], [81.16536522129417, 23.332011832872666], [81.1041876100197, 23.202123028048145], [80.93597311364272, 23.290219330025103], [80.76911777397468, 23.2214764988086], [80.76185311983375, 23.344796298588513], [80.54243242781207, 23.35366791993042], [80.54853325134923, 23.544925791261775], [80.71375948571584, 23.7613000200312], [80.90521756833064, 23.677762821048013], [80.83670930859167, 23.949833533568547], [81.00374944574568, 24.06456689394124]]]}}, {"type": "Feature", "properties": {"id": 425, "objectid": 425, "state": "MP", "stcode": "23", "district": "Vidisha", "dtcode": "437", "shape_length": 668157.0710726238, "shape_area": 7028007448.10904, "ds_name": " Administrative Boundary", "src_agency": "Survey of India (SOI)", "state_name": "Madhya Pradesh", "id_final": "d443"}, "geometry": {"type": "Polygon", "coordinates": [[[77.39401577597505, 24.33875609385553], [77.443870486177, 24.23713556274668], [77.64842447882116, 24.314465706053312], [77.89363963667267, 24.311321201648855], [77.95017967404893, 24.229420004552836], [78.04277370747987, 24.281339673472655], [78.14583667690799, 24.2018970784573], [78.0758126484316, 24.046088597608712], [78.27807455356921, 24.02878821726719], [78.27743020701219, 23.609319781918362], [78.14532628999658, 23.474153243613586], [78.00048173196346, 23.46697212517111], [78.02448086378098, 23.344726181728266], [77.7359109885618, 23.536806184440973], [77.62599232496964, 23.55256147817056], [77.62427848296954, 23.465082272467182], [77.50561820129015, 23.52411663335221], [77.64805342615936, 23.712999375699766], [77.43547766009878, 23.775317645513347], [77.25987788496943, 24.043223952505958], [77.39401577597505, 24.33875609385553]]]}}, {"type": "Feature", "properties": {"id": 426, "objectid": 426, "state": "MP", "stcode": "23", "district": "Singrauli", "dtcode": "638", "shape_length": 507516.4500559974, "shape_area": 5543304562.765674, "ds_name": " Administrative Boundary", "src_agency": "Survey of India (SOI)", "state_name": "Madhya Pradesh", "id_final": "d444"}, "geometry": {"type": "Polygon", "coordinates": [[[82.44984462291907, 24.674645539539185], [82.6709890605804, 24.69693720219407], [82.8053084420089, 24.594738406951308], [82.719275230708, 24.55237881747275], [82.77279701507716, 24.30761595372798], [82.72813543003008, 24.135554769199974], [82.66449217923332, 24.128290179284306], [82.81034803461908, 23.962391916834413], [82.55147456850105, 23.79064102277895], [82.23181321309445, 23.805314213973624], [82.21474164960335, 23.9874997368605], [81.96898405362538, 24.01324476458319], [81.8781057758732, 24.12909883389928], [82.37108616809712, 24.544056368399858], [82.30013845319422, 24.606984538149113], [82.41612559450377, 24.591115550574546], [82.44984462291907, 24.674645539539185]]]}}, {"type": "Feature", "properties": {"id": 427, "objectid": 427, "state": "MP", "stcode": "23", "district": "Alirajpur", "dtcode": "639", "shape_length": 488022.3211010589, "shape_area": 3213488234.2345076, "ds_name": " Administrative Boundary", "src_agency": "Survey of India (SOI)", "state_name": "Madhya Pradesh", "id_final": "d445"}, "geometry": {"type": "MultiPolygon", "coordinates": [[[[74.28886854049041, 22.63964221479201], [74.46488654983374, 22.52966139760413], [74.73082335650236, 22.591673019123277], [74.74766636928483, 22.437277470235333], [74.63130571388332, 22.36597815828918], [74.64898972740792, 22.27426979064324], [74.51207083623042, 22.220205970447502], [74.50222581236633, 22.044600542444382], [74.19285538200961, 21.925889228403108], [74.0968550662438, 21.999539984800197], [74.17859303298624, 22.085567081573195], [74.05380909626425, 22.30382746835006], [74.29102046674397, 22.393948514963398], [74.02977232776904, 22.507797943593797], [74.28886854049041, 22.63964221479201]]], [[[74.15569999964293, 22.41294999978498], [74.17476000100471, 22.400619999192582], [74.17839500057983, 22.3876049990138], [74.15569999964293, 22.41294999978498]]]]}}, {"type": "Feature", "properties": {"id": 428, "objectid": 428, "state": "MP", "stcode": "23", "district": "Agar Malwa", "dtcode": "667", "shape_length": 373490.5489756459, "shape_area": 2628618401.5049734, "ds_name": " Administrative Boundary", "src_agency": "Survey of India (SOI)", "state_name": "Madhya Pradesh", "id_final": "d446"}, "geometry": {"type": "Polygon", "coordinates": [[[75.84505334485483, 23.732557677350254], [75.68997354461558, 23.747466337039093], [75.70600760752703, 23.89931754137982], [75.78174124527735, 23.84881131898565], [75.98134353087475, 23.928964769187854], [75.96343565050137, 24.018702208984784], [76.12706296682288, 24.08806558782447], [76.18544826540918, 24.329308828601192], [76.1901888189405, 24.074483381615785], [76.40760177926929, 23.71413031530299], [76.20684741708608, 23.708973418887357], [76.23745500403008, 23.569697234657827], [76.1164523700291, 23.541322478773303], [75.85562685626545, 23.567898898481506], [75.84505334485483, 23.732557677350254]]]}}, {"type": "Feature", "properties": {"id": 429, "objectid": 429, "state": "MP", "stcode": "23", "district": "Niwari", "dtcode": "722", "shape_length": 464028.854755969, "shape_area": 1293341191.363618, "ds_name": " Administrative Boundary", "src_agency": "Survey of India (SOI)", "state_name": "Madhya Pradesh", "id_final": "d447"}, "geometry": {"type": "Polygon", "coordinates": [[[78.94576644417701, 25.552410524988304], [78.90887195193379, 25.44242057052905], [78.98929398995989, 25.373991954326687], [78.88030738940326, 25.385882970392178], [78.78778517171894, 25.29603986237706], [78.8496520349462, 25.22878435818564], [78.88200283317893, 25.34363654860533], [78.95770479541036, 25.345901606381513], [78.97988311816064, 25.278997349896713], [78.87950070141866, 25.25225428823493], [78.90093000067016, 25.15564000071812], [78.81966000000334, 25.07647000022921], [78.65030622863287, 25.055488502961953], [78.57736819272444, 25.253951633120742], [78.43806062714174, 25.275013644348153], [78.65828067009915, 25.441036931972654], [78.77463147117908, 25.353094243189833], [78.74826204090257, 25.409787954786367], [78.82132781531567, 25.42259677242484], [78.76235804595255, 25.426900509431796], [78.738049819856, 25.494835116407415], [78.84414912171896, 25.427752573021856], [78.83495829194267, 25.505821351192495], [78.94576644417701, 25.552410524988304]]]}}, {"type": "Feature", "properties": {"id": 430, "objectid": 430, "state": "MZ", "stcode": "15", "district": "Aizawl", "dtcode": "261", "shape_length": 479362.5237913288, "shape_area": 3002061620.780296, "ds_name": " Administrative Boundary", "src_agency": "Survey of India (SOI)", "state_name": "Mizoram", "id_final": "d448"}, "geometry": {"type": "Polygon", "coordinates": [[[92.97535153228968, 24.40768027552746], [93.03931716124943, 24.340741841974943], [92.97068819172019, 24.114540280010953], [93.16539451106681, 24.07217022686657], [93.18805046516306, 23.930430677432724], [93.13278381416056, 23.82639130272093], [93.01013657637206, 23.802840016250315], [93.03938959991076, 23.518954852994327], [92.79771864268184, 23.56010352623992], [92.84030801245282, 23.336306671613734], [92.68309232399038, 23.322749639544774], [92.64012092806925, 23.894993582147883], [92.79915364464732, 23.850193164447486], [92.86298703043559, 24.318205819757157], [92.97535153228968, 24.40768027552746]]]}}, {"type": "Feature", "properties": {"id": 431, "objectid": 431, "state": "MZ", "stcode": "15", "district": "Champhai", "dtcode": "262", "shape_length": 416038.90146979946, "shape_area": 3269819352.0963244, "ds_name": " Administrative Boundary", "src_agency": "Survey of India (SOI)", "state_name": "Mizoram", "id_final": "d449"}, "geometry": {"type": "Polygon", "coordinates": [[[93.24344927735527, 24.0822732186804], [93.39313511636333, 23.928840092596037], [93.43690617315767, 23.687040716425926], [93.38561298568422, 23.133835433685103], [93.27501219301574, 23.003910612159494], [93.1750710233583, 23.062758664186404], [93.16168762004534, 23.19915876069284], [93.00514094630039, 23.290367236961067], [93.09892584973394, 23.446495487795463], [93.00248654597367, 23.48348201322064], [93.01013657637206, 23.802840016250315], [93.16262167740483, 23.857035091255455], [93.16459634911575, 24.050084117134016], [93.24344927735527, 24.0822732186804]]]}}, {"type": "Feature", "properties": {"id": 432, "objectid": 432, "state": "MZ", "stcode": "15", "district": "Kolasib", "dtcode": "263", "shape_length": 268346.81466923887, "shape_area": 1535550684.1894054, "ds_name": " Administrative Boundary", "src_agency": "Survey of India (SOI)", "state_name": "Mizoram", "id_final": "d450"}, "geometry": {"type": "Polygon", "coordinates": [[[92.7666848658755, 24.513049644160873], [92.8261478101126, 24.376415854455523], [92.90287968802632, 24.39106592442129], [92.90026837333079, 24.226023561501663], [92.74930120253413, 23.84588831124387], [92.66227971805473, 23.868062696872133], [92.63607156499152, 24.035312400703937], [92.5382167107304, 24.03571976762694], [92.52682234039627, 24.165187532163387], [92.7666848658755, 24.513049644160873]]]}}, {"type": "Feature", "properties": {"id": 433, "objectid": 433, "state": "MZ", "stcode": "15", "district": "Lawngtlai", "dtcode": "264", "shape_length": 508398.0467560026, "shape_area": 2333874855.9606137, "ds_name": " Administrative Boundary", "src_agency": "Survey of India (SOI)", "state_name": "Mizoram", "id_final": "d451"}, "geometry": {"type": "MultiPolygon", "coordinates": [[[[92.54427396892751, 22.755677471099716], [92.76030024514458, 22.49698468954449], [92.80650876571104, 22.629379265692002], [92.93104574715676, 22.555557986374172], [92.96535521420712, 22.39309216512509], [92.82139841122196, 22.32921758900081], [92.85020022932319, 22.062614492476254], [92.69474290718506, 22.153493649853903], [92.60754091470518, 21.97465670036495], [92.54427396892751, 22.755677471099716]]], [[[93.08177223718835, 22.808525004353616], [93.14015057843065, 22.58888635747155], [93.02087774191428, 22.51607911314422], [92.923042872609, 22.78933768234325], [93.05146801398514, 22.741509833919334], [93.08177223718835, 22.808525004353616]]]]}}, {"type": "Feature", "properties": {"id": 434, "objectid": 434, "state": "MZ", "stcode": "15", "district": "Lunglei", "dtcode": "265", "shape_length": 481134.0109370448, "shape_area": 4363192439.129495, "ds_name": " Administrative Boundary", "src_agency": "Survey of India (SOI)", "state_name": "Mizoram", "id_final": "d452"}, "geometry": {"type": "Polygon", "coordinates": [[[92.46349536669534, 23.39138994202026], [92.68309258995951, 23.36679134657113], [92.69997190700275, 23.196133724230393], [92.83331400037441, 23.245945363277553], [92.93202203002589, 23.187846781243348], [93.16452754765814, 22.910987375227403], [93.05477596492445, 22.742638011504216], [92.92397833539721, 22.790967385446645], [92.944476137426, 22.573760875402364], [92.80568207080748, 22.6290763638717], [92.77684697136743, 22.497050839272315], [92.57972893452308, 22.755276005020587], [92.47384417406145, 22.746208517698935], [92.37177858657208, 22.936171144276795], [92.34678469106468, 23.235673425037817], [92.45135840167845, 23.286091219069554], [92.46349536669534, 23.39138994202026]]]}}, {"type": "Feature", "properties": {"id": 435, "objectid": 435, "state": "MZ", "stcode": "15", "district": "Mamit", "dtcode": "266", "shape_length": 417790.0832364244, "shape_area": 2948734741.5742526, "ds_name": " Administrative Boundary", "src_agency": "Survey of India (SOI)", "state_name": "Mizoram", "id_final": "d453"}, "geometry": {"type": "Polygon", "coordinates": [[[92.28959251600806, 24.252353393020698], [92.46420730146382, 24.13625985239824], [92.5342225633782, 24.180266770894942], [92.5382167107304, 24.03571976762694], [92.6362681654324, 24.03506410098369], [92.67444179600362, 23.620151737458784], [92.66933604642988, 23.385102590682934], [92.46349536669534, 23.39138994202026], [92.41665225600099, 23.256627982310448], [92.25706478917786, 23.812471791385963], [92.32518874459414, 23.914089488211932], [92.28959251600806, 24.252353393020698]]]}}, {"type": "Feature", "properties": {"id": 376, "objectid": 376, "state": "MN", "stcode": "14", "district": "Tengnoupal", "dtcode": "716", "shape_length": 194333.48151410263, "shape_area": 1104037229.6609852, "ds_name": " Administrative Boundary", "src_agency": "Survey of India (SOI)", "state_name": "Manipur", "id_final": "d454"}, "geometry": {"type": "Polygon", "coordinates": [[[94.11926521095825, 24.62924553814445], [94.28226431343788, 24.601624239712685], [94.40688078607033, 24.4807242477654], [94.25407858153571, 24.11412180602824], [94.1476043035048, 24.38284023467355], [94.03648582679214, 24.45061344711275], [94.11926521095825, 24.62924553814445]]]}}, {"type": "Feature", "properties": {"id": 381, "objectid": 381, "state": "MP", "stcode": "23", "district": "Barwani", "dtcode": "393", "shape_length": 490332.92164734105, "shape_area": 5227669065.969437, "ds_name": " Administrative Boundary", "src_agency": "Survey of India (SOI)", "state_name": "Madhya Pradesh", "id_final": "d455"}, "geometry": {"type": "Polygon", "coordinates": [[[75.31960073248969, 22.12563939103613], [75.45668069716174, 22.05930023326038], [75.28327592217794, 21.915776883428848], [75.27602922488131, 21.738476693111807], [75.20882260313007, 21.708489478021548], [75.29298746016775, 21.63503695371012], [75.43848834318229, 21.675774911636548], [75.50210275254528, 21.613644200570334], [75.46284656759465, 21.51513128563289], [75.62696978906821, 21.39121927494871], [75.21697533912487, 21.408657954079022], [75.05163892285985, 21.56650322281606], [74.50540693860943, 21.726299368791445], [74.5242942064939, 21.91067121048841], [74.43202741626826, 22.030467902701407], [75.31960073248969, 22.12563939103613]]]}}, {"type": "Feature", "properties": {"id": 382, "objectid": 382, "state": "MP", "stcode": "23", "district": "Betul", "dtcode": "394", "shape_length": 723623.7809276445, "shape_area": 9680344713.815414, "ds_name": " Administrative Boundary", "src_agency": "Survey of India (SOI)", "state_name": "Madhya Pradesh", "id_final": "d456"}, "geometry": {"type": "MultiPolygon", "coordinates": [[[[78.27789002444474, 22.397344307364772], [78.27627824708796, 22.090617812383993], [78.34761028224257, 22.10910884869703], [78.3887423502108, 21.923643163807], [78.46617411939043, 21.963355039401964], [78.54922224523531, 21.87321136043767], [78.32679545311852, 21.574580575329744], [77.94107214452275, 21.385740727555145], [77.58723829972469, 21.36274915329906], [77.48771862458482, 21.37438439635236], [77.42233777043003, 21.51704436043867], [77.61175636977006, 21.538558483577937], [77.48243143668878, 21.76778771551722], [77.0625481046244, 21.716139657922398], [77.20112625172938, 21.789805158512525], [77.16626441088879, 21.867960297606977], [77.27635813266951, 21.964495887912882], [77.5057745694755, 22.029962319863536], [77.38145360018825, 22.21723348359523], [77.54908214121524, 22.356091162050287], [77.65527856364531, 22.306491252005213], [77.85458804136996, 22.36909473842237], [77.88483682859537, 22.287399570202847], [78.27789002444474, 22.397344307364772]]], [[[77.00584990260269, 21.67873019192523], [76.99885917357864, 21.67435893299256], [76.99885907388595, 21.691921971025156], [77.00584990260269, 21.67873019192523]]], [[[77.01304660310585, 21.71914191655769], [77.04027927653206, 21.69713622115863], [77.02361221073954, 21.688578575955813], [77.01304660310585, 21.71914191655769]]]]}}, {"type": "Feature", "properties": {"id": 383, "objectid": 383, "state": "MP", "stcode": "23", "district": "Bhind", "dtcode": "395", "shape_length": 586892.3435229912, "shape_area": 4301134495.915147, "ds_name": " Administrative Boundary", "src_agency": "Survey of India (SOI)", "state_name": "Madhya Pradesh", "id_final": "d457"}, "geometry": {"type": "MultiPolygon", "coordinates": [[[[78.72898837267049, 26.793230678857697], [79.0073293446462, 26.671397901798617], [79.05266368404962, 26.453809355157333], [79.13512633802083, 26.440119072645768], [79.08422353797975, 26.359361984186563], [79.13494083494416, 26.32488881051708], [78.99172987876284, 26.238969378150163], [78.94892550798988, 26.128716806559833], [79.01190948030461, 26.082669414036538], [78.8707074132597, 25.906384807225045], [78.7779918969477, 25.969379473613426], [78.84539883812089, 26.11191407174466], [78.8236646632868, 26.284282265387617], [78.6270081227303, 26.15706738994654], [78.42106024480624, 26.330536599891623], [78.26449293053363, 26.33624721600607], [78.29126488646598, 26.43882899483906], [78.21046877567788, 26.51926397528155], [78.41901924678288, 26.590615661872178], [78.54523026177822, 26.763573571509742], [78.72898837267049, 26.793230678857697]]], [[[78.79299768746245, 26.0904398793535], [78.78465099556337, 26.082081087543376], [78.78933674911076, 26.09111196328581], [78.79299768746245, 26.0904398793535]]], [[[78.80690561278975, 26.141128025378354], [78.81894061966162, 26.140592778338334], [78.81911728422011, 26.132534644621252], [78.80690561278975, 26.141128025378354]]]]}}, {"type": "Feature", "properties": {"id": 384, "objectid": 384, "state": "MP", "stcode": "23", "district": "Bhopal", "dtcode": "396", "shape_length": 374880.45906655747, "shape_area": 2660914703.6931305, "ds_name": " Administrative Boundary", "src_agency": "Survey of India (SOI)", "state_name": "Madhya Pradesh", "id_final": "d458"}, "geometry": {"type": "Polygon", "coordinates": [[[77.22635312945816, 23.892876544603986], [77.64813667992233, 23.712263524920825], [77.50578874804513, 23.567080438227045], [77.48938761851518, 23.41655331771588], [77.6269481932637, 23.33953218716083], [77.57906511786304, 23.179218896735474], [77.37944144509957, 23.072508300453265], [77.17611386562491, 23.2270991304835], [77.29765346462315, 23.501819315616622], [77.16571764854591, 23.683278620578356], [77.22635312945816, 23.892876544603986]]]}}, {"type": "Feature", "properties": {"id": 385, "objectid": 385, "state": "MP", "stcode": "23", "district": "Burhanpur", "dtcode": "397", "shape_length": 330199.1239933309, "shape_area": 3113189754.8595343, "ds_name": " Administrative Boundary", "src_agency": "Survey of India (SOI)", "state_name": "Madhya Pradesh", "id_final": "d459"}, "geometry": {"type": "Polygon", "coordinates": [[[75.95007254553062, 21.547914612128835], [76.74521875335164, 21.574759250466574], [76.79393777289391, 21.479745532210178], [76.62162516085249, 21.332380697515614], [76.62319702365355, 21.185045914033626], [76.49258629346348, 21.19366506281864], [76.37617749291972, 21.073075342426645], [76.166504843977, 21.079012813992485], [76.11012717761506, 21.161529419993474], [76.17167364569801, 21.16651782293348], [76.15813056881203, 21.258420266673486], [76.09559004664641, 21.371158133564606], [75.98660156686925, 21.368774819756947], [75.95007254553062, 21.547914612128835]]]}}, {"type": "Feature", "properties": {"id": 386, "objectid": 386, "state": "MP", "stcode": "23", "district": "Chhatarpur", "dtcode": "398", "shape_length": 989185.2992735468, "shape_area": 8343984031.8286085, "ds_name": " Administrative Boundary", "src_agency": "Survey of India (SOI)", "state_name": "Madhya Pradesh", "id_final": "d460"}, "geometry": {"type": "Polygon", "coordinates": [[[80.28478039295047, 25.415601591462778], [80.43115048146323, 25.174013277335295], [80.15037234784475, 24.934954652493392], [80.03307927854719, 24.92183957691841], [80.07807817199058, 24.79892445505868], [79.84255127089838, 24.61579651953675], [79.90411096282635, 24.576865849027495], [79.88579829594971, 24.37369648831291], [79.44179663972126, 24.412043695526982], [79.32642709229754, 24.14395262707447], [79.07230049138698, 24.13154888623346], [79.06730462449752, 24.261120209021676], [79.18739770702278, 24.316909052850985], [79.14058239285734, 24.364493888898235], [79.15239319852311, 24.405381340107954], [79.21097801192086, 24.330006615983024], [79.2948677829961, 24.374972988852633], [79.18071505126152, 24.432866749966784], [79.0086303840478, 24.36946937291057], [78.98584932515858, 24.441340911835475], [79.06361111142462, 24.621854642326163], [79.30395331152326, 24.688428695314467], [79.34124447944384, 25.082826641111076], [79.27936825554579, 25.244708419300206], [79.3384604584715, 25.19797852058202], [79.35079819907502, 25.263829301293978], [79.26952475544488, 25.26332354150811], [79.27897920770448, 25.323969586147417], [79.49449176477864, 25.26678953239595], [79.39027912814733, 25.170116200686568], [79.40534157320829, 25.10622614773063], [79.49151038533199, 25.079611269492336], [79.56909645995155, 25.171809026140746], [79.84986779256182, 25.09394413875981], [79.85137669390085, 25.235501548599984], [80.28478039295047, 25.415601591462778]], [[79.35610712676512, 25.0404694071334], [79.37419632185093, 25.142603652947937], [79.35819875854034, 25.143288833618705], [79.35610712676512, 25.0404694071334]], [[79.35446584987123, 25.175891803899116], [79.37255587931944, 25.180015906821925], [79.3594413258738, 25.188469383682612], [79.35446584987123, 25.175891803899116]]]}}, {"type": "Feature", "properties": {"id": 387, "objectid": 387, "state": "MP", "stcode": "23", "district": "Chhindwara", "dtcode": "399", "shape_length": 811478.6165422156, "shape_area": 11369058066.052662, "ds_name": " Administrative Boundary", "src_agency": "Survey of India (SOI)", "state_name": "Madhya Pradesh", "id_final": "d461"}, "geometry": {"type": "Polygon", "coordinates": [[[79.23029588554571, 22.814798742993155], [79.29683942490719, 22.619436100133047], [79.37479631502964, 22.596093373239235], [79.34508978729698, 22.48366281083433], [79.19489801969743, 22.452443772015545], [79.33486877559295, 22.44311357191035], [79.28595780998134, 22.3166790947943], [79.36332255612425, 22.266239183334402], [79.40653414694903, 22.039236175100637], [79.23091395920571, 21.656153784544223], [78.9165367815755, 21.590895058445966], [78.93670163743202, 21.48571431589531], [78.43601624506317, 21.500605941366576], [78.42743191514928, 21.59892846794376], [78.34535920651135, 21.621789649743278], [78.54922224523531, 21.87321136043767], [78.46617411939043, 21.963355039401964], [78.3887423502108, 21.923643163807], [78.34761028224257, 22.10910884869703], [78.27627824708796, 22.090617812383993], [78.27015128055662, 22.402089600413017], [78.56118415489803, 22.419757902591172], [78.52191772450531, 22.665174627790883], [78.96426240195379, 22.626240383340633], [79.04247313771117, 22.75951286618433], [79.23029588554571, 22.814798742993155]]]}}, {"type": "Feature", "properties": {"id": 388, "objectid": 388, "state": "MP", "stcode": "23", "district": "Damoh", "dtcode": "400", "shape_length": 634094.7132218092, "shape_area": 7023184007.291669, "ds_name": " Administrative Boundary", "src_agency": "Survey of India (SOI)", "state_name": "Madhya Pradesh", "id_final": "d462"}, "geometry": {"type": "Polygon", "coordinates": [[[79.59663498694636, 24.42667404963739], [79.66005381076901, 24.36374533075956], [79.75465741635927, 24.41155704270515], [79.85775140327469, 24.298254932789522], [79.73477958882411, 24.059436381559138], [79.84398389817791, 24.02264431488866], [79.81525771242507, 23.73991999053793], [79.95148760150539, 23.62223325394547], [79.67439623163236, 23.338159988922207], [79.33204616330774, 23.150626936171868], [79.30598819752484, 23.23250695532164], [79.17206740515283, 23.251643212841763], [79.23874593730422, 23.34043231753206], [79.1807550549333, 23.42589215498022], [79.33143352096813, 23.524108829114862], [79.35126746852495, 23.664486079634067], [79.25066474293965, 23.825515166533613], [79.05492669962176, 23.919959594988754], [79.18698653675226, 24.008881562816793], [79.1577903712621, 24.122038075816917], [79.38224629965406, 24.19527828814782], [79.39741442386789, 24.38843981464867], [79.59663498694636, 24.42667404963739]]]}}, {"type": "Feature", "properties": {"id": 389, "objectid": 389, "state": "MP", "stcode": "23", "district": "Datia", "dtcode": "401", "shape_length": 550281.0508846354, "shape_area": 2792229391.4375114, "ds_name": " Administrative Boundary", "src_agency": "Survey of India (SOI)", "state_name": "Madhya Pradesh", "id_final": "d463"}, "geometry": {"type": "MultiPolygon", "coordinates": [[[[78.79675166644935, 26.29062902902369], [78.84539883812089, 26.11191407174466], [78.7779918969477, 25.969379473613426], [78.89504092070064, 25.895079684446678], [78.75277171792435, 25.75030715887361], [78.81176156689835, 25.620784033643684], [78.44360095274833, 25.56320970974022], [78.36945507366555, 25.438332594981762], [78.2745419252065, 25.548367566332875], [78.30864416575712, 25.707901440499693], [78.22304437804019, 25.72042423943475], [78.64412751722223, 26.060482933892818], [78.62721866332572, 26.157393599811552], [78.79675166644935, 26.29062902902369]], [[78.81152233036882, 26.138719096214164], [78.81635617464717, 26.14318394835864], [78.80690561278975, 26.141128025378354], [78.81152233036882, 26.138719096214164]], [[78.78933674911076, 26.09111196328581], [78.79286635578325, 26.08160021875494], [78.79299768746245, 26.0904398793535], [78.78933674911076, 26.09111196328581]]], [[[78.27009965612108, 25.088436418953595], [78.33749570176245, 25.08533410550664], [78.30563713644084, 25.05271644546055], [78.27009965612108, 25.088436418953595]]], [[[78.33954821307574, 25.22277635167973], [78.45823343426312, 25.16461492041283], [78.44682002807274, 25.12178377774206], [78.28945199956328, 25.130009135668924], [78.33954821307574, 25.22277635167973]]], [[[78.34304015135706, 25.4202797058954], [78.3073519258019, 25.41752808155957], [78.32640263805958, 25.43996088030492], [78.34304015135706, 25.4202797058954]]]]}}, {"type": "Feature", "properties": {"id": 390, "objectid": 390, "state": "MP", "stcode": "23", "district": "Dewas", "dtcode": "402", "shape_length": 847350.3541175313, "shape_area": 6745212341.06027, "ds_name": " Administrative Boundary", "src_agency": "Survey of India (SOI)", "state_name": "Madhya Pradesh", "id_final": "d464"}, "geometry": {"type": "Polygon", "coordinates": [[[75.96081365103149, 23.321570867159146], [76.0828417757834, 23.048078641176055], [76.06008013681708, 23.185865515500332], [76.14882003128594, 23.199615485217205], [76.08208783157397, 23.2425250913349], [76.51183591116143, 23.180137907619], [76.43020378339023, 22.983862756565113], [76.57090612855153, 22.75916698538113], [77.00392541880159, 22.878809024883196], [77.13004035508015, 22.555421925775164], [76.79388900155678, 22.42832581216526], [76.74215224219091, 22.29195772366969], [76.52410071611845, 22.412203265696494], [76.23903000201459, 22.297877824296663], [76.06174859235355, 22.585279571710576], [76.24712871601703, 22.643771091889246], [76.1032352631492, 22.701515180069748], [75.89706412354043, 23.001573269161632], [75.99173106110199, 23.072555894813032], [75.92953518834322, 23.1443179414368], [75.96081365103149, 23.321570867159146]]]}}, {"type": "Feature", "properties": {"id": 391, "objectid": 391, "state": "MP", "stcode": "23", "district": "Dhar", "dtcode": "403", "shape_length": 590664.9618353371, "shape_area": 7847416077.884666, "ds_name": " Administrative Boundary", "src_agency": "Survey of India (SOI)", "state_name": "Madhya Pradesh", "id_final": "d465"}, "geometry": {"type": "Polygon", "coordinates": [[[75.25513016806622, 23.13302528864565], [75.34715090680034, 23.068374120257936], [75.33029338012486, 22.839956417994262], [75.44203973388252, 22.86710388715767], [75.4956350001955, 22.643825000913342], [75.70755999988997, 22.660094999438794], [75.55750071836997, 22.515182802720698], [75.52059674935991, 22.173222403015426], [74.50222581236633, 22.044600542444382], [74.51207083623042, 22.220205970447502], [74.64898972740792, 22.27426979064324], [74.63130571388332, 22.36597815828918], [74.74766636928483, 22.437277470235333], [74.76042754972198, 22.751429573876166], [74.89521165267888, 22.748283737275965], [74.98513232824524, 22.866624682529302], [75.00636772694607, 23.109475961264422], [75.25513016806622, 23.13302528864565]]]}}, {"type": "Feature", "properties": {"id": 392, "objectid": 392, "state": "MP", "stcode": "23", "district": "Dindori", "dtcode": "404", "shape_length": 626633.9478840743, "shape_area": 5579986369.3970175, "ds_name": " Administrative Boundary", "src_agency": "Survey of India (SOI)", "state_name": "Madhya Pradesh", "id_final": "d466"}, "geometry": {"type": "Polygon", "coordinates": [[[80.70539737978844, 23.371762386633314], [80.74708537373961, 23.229397776180868], [80.93597311364272, 23.290219330025103], [81.19170642753177, 23.166038725299313], [81.26365154675116, 23.070173828389823], [81.20049410438777, 22.911768815462484], [81.47596286848196, 22.758625829088842], [81.69194216981819, 22.780218830209083], [81.74067277774853, 22.68782989411329], [81.6597443259062, 22.569239037281495], [81.40670444758611, 22.440951003779947], [81.32652672448228, 22.526144156083486], [81.20774017587969, 22.45659448784134], [81.07831999987704, 22.60563000011529], [80.94297000028205, 22.556679999792596], [81.00221999992542, 22.630379999771623], [80.86809999964987, 22.74451000177749], [80.87220000014959, 22.836840000800677], [80.52905000079537, 22.864319998850835], [80.58192285714985, 23.13804259648247], [80.47831429780263, 23.20033453282733], [80.57605339870247, 23.351826316669843], [80.70539737978844, 23.371762386633314]]]}}, {"type": "Feature", "properties": {"id": 393, "objectid": 393, "state": "MP", "stcode": "23", "district": "East Nimar", "dtcode": "405", "shape_length": 605900.5975214324, "shape_area": 7197931899.133211, "ds_name": " Administrative Boundary", "src_agency": "Survey of India (SOI)", "state_name": "Madhya Pradesh", "id_final": "d467"}, "geometry": {"type": "Polygon", "coordinates": [[[76.50172824360111, 22.411822125037233], [76.68296829081342, 22.296425432134583], [76.86924157712038, 22.322552116166435], [76.85222868706104, 22.03137346458329], [77.16415704652913, 21.97974351449423], [77.20191932712568, 21.791107555930193], [76.76828019916825, 21.555320671455576], [76.07688907098743, 21.57221389035355], [76.0694499161758, 21.663368134736743], [76.17131874249348, 21.700394818949057], [76.09275413141874, 21.77080980650862], [76.15227658410356, 22.032069898566746], [76.22466922637263, 22.074916074879223], [76.17377326091685, 22.1221484870204], [76.09588354704836, 22.05347757305909], [76.15364124134472, 22.213008242257633], [76.01253056608384, 22.21170347890407], [76.50172824360111, 22.411822125037233]]]}}, {"type": "Feature", "properties": {"id": 394, "objectid": 394, "state": "MP", "stcode": "23", "district": "Guna", "dtcode": "406", "shape_length": 673370.6844178626, "shape_area": 6136556768.893843, "ds_name": " Administrative Boundary", "src_agency": "Survey of India (SOI)", "state_name": "Madhya Pradesh", "id_final": "d468"}, "geometry": {"type": "Polygon", "coordinates": [[[77.27345488259328, 25.111253484936274], [77.37087197380862, 24.925390381177202], [77.5645062297883, 24.871669291232163], [77.47562876348431, 24.43539174423458], [77.59091217384912, 24.37484551913269], [77.73570423990917, 24.42797140773193], [77.55442961757205, 24.246346732217425], [77.43583229195131, 24.23946831899668], [77.40793442435411, 24.329572893306555], [77.3537992039957, 24.341510565338485], [77.25964937849899, 24.068007547576915], [77.3185504405493, 23.884285547422138], [77.18960503306116, 23.892828197425153], [77.18262402886573, 24.079203220601446], [76.97138203698736, 24.04476094636952], [76.8778511039344, 24.122819511979063], [76.94713230940708, 24.20104255959289], [76.84148602854778, 24.322541183291154], [76.81638561491039, 24.53356924360838], [76.91753188461153, 24.54341798785457], [76.97769247944632, 24.46131118758627], [77.06824952843527, 24.627568159363907], [76.79995694431119, 24.824697121954074], [76.94950210258949, 24.869340481369395], [76.87628010566436, 25.041522382739174], [77.27345488259328, 25.111253484936274]]]}}, {"type": "Feature", "properties": {"id": 395, "objectid": 395, "state": "MP", "stcode": "23", "district": "Gwalior", "dtcode": "407", "shape_length": 390091.52000146615, "shape_area": 4392952819.43082, "ds_name": " Administrative Boundary", "src_agency": "Survey of India (SOI)", "state_name": "Madhya Pradesh", "id_final": "d469"}, "geometry": {"type": "Polygon", "coordinates": [[[78.29700773265084, 26.346002646071394], [78.61906532938751, 26.217534610752544], [78.65226283139195, 26.12661731310079], [78.38892645631132, 25.837260687260084], [78.05373332614701, 25.708624535699585], [77.87434358763932, 25.738395173021786], [77.70069852309632, 25.8805941767265], [77.66735225917485, 25.966521350167092], [77.77568244250826, 26.049185308190136], [77.74340335669855, 26.160890447245624], [77.8158794498482, 26.255169578660894], [77.86377396974888, 26.21234630273246], [77.99535032699495, 26.242343570768327], [78.00523382406178, 26.32639492279844], [78.29700773265084, 26.346002646071394]]]}}, {"type": "Feature", "properties": {"id": 404, "objectid": 404, "state": "MP", "stcode": "23", "district": "Mandsaur", "dtcode": "416", "shape_length": 553754.6414781143, "shape_area": 5339821875.172633, "ds_name": " Administrative Boundary", "src_agency": "Survey of India (SOI)", "state_name": "Madhya Pradesh", "id_final": "d470"}, "geometry": {"type": "Polygon", "coordinates": [[[75.76805487293086, 24.75853829909912], [75.9234556525669, 24.53420359426983], [75.90032153751405, 24.442266778933018], [75.78936910260649, 24.471601181111787], [75.7279348975845, 24.396375632431326], [75.83019047502168, 24.23357407491068], [75.75102007281053, 24.14357120766765], [75.83675812338574, 24.057017492513694], [75.71750735463401, 23.96692604976668], [75.52109646584641, 24.024598592697988], [75.34453236251262, 23.80302105953141], [75.23451352368119, 23.86412761758717], [74.9036655181592, 23.794361339882567], [74.98232592264806, 24.025673867617556], [74.8795178877863, 24.17371317715448], [74.97568564028911, 24.33731310287828], [75.42562046963072, 24.333428331133238], [75.58992724879198, 24.51952423967822], [75.54974335743283, 24.7029908235086], [75.76805487293086, 24.75853829909912]]]}}, {"type": "Feature", "properties": {"id": 405, "objectid": 405, "state": "MP", "stcode": "23", "district": "Morena", "dtcode": "417", "shape_length": 629375.8992062248, "shape_area": 4803158538.964583, "ds_name": " Administrative Boundary", "src_agency": "Survey of India (SOI)", "state_name": "Madhya Pradesh", "id_final": "d471"}, "geometry": {"type": "Polygon", "coordinates": [[[78.37210910869686, 26.864060795004377], [78.54523026177822, 26.763573571509742], [78.526888308162, 26.675588742935744], [78.2139932740538, 26.529518107539317], [78.29126488646598, 26.43882899483906], [78.26392488270335, 26.31399992869839], [77.8158794498482, 26.255169578660894], [77.68095569229745, 25.912970369459895], [77.54989199024337, 25.900304329298308], [77.53731753037268, 25.934548385173706], [77.64885307881634, 25.961692037813837], [77.66416543445216, 26.095625246301353], [77.58121055465755, 26.012257716782763], [77.39809880503694, 26.155324700750466], [77.23379436201006, 26.07857022393602], [77.13574858667467, 26.174281247198294], [77.12263699963293, 26.22596265578776], [77.8236376663125, 26.550460218968198], [77.90360052521453, 26.65897689438261], [78.09267004589137, 26.676263816462466], [78.11205029635272, 26.794934053030616], [78.37210910869686, 26.864060795004377]]]}}, {"type": "Feature", "properties": {"id": 406, "objectid": 406, "state": "MP", "stcode": "23", "district": "Narsinghpur", "dtcode": "418", "shape_length": 555498.7979227756, "shape_area": 4939362513.613398, "ds_name": " Administrative Boundary", "src_agency": "Survey of India (SOI)", "state_name": "Madhya Pradesh", "id_final": "d472"}, "geometry": {"type": "Polygon", "coordinates": [[[78.83614193375735, 23.249066738184748], [79.11501825500973, 23.165412471854147], [79.24413737154333, 23.250751843232386], [79.3731827705476, 23.164542168553265], [79.34681531494468, 23.107347686398334], [79.57139842391535, 23.134461788216406], [79.62496628478706, 22.87434959554793], [79.32429985517618, 22.616196100149427], [79.2288777329839, 22.816865299112834], [79.01779447202118, 22.740626871566135], [78.9965508879258, 22.63516808496062], [78.84988610995973, 22.68432400178928], [78.74066451144688, 22.619504901294153], [78.57120529557028, 22.955302678646735], [78.4431575667204, 22.97889525850477], [78.73183298122878, 23.04431109436246], [78.83614193375735, 23.249066738184748]]]}}, {"type": "Feature", "properties": {"id": 407, "objectid": 407, "state": "MP", "stcode": "23", "district": "Neemuch", "dtcode": "419", "shape_length": 626504.3689561961, "shape_area": 4142968356.3357124, "ds_name": " Administrative Boundary", "src_agency": "Survey of India (SOI)", "state_name": "Madhya Pradesh", "id_final": "d473"}, "geometry": {"type": "Polygon", "coordinates": [[[75.19250712339618, 25.033532214579377], [75.34993761252697, 25.033590370515014], [75.26341161326403, 24.874856202159872], [75.42583248529053, 24.88403454391455], [75.31103657217558, 24.80098781610291], [75.22432224691549, 24.843930890954574], [75.21731572857736, 24.704962624675325], [75.53387085208023, 24.7123229249751], [75.60851020955386, 24.646195575878924], [75.58992724879198, 24.51952423967822], [75.41763308082923, 24.330004561485417], [75.02252328036049, 24.370368589239938], [74.90991435052149, 24.209949868545213], [74.75429718271563, 24.24216484674681], [74.85609122903189, 24.4265554415943], [74.70870169912308, 24.486473915610755], [74.81362026806933, 24.649601297769607], [74.79987847317483, 24.779202841391953], [74.88881700407501, 24.63368742837632], [75.01619071490622, 24.731955414735612], [74.84930171255834, 24.775984196700975], [74.8336225600521, 24.95967035994055], [75.03893709991185, 24.845607451441644], [75.19250712339618, 25.033532214579377]], [[74.85302269613308, 24.6792501125339], [74.85068420928145, 24.684854666178815], [74.85162029797432, 24.678787163616896], [74.85302269613308, 24.6792501125339]]]}}, {"type": "Feature", "properties": {"id": 408, "objectid": 408, "state": "MP", "stcode": "23", "district": "Panna", "dtcode": "420", "shape_length": 880406.934167062, "shape_area": 6823828351.330082, "ds_name": " Administrative Boundary", "src_agency": "Survey of India (SOI)", "state_name": "Madhya Pradesh", "id_final": "d474"}, "geometry": {"type": "MultiPolygon", "coordinates": [[[[80.44998343136434, 25.075225058630927], [80.47831736018412, 24.84419373862934], [80.51760114217701, 24.917128521112428], [80.6312751350956, 24.86601572965165], [80.34466725648716, 24.695991614755112], [80.46947627509093, 24.61366995746305], [80.42275994393478, 24.443011575596], [80.61901721443364, 24.18100328015647], [80.67866056042965, 24.198197660568066], [80.44112242079187, 24.09265586894022], [80.33955702346411, 23.908456072682682], [80.05313553425448, 23.99161077734748], [79.94644097771125, 23.82353653056972], [79.86338939318664, 23.82903298728003], [79.84398389817791, 24.02264431488866], [79.73471243079703, 24.061431813307678], [79.85779587900743, 24.29699999018948], [79.79530433266976, 24.374461733290254], [79.88643190176207, 24.374501974762843], [79.90411096282635, 24.576865849027495], [79.84255127089838, 24.61579651953675], [80.07807817199058, 24.79892445505868], [80.05243654484993, 24.938952266602822], [80.44998343136434, 25.075225058630927]], [[80.43990045054183, 24.55810900430856], [80.43144912531962, 24.554223575053076], [80.433454711928, 24.547661568644138], [80.43990045054183, 24.55810900430856]], [[80.41650084248266, 24.527092188832192], [80.40397502114098, 24.4945674842041], [80.42490355243359, 24.501449643720626], [80.41650084248266, 24.527092188832192]], [[80.3381397966797, 24.423649373480657], [80.34941309186073, 24.3843244417236], [80.38674029381431, 24.40554246968992], [80.3381397966797, 24.423649373480657]], [[80.11406645139193, 24.37121567786586], [80.11837829699128, 24.394123591695195], [80.10741156845258, 24.38919998701391], [80.11406645139193, 24.37121567786586]], [[80.5564699998704, 24.85565000045959], [80.5495500001912, 24.85884000045501], [80.55088000008878, 24.852720000449185], [80.5564699998704, 24.85565000045959]]], [[[80.50061827929343, 25.041581887816317], [80.54406656901648, 25.068239651821447], [80.53010225178197, 25.038424563076404], [80.50061827929343, 25.041581887816317]]], [[[80.35480813856283, 25.12642470633028], [80.35546098490973, 25.055667799016348], [80.29056412264168, 25.059504785417126], [80.35480813856283, 25.12642470633028]]]]}}, {"type": "Feature", "properties": {"id": 409, "objectid": 409, "state": "MP", "stcode": "23", "district": "Raisen", "dtcode": "421", "shape_length": 780342.2807270292, "shape_area": 8144431362.670333, "ds_name": " Administrative Boundary", "src_agency": "Survey of India (SOI)", "state_name": "Madhya Pradesh", "id_final": "d475"}, "geometry": {"type": "Polygon", "coordinates": [[[78.43406824722764, 23.745301653368784], [78.51518943062514, 23.65789671975113], [78.50341599439922, 23.530894168406633], [78.74002644140495, 23.57868582509969], [78.60101732306322, 23.424116756252303], [78.81624795311707, 23.222233487462866], [78.73183298122878, 23.04431109436246], [78.46634677737694, 23.00430813673471], [78.1095613265418, 22.789683513668372], [78.02814419908125, 22.80191354604389], [77.96116506555339, 22.96842802602879], [77.63895655795122, 22.83882321484317], [77.43601125444327, 22.909146760471607], [77.33889738590102, 23.038874482748696], [77.57906511786304, 23.179218896735474], [77.6269481932637, 23.33953218716083], [77.48938761851518, 23.41655331771588], [77.516547871063, 23.507257941901194], [77.62427848296954, 23.465082272467182], [77.62599232496964, 23.55256147817056], [77.7359109885618, 23.536806184440973], [78.02221778812464, 23.343740504013724], [78.00048173196346, 23.46697212517111], [78.22271539041144, 23.527959666798687], [78.32116727554168, 23.694284177576115], [78.3419493418876, 23.657388771504866], [78.41343845042675, 23.63930181977231], [78.41027885547724, 23.733447025404722], [78.3864368116633, 23.688625741271483], [78.34363294625969, 23.677916834839923], [78.36794848162971, 23.727970396475005], [78.43406824722764, 23.745301653368784]]]}}, {"type": "Feature", "properties": {"id": 444, "objectid": 444, "state": "NL", "stcode": "13", "district": "Wokha", "dtcode": "250", "shape_length": 248243.18855161106, "shape_area": 1529136102.6449454, "ds_name": " Administrative Boundary", "src_agency": "Survey of India (SOI)", "state_name": "Nagaland", "id_final": "d476"}, "geometry": {"type": "Polygon", "coordinates": [[[94.28376913647145, 26.561379742742428], [94.38475067850942, 26.224005376560903], [94.3627712653845, 26.0086609830711], [93.95415164610215, 25.969260715228724], [94.00107849459009, 26.172267427977385], [94.28376913647145, 26.561379742742428]]]}}, {"type": "Feature", "properties": {"id": 445, "objectid": 445, "state": "NL", "stcode": "13", "district": "Zunheboto", "dtcode": "251", "shape_length": 298497.27011151006, "shape_area": 1516332244.0970354, "ds_name": " Administrative Boundary", "src_agency": "Survey of India (SOI)", "state_name": "Nagaland", "id_final": "d477"}, "geometry": {"type": "Polygon", "coordinates": [[[94.49082456475018, 26.275523101734493], [94.49960264557066, 26.213989686295204], [94.70567746981025, 26.171914155447826], [94.56988604773906, 25.889673990117473], [94.71290902023827, 25.75947198419119], [94.55972257060345, 25.732034601502725], [94.5294893757583, 25.82242972610156], [94.3731806810771, 25.856870050361938], [94.26792996345446, 25.75307290896755], [94.25572930876497, 26.004350281123507], [94.3627712653845, 26.0086609830711], [94.33522734250093, 26.1784304046522], [94.49082456475018, 26.275523101734493]]]}}, {"type": "Feature", "properties": {"id": 446, "objectid": 446, "state": "NL", "stcode": "13", "district": "Peren", "dtcode": "613", "shape_length": 245605.58667530885, "shape_area": 1656241374.3951435, "ds_name": " Administrative Boundary", "src_agency": "Survey of India (SOI)", "state_name": "Nagaland", "id_final": "d478"}, "geometry": {"type": "Polygon", "coordinates": [[[93.54808102554922, 25.711297016175717], [93.8806184012638, 25.669032527863877], [93.94087021220719, 25.565839370938807], [93.76698905434449, 25.53638799334871], [93.80520892936113, 25.461589358086492], [93.59717312431124, 25.198702845144016], [93.47314087699927, 25.275630256895823], [93.45819314436562, 25.430984137792162], [93.32668669997216, 25.545923303155817], [93.54808102554922, 25.711297016175717]]]}}, {"type": "Feature", "properties": {"id": 447, "objectid": 447, "state": "NL", "stcode": "13", "district": "Kiphire", "dtcode": "614", "shape_length": 190779.81662923965, "shape_area": 1087321745.4375947, "ds_name": " Administrative Boundary", "src_agency": "Survey of India (SOI)", "state_name": "Nagaland", "id_final": "d479"}, "geometry": {"type": "Polygon", "coordinates": [[[94.69442233727047, 26.03214317330493], [94.92542138402663, 25.949268789251914], [95.04971642706515, 25.800882107819042], [94.88153589157069, 25.585122487457678], [94.82040430646975, 25.762842335337226], [94.71677523965288, 25.72196293203225], [94.56988604773906, 25.889673990117473], [94.69442233727047, 26.03214317330493]]]}}, {"type": "Feature", "properties": {"id": 448, "objectid": 448, "state": "NL", "stcode": "13", "district": "Longleng", "dtcode": "615", "shape_length": 186055.63571277968, "shape_area": 564209683.3896618, "ds_name": " Administrative Boundary", "src_agency": "Survey of India (SOI)", "state_name": "Nagaland", "id_final": "d480"}, "geometry": {"type": "Polygon", "coordinates": [[[94.80882742493058, 26.79358133744393], [94.7794899608953, 26.658323435645464], [94.89454473792877, 26.604764304897845], [94.90420608895467, 26.37276568164083], [94.68825681809076, 26.479531111108777], [94.7331154489085, 26.60095962688094], [94.6671267403712, 26.64886323495911], [94.80882742493058, 26.79358133744393]]]}}, {"type": "Feature", "properties": {"id": 449, "objectid": 449, "state": "OD", "stcode": "21", "district": "Anugul", "dtcode": "344", "shape_length": 601433.5989012675, "shape_area": 6152318835.366725, "ds_name": " Administrative Boundary", "src_agency": "Survey of India (SOI)", "state_name": "Odisha", "id_final": "d481"}, "geometry": {"type": "MultiPolygon", "coordinates": [[[[85.24589727743513, 21.678431893209137], [85.33419064946534, 21.481110548836376], [85.25504349964855, 21.4511513776357], [85.34255530681563, 21.36603283133561], [85.27018482001874, 21.274610111062923], [85.3941332877288, 21.183837243821777], [85.16668377123099, 21.06290722008873], [85.26168983333487, 20.98019634090608], [85.19357826830905, 20.67813397071843], [85.14076572463688, 20.731653511781907], [85.12157368689242, 20.612317421496154], [84.8485281947301, 20.52799182159432], [84.36013717497376, 20.766076555343762], [84.26844548424366, 20.91314420510915], [84.48159188590114, 21.080822870849687], [84.67929199584258, 21.06308728416213], [84.73129426696994, 21.16905071184776], [84.96226989181052, 21.147093265150588], [84.89752541600818, 21.260968834023927], [85.03376998674536, 21.292519229255806], [84.99755686522307, 21.435671373229017], [85.15817368626394, 21.462968608224806], [85.21289176101124, 21.554456521899606], [85.14427517654515, 21.59514763642011], [85.24589727743513, 21.678431893209137]]], [[[84.87796041334029, 21.178514169823526], [84.87221659699478, 21.172086598386148], [84.87521564526232, 21.179130493268744], [84.87796041334029, 21.178514169823526]]]]}}, {"type": "Feature", "properties": {"id": 450, "objectid": 450, "state": "OD", "stcode": "21", "district": "Balangir", "dtcode": "345", "shape_length": 564423.0446416487, "shape_area": 6303852363.230754, "ds_name": " Administrative Boundary", "src_agency": "Survey of India (SOI)", "state_name": "Odisha", "id_final": "d482"}, "geometry": {"type": "MultiPolygon", "coordinates": [[[[82.8459867139517, 20.28903152134109], [82.85107329385913, 20.33893049929402], [82.78931555496175, 20.32307941264889], [82.81469430311539, 20.381698891917665], [82.71601288031378, 20.35527987432862], [82.68436178169634, 20.459481027147408], [82.70092006913355, 20.728309164247698], [82.80204542387152, 20.833593544401776], [82.88873025677714, 20.9075105976923], [82.98048332630094, 20.84559285183574], [83.2166592569687, 20.930209480741166], [83.2794697139542, 20.841706431436695], [83.40490190161637, 20.8890137023809], [83.38663602099189, 20.988816671391266], [83.29584921757994, 21.013494177574117], [83.35209564276131, 21.071002100394566], [83.63925765212643, 20.981123260912824], [83.56987207483282, 20.845303692818796], [83.67843491718912, 20.73918424724796], [83.56961007959507, 20.484437395467932], [83.65186389571447, 20.36620093799555], [83.48581006038506, 20.454208922509704], [83.17513811917044, 20.17137616071313], [82.81602338029387, 20.166610063436504], [82.8459867139517, 20.28903152134109]]], [[[82.8362473177839, 20.318950545670056], [82.81524630125548, 20.285937074110358], [82.8202150088118, 20.319343153029422], [82.8362473177839, 20.318950545670056]]]]}}, {"type": "Feature", "properties": {"id": 451, "objectid": 451, "state": "OD", "stcode": "21", "district": "Baleshwar", "dtcode": "346", "shape_length": 548150.0114449207, "shape_area": 3670146566.7046156, "ds_name": " Administrative Boundary", "src_agency": "Survey of India (SOI)", "state_name": "Odisha", "id_final": "d483"}, "geometry": {"type": "Polygon", "coordinates": [[[87.19621767911364, 21.959414856465923], [87.27659345930755, 21.805092161286705], [87.44441901618985, 21.769142891578248], [87.48639050393726, 21.60932564080861], [87.12170587788256, 21.511572364154812], [86.84342113126344, 21.20453549481502], [86.67272225242448, 21.169529499298168], [86.65317603838616, 21.060567590101893], [86.56270446683433, 21.157190609393556], [86.43276886781032, 21.160949190850104], [86.35826625056389, 21.301702264745416], [86.68316048242319, 21.596728944991483], [87.00591422463553, 21.59990223435713], [87.02551008139314, 21.742818988279794], [87.18560960662263, 21.7916556422951], [87.09075782967811, 21.899649860343562], [87.19621767911364, 21.959414856465923]], [[86.92276071528092, 21.579612231400066], [86.92032449747693, 21.583645792682535], [86.92023070926662, 21.580663805607227], [86.92276071528092, 21.579612231400066]]]}}, {"type": "Feature", "properties": {"id": 452, "objectid": 452, "state": "OD", "stcode": "21", "district": "Bargarh", "dtcode": "347", "shape_length": 605874.0204370269, "shape_area": 5632107251.434029, "ds_name": " Administrative Boundary", "src_agency": "Survey of India (SOI)", "state_name": "Odisha", "id_final": "d484"}, "geometry": {"type": "Polygon", "coordinates": [[[83.58253814621483, 21.73805496861463], [83.87071897732342, 21.47720929455706], [83.91284525925495, 21.233535617632715], [83.84643268469715, 21.0992890539999], [83.76830045953226, 21.15481973511157], [83.49406219811857, 21.040544385420063], [83.35209564276131, 21.071002100394566], [83.29584921757994, 21.013494177574117], [83.38663602099189, 20.988816671391266], [83.40490190161637, 20.8890137023809], [83.2794697139542, 20.841706431436695], [83.25157603114222, 20.916430640411228], [83.2166592569687, 20.930209480741166], [82.98048332630094, 20.84559285183574], [82.88873025677714, 20.9075105976923], [82.68641216640816, 20.73170077149963], [82.64000592673688, 21.154328244622903], [83.19211940927964, 21.138868026563298], [83.26916417731364, 21.378347253418813], [83.40695955745986, 21.35138380945773], [83.36980381553056, 21.600374486983085], [83.58253814621483, 21.73805496861463]]]}}, {"type": "Feature", "properties": {"id": 453, "objectid": 453, "state": "OD", "stcode": "21", "district": "Bhadrak", "dtcode": "348", "shape_length": 375161.0059371282, "shape_area": 2389208557.204158, "ds_name": " Administrative Boundary", "src_agency": "Survey of India (SOI)", "state_name": "Odisha", "id_final": "d485"}, "geometry": {"type": "MultiPolygon", "coordinates": [[[[86.80355784953827, 21.225782103312568], [86.95350373399965, 20.778037084879696], [86.76882789319018, 20.731061064992154], [86.59894627569513, 20.854133403977066], [86.28173959575061, 20.9027074902404], [86.32884597360041, 21.057629067292456], [86.27419132588744, 21.146106004791847], [86.35448731584042, 21.2361035143925], [86.65056572700826, 21.060153596747035], [86.67071594289274, 21.16752881539277], [86.80355784953827, 21.225782103312568]]], [[[87.05375236591364, 20.744795810610068], [87.05987953504625, 20.742075984726455], [87.04910787963352, 20.74246014688956], [87.05375236591364, 20.744795810610068]]], [[[87.07226113967818, 20.74898763053084], [87.08034170902891, 20.737249447051138], [87.06210355247512, 20.736108851784085], [87.07226113967818, 20.74898763053084]]], [[[87.07268144139906, 20.754097259120623], [87.09338087178136, 20.75495444446949], [87.09398897538831, 20.74490859121236], [87.07268144139906, 20.754097259120623]]], [[[87.01056752564098, 20.832200125841347], [87.02340955144214, 20.78116209634791], [86.98489549618276, 20.83193787050933], [87.01056752564098, 20.832200125841347]]]]}}, {"type": "Feature", "properties": {"id": 454, "objectid": 454, "state": "OD", "stcode": "21", "district": "Boudh", "dtcode": "349", "shape_length": 405234.40653967427, "shape_area": 2994311684.26659, "ds_name": " Administrative Boundary", "src_agency": "Survey of India (SOI)", "state_name": "Odisha", "id_final": "d486"}, "geometry": {"type": "Polygon", "coordinates": [[[84.22533373881308, 20.89593211054508], [84.78676646554065, 20.550593791913922], [84.68087769250002, 20.43276786998499], [84.48181436157768, 20.38408150883388], [84.31465106399726, 20.68952500069531], [84.22532550024926, 20.581750751323927], [83.92149516835595, 20.610365812010546], [83.78020874708058, 20.40709991199311], [83.56968102739354, 20.484163773438993], [83.73027323613704, 20.608626789999136], [83.83296689297669, 20.82464611649687], [84.22533373881308, 20.89593211054508]]]}}, {"type": "Feature", "properties": {"id": 455, "objectid": 455, "state": "OD", "stcode": "21", "district": "Cuttack", "dtcode": "350", "shape_length": 621913.8157236807, "shape_area": 3722166834.1812596, "ds_name": " Administrative Boundary", "src_agency": "Survey of India (SOI)", "state_name": "Odisha", "id_final": "d487"}, "geometry": {"type": "Polygon", "coordinates": [[[85.9242387431754, 20.700006760455743], [86.04205300151656, 20.59174328291686], [86.1874194234241, 20.658068872191055], [86.28013841811608, 20.58118543258059], [86.24816460070618, 20.364871553460425], [86.01092872589044, 20.378071984375367], [86.15078097689248, 20.213705780133267], [86.17084605465753, 20.039236525738673], [85.80495739231458, 20.43497268974721], [85.6234776239404, 20.29248382649887], [85.39819779413561, 20.257699348156162], [85.33127925120662, 20.278952431412726], [85.36664159265747, 20.367118556061932], [85.15843801478016, 20.378501573639852], [84.8485281947301, 20.52799182159432], [85.12705568165948, 20.61620524044412], [85.45687140704295, 20.48442479519801], [85.9242387431754, 20.700006760455743]]]}}, {"type": "Feature", "properties": {"id": 456, "objectid": 456, "state": "OD", "stcode": "21", "district": "Deogarh", "dtcode": "351", "shape_length": 409652.8415917424, "shape_area": 2834198280.946803, "ds_name": " Administrative Boundary", "src_agency": "Survey of India (SOI)", "state_name": "Odisha", "id_final": "d488"}, "geometry": {"type": "Polygon", "coordinates": [[[84.6637486627724, 21.763267887004595], [84.75762472605605, 21.62433608712427], [84.99801607226077, 21.681800938375552], [85.04870307081121, 21.59086465705976], [85.2118390247634, 21.557633323933874], [85.14974579405875, 21.45747616219216], [84.99965409659852, 21.439263761878973], [85.03417440822604, 21.293035298515026], [84.89752541600818, 21.260968834023927], [84.96993378519367, 21.188685431608288], [84.96226989181052, 21.147093265150588], [84.78967152737208, 21.13155111069331], [84.7112190053322, 21.318327621543027], [84.56624712744326, 21.248841637604286], [84.54357394003371, 21.376531530328123], [84.39644839722722, 21.39115777977463], [84.49009966658787, 21.577039540875045], [84.57129933257475, 21.58050616338191], [84.5026635841151, 21.682675652448673], [84.6637486627724, 21.763267887004595]], [[84.87221659699478, 21.172086598386148], [84.87796041334029, 21.178514169823526], [84.87521564526232, 21.179130493268744], [84.87221659699478, 21.172086598386148]]]}}, {"type": "Feature", "properties": {"id": 457, "objectid": 457, "state": "OD", "stcode": "21", "district": "Dhenkanal", "dtcode": "352", "shape_length": 405620.7008241495, "shape_area": 4298170976.22002, "ds_name": " Administrative Boundary", "src_agency": "Survey of India (SOI)", "state_name": "Odisha", "id_final": "d489"}, "geometry": {"type": "Polygon", "coordinates": [[[85.68368079128294, 21.18566357596712], [85.72071677749778, 20.98100032324572], [85.91722664703477, 20.92792001459189], [85.8984032234477, 20.84686798753113], [86.03051614460959, 20.808742040684926], [86.02381507764582, 20.72754599563222], [85.45687140704295, 20.48442479519801], [85.12705568165948, 20.61620524044412], [85.13991128181051, 20.731130943907687], [85.17034969760252, 20.661163398832038], [85.25547464603525, 20.796030554421392], [85.25838660321557, 20.990687851854776], [85.16517913264782, 21.053683961800147], [85.27198617996822, 21.174916579471002], [85.49781367813353, 21.115195089248637], [85.68368079128294, 21.18566357596712]]]}}, {"type": "Feature", "properties": {"id": 458, "objectid": 458, "state": "OD", "stcode": "21", "district": "Gajapati", "dtcode": "353", "shape_length": 529124.0163745268, "shape_area": 3962683261.3352294, "ds_name": " Administrative Boundary", "src_agency": "Survey of India (SOI)", "state_name": "Odisha", "id_final": "d490"}, "geometry": {"type": "MultiPolygon", "coordinates": [[[[84.05865263624857, 18.79981467975152], [83.89301588647783, 18.815671992678435], [83.79377993748574, 19.00671152822946], [84.03195617695678, 19.05875987967179], [83.92592273671575, 19.630390045445296], [84.27238033477371, 19.549625970922254], [84.32324661918346, 19.607109793488313], [84.40128387663, 19.57547143649501], [84.37037077604505, 19.409685252012075], [84.43940370773703, 19.363308308775288], [84.32960801451082, 19.073658674465513], [84.37121402633817, 19.104690426237216], [84.35186541380288, 18.968745392027014], [84.43608239287057, 18.92173689051879], [84.33069406002969, 18.882969685016874], [84.31900768175065, 18.787852900388437], [84.08932921881107, 18.758474557351366], [84.06003977718488, 18.782214555692384], [84.06175905494472, 18.7911548784251], [84.0577378453573, 18.793288634112262], [84.06002668606942, 18.798928475106], [84.05865263624857, 18.79981467975152]]], [[[84.42019962983555, 19.247802202857088], [84.42985731873482, 19.240358579143205], [84.41892580737982, 19.235077289016008], [84.42019962983555, 19.247802202857088]]], [[[84.32943284281562, 18.786949613776265], [84.33975190906106, 18.789151346879407], [84.33952177813624, 18.77844238559052], [84.32943284281562, 18.786949613776265]]], [[[84.43408315891884, 19.227396496405085], [84.43294229600471, 19.223087542434385], [84.42951970910171, 19.228069760305598], [84.43408315891884, 19.227396496405085]]], [[[84.35343552365013, 18.78964379970402], [84.34983689027426, 18.788454887734662], [84.34983878045072, 18.791669813674204], [84.35343552365013, 18.78964379970402]]], [[[84.05719920945276, 18.799618934967086], [84.05767956024609, 18.79979627669106], [84.05679237951054, 18.799381277603644], [84.05719920945276, 18.799618934967086]]], [[[84.0574933342013, 18.793055978783393], [84.0577378453573, 18.793288634112262], [84.057622684555, 18.79250327331379], [84.0574933342013, 18.793055978783393]]]]}}, {"type": "Feature", "properties": {"id": 459, "objectid": 459, "state": "OD", "stcode": "21", "district": "Ganjam", "dtcode": "354", "shape_length": 696384.397236171, "shape_area": 8141003182.821428, "ds_name": " Administrative Boundary", "src_agency": "Survey of India (SOI)", "state_name": "Odisha", "id_final": "d491"}, "geometry": {"type": "MultiPolygon", "coordinates": [[[[84.32282921714317, 19.607099343424743], [84.2473994293423, 19.562773358539292], [84.1303675569366, 19.78031982910435], [84.30641084672534, 19.908446718135984], [84.44951122327173, 19.83459146072441], [84.46367065689151, 19.953303040368255], [84.32240381840506, 19.990045119052493], [84.41810073609936, 20.049411218436976], [84.4349199525468, 20.20013378891576], [84.5611131866869, 20.13895832302522], [84.69611537545026, 20.281033606131526], [84.8314967138257, 20.21683398983982], [84.79854694418891, 20.090543266297924], [84.90781658148596, 19.9075326096047], [85.18271230413146, 19.677749029344355], [85.17304186472553, 19.466791120692516], [85.08991160764475, 19.375473886573435], [84.76566082476631, 19.077246144454733], [84.66883240877301, 19.16686749806057], [84.59343969550092, 19.133268379345274], [84.65903037517225, 19.063840910985334], [84.41909111884911, 19.022797611692358], [84.41374203653085, 18.93885425716584], [84.35186541380288, 18.968745392027014], [84.37121402633817, 19.104690426237216], [84.32960801451082, 19.073658674465513], [84.4393465207112, 19.363679454789988], [84.37037077604505, 19.409685252012075], [84.40128387663, 19.57547143649501], [84.32282921714317, 19.607099343424743]], [[84.43148056638465, 19.228983840332393], [84.43294229600471, 19.223087542434385], [84.43593706139262, 19.223760824717694], [84.43148056638465, 19.228983840332393]], [[84.42985731873482, 19.240358579143205], [84.42019962983555, 19.247802202857088], [84.41892580737982, 19.235077289016008], [84.42985731873482, 19.240358579143205]]], [[[84.30904252212504, 19.57008546061134], [84.30835591858742, 19.57216776607957], [84.31282332332253, 19.572472612945894], [84.30904252212504, 19.57008546061134]]]]}}, {"type": "Feature", "properties": {"id": 460, "objectid": 460, "state": "OD", "stcode": "21", "district": "Jagatsinghapur", "dtcode": "355", "shape_length": 248866.9668697615, "shape_area": 1686379955.142827, "ds_name": " Administrative Boundary", "src_agency": "Survey of India (SOI)", "state_name": "Odisha", "id_final": "d492"}, "geometry": {"type": "MultiPolygon", "coordinates": [[[[86.02944491269012, 20.39501764654226], [86.60467281366586, 20.341053166005228], [86.71976012411318, 20.28932193279438], [86.37446181586589, 19.95671199117525], [86.1835441213233, 20.05069930599901], [86.02944491269012, 20.39501764654226]]], [[[86.7400814421364, 20.306303241615144], [86.73450189539514, 20.30528308343496], [86.74480984485352, 20.3125771666614], [86.7400814421364, 20.306303241615144]]], [[[86.77956493012712, 20.336613521826386], [86.77699553890642, 20.33481135928879], [86.77913328510972, 20.337239053475287], [86.77956493012712, 20.336613521826386]]]]}}, {"type": "Feature", "properties": {"id": 461, "objectid": 461, "state": "OD", "stcode": "21", "district": "Jajapur", "dtcode": "356", "shape_length": 438630.9035144577, "shape_area": 2793051543.1010284, "ds_name": " Administrative Boundary", "src_agency": "Survey of India (SOI)", "state_name": "Odisha", "id_final": "d493"}, "geometry": {"type": "Polygon", "coordinates": [[[86.0876813763802, 21.164979193383296], [86.04946946434936, 21.021687368056714], [86.26063091925586, 21.039339559446532], [86.32844264239128, 20.861963001102822], [86.59894627569513, 20.854133403977066], [86.61712342060922, 20.77458112335442], [86.37690446947806, 20.59402128777867], [86.1874194234241, 20.658068872191055], [86.0408448353464, 20.59238255710953], [85.90409450875092, 20.705721592264087], [86.02381507764582, 20.72754599563222], [86.03051614460959, 20.808742040684926], [85.72071677749778, 20.98100032324572], [85.68127111159184, 21.112138313618864], [85.88839028640203, 21.086237851933667], [86.0876813763802, 21.164979193383296]]]}}, {"type": "Feature", "properties": {"id": 462, "objectid": 462, "state": "OD", "stcode": "21", "district": "Jharsuguda", "dtcode": "357", "shape_length": 361643.1240930988, "shape_area": 2069366021.9679503, "ds_name": " Administrative Boundary", "src_agency": "Survey of India (SOI)", "state_name": "Odisha", "id_final": "d494"}, "geometry": {"type": "Polygon", "coordinates": [[[84.36183538828652, 22.035797065343743], [84.2890486092424, 21.77138199795735], [84.17620515543076, 21.722745351516103], [84.0068420297811, 21.786845508694583], [83.94338970016564, 21.728704452339812], [83.96486039188846, 21.575567226659825], [83.79978580965657, 21.563314611679882], [83.56777115413024, 21.743189166876206], [83.48796738421888, 21.643150491625793], [83.4182535012393, 21.679715809357624], [83.54304123046057, 21.837340763960526], [83.71937302172893, 21.78584998619448], [83.89785582619689, 21.945106778987704], [83.97773200070495, 21.904502914129147], [84.11757694166133, 22.012914665260702], [84.36183538828652, 22.035797065343743]]]}}, {"type": "Feature", "properties": {"id": 463, "objectid": 463, "state": "OD", "stcode": "21", "district": "Kalahandi", "dtcode": "358", "shape_length": 635468.7966433769, "shape_area": 7635967821.5148115, "ds_name": " Administrative Boundary", "src_agency": "Survey of India (SOI)", "state_name": "Odisha", "id_final": "d495"}, "geometry": {"type": "Polygon", "coordinates": [[[83.48807103530969, 20.453016223852053], [83.57645089869311, 20.363002443852594], [83.70597983179826, 20.36804432459377], [83.78981302854838, 20.178633081646854], [83.5845571214874, 20.113948346306316], [83.40417987435943, 19.92092791753357], [83.45406452524439, 19.73687265564491], [83.37306688223366, 19.597215891125746], [83.26633723139444, 19.601092165144422], [83.21628035933071, 19.4303878081334], [83.07051715849565, 19.56152091942352], [82.92265165319027, 19.440650590495483], [82.95364530658621, 19.346487119599704], [82.85030017234078, 19.20675414609353], [82.79866840644664, 19.236198083976884], [82.84774312251379, 19.324308968996696], [82.72564217012842, 19.345034215851708], [82.52928580459749, 19.584991485621384], [82.56299986340784, 19.72784326463446], [82.71139992067035, 19.839966235399324], [82.82292518160935, 20.1651787498549], [83.18952335137924, 20.17614673327776], [83.48807103530969, 20.453016223852053]]]}}, {"type": "Feature", "properties": {"id": 464, "objectid": 464, "state": "OD", "stcode": "21", "district": "Kandhamal", "dtcode": "359", "shape_length": 640098.6983529544, "shape_area": 7745355294.573137, "ds_name": " Administrative Boundary", "src_agency": "Survey of India (SOI)", "state_name": "Odisha", "id_final": "d496"}, "geometry": {"type": "Polygon", "coordinates": [[[84.34306586399074, 20.670237198776096], [84.58735482604108, 20.173608696341557], [84.50917081149645, 20.136472721548497], [84.43519664413259, 20.20054479367517], [84.41810073609936, 20.049411218436976], [84.3224038046525, 19.99045511054087], [84.46367065689151, 19.953303040368255], [84.44951122327173, 19.83459146072441], [84.30641084672534, 19.908446718135984], [84.18497296849057, 19.86032532738256], [84.1303675569366, 19.78031982910435], [84.23404622960804, 19.573064201690034], [83.81501030991885, 19.72075305841159], [83.64592778507703, 19.659106508892194], [83.49523850801863, 19.96034936700574], [83.5845571214874, 20.113948346306316], [83.78981302854838, 20.178633081646854], [83.65838147779158, 20.414005941202976], [83.78020874708058, 20.40709991199311], [83.92149516835595, 20.610365812010546], [84.22532550024926, 20.581750751323927], [84.34306586399074, 20.670237198776096]]]}}, {"type": "Feature", "properties": {"id": 465, "objectid": 465, "state": "OD", "stcode": "21", "district": "Kendrapara", "dtcode": "360", "shape_length": 372917.9373925862, "shape_area": 2460490861.136232, "ds_name": " Administrative Boundary", "src_agency": "Survey of India (SOI)", "state_name": "Odisha", "id_final": "d497"}, "geometry": {"type": "MultiPolygon", "coordinates": [[[[86.66826540194837, 20.786307093869155], [87.07133431133171, 20.722867213455945], [86.78973991091684, 20.54011696665204], [86.73328129053695, 20.407676993794784], [86.81732500680499, 20.396456834291282], [86.73450189539514, 20.30528308343496], [86.24816460070618, 20.364871553460425], [86.31964859814602, 20.63031864578617], [86.37690446947806, 20.59402128777867], [86.66826540194837, 20.786307093869155]]], [[[86.80537168119493, 20.48640801614123], [86.78508140094404, 20.46171767300986], [86.80403241825974, 20.488833350912504], [86.80000911181138, 20.5164037665295], [86.80537168119493, 20.48640801614123]]], [[[86.98831912826431, 20.77935599066742], [86.98177128488464, 20.783668293595163], [86.98910657459396, 20.780821765817702], [86.98831912826431, 20.77935599066742]]]]}}, {"type": "Feature", "properties": {"id": 466, "objectid": 466, "state": "OD", "stcode": "21", "district": "Kendujhar", "dtcode": "361", "shape_length": 668140.1148453814, "shape_area": 8007564183.991176, "ds_name": " Administrative Boundary", "src_agency": "Survey of India (SOI)", "state_name": "Odisha", "id_final": "d498"}, "geometry": {"type": "MultiPolygon", "coordinates": [[[[85.40187208667103, 22.16211406235343], [85.656178779145, 22.093317244726144], [85.79586984441936, 21.95075384545058], [85.81185049282414, 21.810474336642617], [86.08447376903878, 21.691286237409983], [86.00863339204406, 21.533503106146767], [86.16472896030446, 21.42338216040769], [86.11615986757354, 21.272747687387437], [86.26935894470859, 21.379370553473183], [86.36092636785655, 21.311857480047156], [86.27419132588744, 21.146106004791847], [86.30831008357605, 21.01716138034781], [86.13359013030926, 21.07632733723491], [86.04946946434936, 21.021687368056714], [86.08473825844099, 21.169037434053678], [85.887049168929, 21.086080063336237], [85.6830240309966, 21.186399189772178], [85.47150618146216, 21.120173471805852], [85.2704131727653, 21.2741801665943], [85.34255530681563, 21.36603283133561], [85.25504349964855, 21.4511513776357], [85.33065259868557, 21.508621296787034], [85.18443515056245, 21.708917009299174], [85.2265010557421, 21.820086942797747], [85.36426533577941, 21.85961668149609], [85.3780170539021, 21.93557262351545], [85.23348244354503, 21.99577434911144], [85.40187208667103, 22.16211406235343]]], [[[86.05162733246878, 21.716886912355523], [86.05170106306689, 21.716451753068142], [86.05123417482393, 21.716863888603037], [86.05162733246878, 21.716886912355523]]]]}}, {"type": "Feature", "properties": {"id": 467, "objectid": 467, "state": "OD", "stcode": "21", "district": "Khordha", "dtcode": "362", "shape_length": 636981.8125049319, "shape_area": 2791010119.831572, "ds_name": " Administrative Boundary", "src_agency": "Survey of India (SOI)", "state_name": "Odisha", "id_final": "d499"}, "geometry": {"type": "Polygon", "coordinates": [[[85.80133422824373, 20.435616408082225], [86.08118178991458, 20.103644604923392], [85.88220293876527, 20.111238076411492], [85.90362378061654, 20.15179484130951], [85.85205159022682, 20.20343294036592], [85.69055204439566, 20.15827082884711], [85.61367264073502, 19.992693313477854], [85.505891938517, 19.952711379941814], [85.56405101160706, 19.852821325615075], [85.43824819396563, 19.882919262978987], [85.19594101878879, 19.674104883187], [84.93505408241205, 19.875223649324745], [85.41799515160261, 19.924126549174492], [85.41418648317651, 20.129264424786502], [85.35591780920643, 20.18982327600976], [85.23142325388848, 20.11917164729306], [85.21831044669334, 20.219572703457676], [85.6234776239404, 20.29248382649887], [85.80133422824373, 20.435616408082225]]]}}, {"type": "Feature", "properties": {"id": 468, "objectid": 468, "state": "OD", "stcode": "21", "district": "Koraput", "dtcode": "363", "shape_length": 789205.3907531705, "shape_area": 8105182988.623239, "ds_name": " Administrative Boundary", "src_agency": "Survey of India (SOI)", "state_name": "Odisha", "id_final": "d500"}, "geometry": {"type": "Polygon", "coordinates": [[[82.86678094193827, 19.205629401781565], [83.06520548691387, 19.043924996358694], [83.13583224282205, 19.136201143388192], [83.2572224870779, 19.163716218051203], [83.17895946613186, 19.098144919225724], [83.18508307918223, 18.96074066018638], [83.29852013326868, 19.122726190935666], [83.36259470294105, 19.047464091873735], [83.32540371072132, 18.933114811898285], [83.41284931966582, 18.874422164061155], [83.21058144433663, 18.731476386845635], [83.13614631591619, 18.785691822258784], [83.01154474630118, 18.64725806849738], [83.09317936533216, 18.547551629086446], [83.01910838149738, 18.45713177367288], [83.05359100426368, 18.38128161061555], [82.80171589083301, 18.450002980374325], [82.63606437749783, 18.237320648138606], [82.53213126538142, 18.51094545872832], [82.38772882121881, 18.499692780895444], [82.39693596767358, 18.621504531481126], [82.2667537555143, 18.58960314677701], [82.0889717482237, 18.761471823610336], [82.24599630995723, 18.919032186001076], [82.22981234171104, 19.14393269722138], [82.57273741296781, 19.2112683214849], [82.82278635937395, 19.147682212442927], [82.86678094193827, 19.205629401781565]]]}}, {"type": "Feature", "properties": {"id": 469, "objectid": 469, "state": "OD", "stcode": "21", "district": "Malkangiri", "dtcode": "364", "shape_length": 493766.7961376883, "shape_area": 5585160793.307556, "ds_name": " Administrative Boundary", "src_agency": "Survey of India (SOI)", "state_name": "Odisha", "id_final": "d501"}, "geometry": {"type": "Polygon", "coordinates": [[[82.10192339964664, 18.731970227323572], [82.29132784938668, 18.578584802655833], [82.40854248094682, 18.602136493362035], [82.33648919139878, 18.32855823466789], [82.39063755882135, 18.298718064612427], [82.30921230383021, 18.20477056760767], [82.34213958663386, 18.058709590656477], [82.24928705117999, 17.99311044592597], [82.03090782516465, 18.070027785326076], [81.6171600750431, 17.823080899972684], [81.39161816395477, 17.81561302298345], [81.52546605075055, 18.258077155151735], [81.75027651984958, 18.35357238083191], [81.95051693021652, 18.56999183497298], [81.89376381698784, 18.657435718749795], [82.10192339964664, 18.731970227323572]]]}}, {"type": "Feature", "properties": {"id": 470, "objectid": 470, "state": "OD", "stcode": "21", "district": "Mayurbhanj", "dtcode": "365", "shape_length": 772430.9709979179, "shape_area": 10011093038.6741, "ds_name": " Administrative Boundary", "src_agency": "Survey of India (SOI)", "state_name": "Odisha", "id_final": "d502"}, "geometry": {"type": "MultiPolygon", "coordinates": [[[[86.04547027279929, 22.567438468454917], [86.43278742584437, 22.30641491410466], [86.49696372880584, 22.34710227315159], [86.7253422923293, 22.218688801956365], [86.72185608313534, 22.14667075185204], [86.96503822266101, 22.085791397995095], [87.02736325594077, 21.875849720459357], [87.09927604003215, 21.86549526808417], [87.17817995470044, 21.813232616219313], [87.18560960662263, 21.7916556422951], [87.02551008139314, 21.742818988279794], [86.9572905560611, 21.573645133850217], [86.87564966017982, 21.638075419631317], [86.68316048242319, 21.596728944991483], [86.40462464829984, 21.320463156749565], [86.26935894470859, 21.379370553473183], [86.1164079378355, 21.27254403201358], [86.16472896030446, 21.42338216040769], [86.00863339204406, 21.533503106146767], [86.08447376903878, 21.691286237409983], [85.81185049282414, 21.810474336642617], [85.79542561183814, 21.95145785442844], [85.66439956383869, 22.033080709516295], [85.80981581789051, 22.115678473498306], [85.76604514616184, 21.994832993953626], [85.91362409664617, 21.972353935438317], [86.03130512007053, 22.189918145897735], [85.9571294779803, 22.46473689420169], [86.04547027279929, 22.567438468454917]], [[86.05123417482393, 21.716863888603037], [86.05170106306689, 21.716451753068142], [86.05162733246878, 21.716886912355523], [86.05123417482393, 21.716863888603037]]], [[[86.92466215304339, 21.58254071962852], [86.92023070926662, 21.580663805607227], [86.92094194685114, 21.58411555568032], [86.92466215304339, 21.58254071962852]]]]}}, {"type": "Feature", "properties": {"id": 471, "objectid": 471, "state": "OD", "stcode": "21", "district": "Nabarangpur", "dtcode": "366", "shape_length": 555841.8765496137, "shape_area": 5275520036.9872875, "ds_name": " Administrative Boundary", "src_agency": "Survey of India (SOI)", "state_name": "Odisha", "id_final": "d503"}, "geometry": {"type": "Polygon", "coordinates": [[[81.95305385231791, 20.101517529710765], [82.03261750660576, 20.015760474167116], [82.23774246730856, 20.003166204910894], [82.34404678316074, 19.835053113821473], [82.44599362429842, 19.910164260384413], [82.60343178257847, 19.866961624380963], [82.52928580459749, 19.584991485621384], [82.72564217012842, 19.345034215851708], [82.84811199964402, 19.323851152073384], [82.82278635937395, 19.147682212442927], [82.57273741296781, 19.2112683214849], [82.17088393590642, 19.11976693361594], [82.18942046429828, 19.427412402780185], [82.02902423455365, 19.50763773445178], [82.06552575507327, 19.79063682127098], [81.84502988014178, 19.951836040575124], [81.95305385231791, 20.101517529710765]]]}}, {"type": "Feature", "properties": {"id": 472, "objectid": 472, "state": "OD", "stcode": "21", "district": "Nayagarh", "dtcode": "367", "shape_length": 432271.6591005019, "shape_area": 3760846022.0794225, "ds_name": " Administrative Boundary", "src_agency": "Survey of India (SOI)", "state_name": "Odisha", "id_final": "d504"}, "geometry": {"type": "Polygon", "coordinates": [[[84.83073385274521, 20.54936509442471], [85.15843801478016, 20.378501573639852], [85.36664159265747, 20.367118556061932], [85.33833241278728, 20.246349944840702], [85.2031655190092, 20.155798379154742], [85.36155529155936, 20.187504902156004], [85.4353410562255, 19.939688267847206], [84.9398194661092, 19.897407830426772], [84.79854694418891, 20.090543266297924], [84.8314967138257, 20.21683398983982], [84.69611537545026, 20.281033606131526], [84.5852051056698, 20.186362310821785], [84.51384938081978, 20.402515566102092], [84.83073385274521, 20.54936509442471]]]}}, {"type": "Feature", "properties": {"id": 473, "objectid": 473, "state": "OD", "stcode": "21", "district": "Nuapada", "dtcode": "368", "shape_length": 420945.8062481118, "shape_area": 3718206449.17988, "ds_name": " Administrative Boundary", "src_agency": "Survey of India (SOI)", "state_name": "Odisha", "id_final": "d505"}, "geometry": {"type": "Polygon", "coordinates": [[[82.84542620409006, 20.288574526987645], [82.82046163043236, 20.11277638412752], [82.71551192311114, 19.994675613624462], [82.39930228360336, 20.05649365177897], [82.43802939738566, 20.434165218392216], [82.33214215922082, 20.562005409392192], [82.33957159373895, 20.847098745140613], [82.46541576176246, 20.827724217017405], [82.63783327519351, 21.089634893084227], [82.74303351450209, 20.629550927509133], [82.68550106229024, 20.451900124842904], [82.84542620409006, 20.288574526987645]]]}}, {"type": "Feature", "properties": {"id": 474, "objectid": 474, "state": "OD", "stcode": "21", "district": "Puri", "dtcode": "369", "shape_length": 488372.1079609719, "shape_area": 3347605163.904658, "ds_name": " Administrative Boundary", "src_agency": "Survey of India (SOI)", "state_name": "Odisha", "id_final": "d506"}, "geometry": {"type": "Polygon", "coordinates": [[[85.85403956147148, 20.201694764794468], [85.88220293876527, 20.111238076411492], [86.41029800280486, 19.972374552210653], [85.67799494135632, 19.74385357977503], [85.17255924049205, 19.467181017288986], [85.21729448607813, 19.738623450459016], [85.43824819396563, 19.882919262978987], [85.56405101160706, 19.852821325615075], [85.51697376630959, 19.974118981714984], [85.61367264073502, 19.992693313477854], [85.69055204439566, 20.15827082884711], [85.85403956147148, 20.201694764794468]]]}}, {"type": "Feature", "properties": {"id": 475, "objectid": 475, "state": "OD", "stcode": "21", "district": "Rayagada", "dtcode": "370", "shape_length": 787829.6576180543, "shape_area": 7105085471.124839, "ds_name": " Administrative Boundary", "src_agency": "Survey of India (SOI)", "state_name": "Odisha", "id_final": "d507"}, "geometry": {"type": "MultiPolygon", "coordinates": [[[[83.4122040653721, 19.004543862720542], [83.28327720203285, 19.126122688390073], [83.18508307918223, 18.96074066018638], [83.17895946613186, 19.098144919225724], [83.2572224870779, 19.163716218051203], [83.06520548691387, 19.043924996358694], [82.86988291555346, 19.19502333937564], [82.95364530658621, 19.346487119599704], [82.92139768749432, 19.439286277893885], [83.04360163487353, 19.555834550682334], [83.18218916540548, 19.421846109895796], [83.26633723139444, 19.601092165144422], [83.37306688223366, 19.597215891125746], [83.45406452524439, 19.73687265564491], [83.451133735957, 19.97372073004111], [83.55989053235916, 19.929739230168604], [83.52762290873322, 19.855904121575684], [83.61915960290898, 19.81433510716617], [83.64784079833359, 19.65780276330773], [83.81417937457165, 19.720815176691104], [83.93601265810436, 19.671277647950447], [84.03195617695678, 19.05875987967179], [83.7779531123752, 19.017225680189295], [83.77838365909673, 18.911123142905826], [83.62617060634473, 19.162437155690345], [83.53683711038722, 19.00926043185494], [83.47374211416762, 19.094932285827564], [83.46329376641138, 18.95536276830289], [83.4459879286278, 18.95752488114818], [83.43901165676141, 18.97614972684126], [83.41565277638844, 18.989957682833744], [83.41993757108692, 18.999656702155775], [83.4122040653721, 19.004543862720542]]], [[[83.41058718383317, 19.00156886470728], [83.41062965506845, 19.002246130610924], [83.41079670337986, 19.001812629750695], [83.41058718383317, 19.00156886470728]]]]}}, {"type": "Feature", "properties": {"id": 476, "objectid": 476, "state": "OD", "stcode": "21", "district": "Sambalpur", "dtcode": "371", "shape_length": 651832.2249661486, "shape_area": 6331026785.01457, "ds_name": " Administrative Boundary", "src_agency": "Survey of India (SOI)", "state_name": "Odisha", "id_final": "d508"}, "geometry": {"type": "Polygon", "coordinates": [[[84.49042302990512, 22.143092950182954], [84.52615135701085, 21.813607274844706], [84.65857853586078, 21.76308459943351], [84.5026635841151, 21.682675652448673], [84.57129933257475, 21.58050616338191], [84.49009966658787, 21.577039540875045], [84.39551020405986, 21.393496038796833], [84.54357394003371, 21.376531530328123], [84.56584938000775, 21.24897114430879], [84.69562856251751, 21.32324576870255], [84.77025227055977, 21.252622300805466], [84.67929199584258, 21.06308728416213], [84.48159188590114, 21.080822870849687], [84.23879039406279, 20.92256354139015], [83.8908752386403, 21.17644613594766], [83.88660371081089, 21.43754970074025], [83.79978580965657, 21.563314611679882], [83.96860533395837, 21.578059125223383], [83.94338970016564, 21.728704452339812], [84.00751937640348, 21.78724984413137], [84.17620515543076, 21.722745351516103], [84.28830053854358, 21.770524428006087], [84.39256736528947, 22.022864473886795], [84.2680203862514, 22.01556362673597], [84.26759293746801, 22.10767770258861], [84.49042302990512, 22.143092950182954]]]}}, {"type": "Feature", "properties": {"id": 477, "objectid": 477, "state": "OD", "stcode": "21", "district": "Sonepur", "dtcode": "372", "shape_length": 339925.914563929, "shape_area": 2278989132.843002, "ds_name": " Administrative Boundary", "src_agency": "Survey of India (SOI)", "state_name": "Odisha", "id_final": "d509"}, "geometry": {"type": "Polygon", "coordinates": [[[83.89845344231775, 21.176993665702398], [84.266546827699, 20.88151019262372], [83.78627350570174, 20.802399541744734], [83.73027323613704, 20.608626789999136], [83.59810588013272, 20.53028948956571], [83.67843491718912, 20.73918424724796], [83.56987207483282, 20.845303692818796], [83.63925765212643, 20.981123260912824], [83.4708269287828, 20.99378614709597], [83.45769958219577, 21.05981587928898], [83.76830045953226, 21.15481973511157], [83.8398418906057, 21.093545275314096], [83.89845344231775, 21.176993665702398]]]}}, {"type": "Feature", "properties": {"id": 478, "objectid": 478, "state": "OD", "stcode": "21", "district": "Sundargarh", "dtcode": "373", "shape_length": 810573.2088001916, "shape_area": 9377856581.202906, "ds_name": " Administrative Boundary", "src_agency": "Survey of India (SOI)", "state_name": "Odisha", "id_final": "d510"}, "geometry": {"type": "Polygon", "coordinates": [[[84.00768166557043, 22.526123484478024], [84.29137466459004, 22.34282581819944], [85.0757945842328, 22.480164270372164], [85.1169957897958, 22.294381981014002], [84.98439263968137, 22.085913949885473], [85.18018410466368, 22.073310817723698], [85.3780170539021, 21.93557262351545], [85.36426533577941, 21.85961668149609], [85.2265010557421, 21.820086942797747], [85.14508169583912, 21.59540299655569], [85.04870307081121, 21.59086465705976], [84.99801607226077, 21.681800938375552], [84.75762472605605, 21.62433608712427], [84.52615135701085, 21.813607274844706], [84.47655817647258, 22.189881072433586], [84.27781204973921, 22.12314080919797], [84.231964051853, 21.973834561847497], [83.89785582619689, 21.945106778987704], [83.71937302172893, 21.78584998619448], [83.58200986352854, 21.828601777545163], [83.56406439876521, 22.1051737849508], [83.64967540033322, 22.22323167523918], [84.01047000730213, 22.371605720743243], [84.00768166557043, 22.526123484478024]]]}}, {"type": "Feature", "properties": {"id": 479, "objectid": 479, "state": "PB", "stcode": "03", "district": "Amritsar", "dtcode": "027", "shape_length": 374488.5252156428, "shape_area": 2620704386.854923, "ds_name": " Administrative Boundary", "src_agency": "Survey of India (SOI)", "state_name": "Punjab", "id_final": "d511"}, "geometry": {"type": "Polygon", "coordinates": [[[74.88987213987801, 32.05519696592053], [74.97375395126215, 31.97465601434152], [74.88940726865226, 31.931549207537984], [74.91651693360349, 31.879267482223955], [75.39600453229149, 31.58057651118212], [75.29048344238365, 31.491231448076814], [74.79374018361491, 31.571053815220704], [74.64925040900584, 31.54040376787182], [74.61397861229142, 31.49934769079815], [74.57788913584015, 31.498558756959735], [74.61551187720134, 31.569005644699704], [74.48808462214494, 31.720037007655485], [74.60786214784183, 31.89038596255231], [74.88987213987801, 32.05519696592053]]]}}, {"type": "Feature", "properties": {"id": 480, "objectid": 480, "state": "PB", "stcode": "03", "district": "Bathinda", "dtcode": "028", "shape_length": 419007.0384510076, "shape_area": 3291868958.3580265, "ds_name": " Administrative Boundary", "src_agency": "Survey of India (SOI)", "state_name": "Punjab", "id_final": "d512"}, "geometry": {"type": "Polygon", "coordinates": [[[75.15435405795644, 30.576675781254195], [75.28281345564274, 30.50811504869555], [75.37704752568462, 30.22830031039912], [75.3285596897089, 30.063434327694367], [75.24916055150277, 30.036875176944683], [75.28106350104869, 29.97935946136496], [75.18274130162524, 29.97024277073105], [75.21818379995531, 29.864523203745307], [75.15096650430601, 29.775572368127953], [75.09420399900408, 29.915102831185784], [74.99805948840465, 29.86612191955769], [74.88797928395982, 29.967169162903986], [74.70666783643847, 29.970615659913395], [74.62909841164276, 30.12962489619221], [74.7348764473632, 30.1751404255802], [74.7852103005824, 30.33664274286133], [74.69999503041808, 30.356679944462634], [75.04317768472117, 30.379134782319003], [75.02053039455178, 30.49105826507042], [75.15435405795644, 30.576675781254195]]]}}, {"type": "Feature", "properties": {"id": 481, "objectid": 481, "state": "PB", "stcode": "03", "district": "Faridkot", "dtcode": "029", "shape_length": 218865.68668982145, "shape_area": 1438682980.8369806, "ds_name": " Administrative Boundary", "src_agency": "Survey of India (SOI)", "state_name": "Punjab", "id_final": "d513"}, "geometry": {"type": "Polygon", "coordinates": [[[74.63228726946636, 30.829330921584077], [74.9098453723574, 30.735793931983036], [75.04415102131907, 30.3799570965859], [74.75782286893265, 30.39023763592433], [74.70908332583501, 30.558883558935356], [74.48020353813034, 30.67303093856264], [74.47250251213494, 30.751491623640682], [74.63228726946636, 30.829330921584077]]]}}, {"type": "Feature", "properties": {"id": 482, "objectid": 482, "state": "PB", "stcode": "03", "district": "Fatehgarh Sahib", "dtcode": "030", "shape_length": 243490.36344831574, "shape_area": 1125442037.1702032, "ds_name": " Administrative Boundary", "src_agency": "Survey of India (SOI)", "state_name": "Punjab", "id_final": "d514"}, "geometry": {"type": "Polygon", "coordinates": [[[76.33371412164536, 30.87002572576829], [76.63177425888902, 30.63677474034847], [76.43506820113961, 30.44315683937515], [76.25626509559893, 30.56726326635056], [76.07577436861273, 30.54658321303097], [76.17366058888236, 30.679280182352457], [76.31980874403611, 30.688126731247007], [76.26184224752252, 30.78674872417798], [76.33371412164536, 30.87002572576829]]]}}, {"type": "Feature", "properties": {"id": 483, "objectid": 483, "state": "PB", "stcode": "03", "district": "Ferozepur", "dtcode": "031", "shape_length": 302260.6429231562, "shape_area": 1959696892.3285608, "ds_name": " Administrative Boundary", "src_agency": "Survey of India (SOI)", "state_name": "Punjab", "id_final": "d515"}, "geometry": {"type": "Polygon", "coordinates": [[[74.92814737479851, 31.158770147316886], [75.15013437805659, 31.094936872805636], [75.0517239836392, 31.062534230664024], [75.10296922720717, 30.97209804611428], [74.95233529071149, 30.89162986886092], [74.90863470864716, 30.736637836377113], [74.74069252653855, 30.82621113330988], [74.47912163828596, 30.755714882224076], [74.30147171315527, 30.80383752203538], [74.56823380913751, 31.054688966453583], [74.92814737479851, 31.158770147316886]]]}}, {"type": "Feature", "properties": {"id": 484, "objectid": 484, "state": "PB", "stcode": "03", "district": "Gurdaspur", "dtcode": "032", "shape_length": 326550.14954523236, "shape_area": 2553272152.9983788, "ds_name": " Administrative Boundary", "src_agency": "Survey of India (SOI)", "state_name": "Punjab", "id_final": "d516"}, "geometry": {"type": "Polygon", "coordinates": [[[75.33450295821358, 32.20885220740566], [75.60085915595357, 32.09310822073417], [75.5338188676453, 32.0312239079751], [75.56753723095376, 31.801016032273434], [75.40426192504934, 31.593609776062966], [74.88841874284671, 31.927377551904627], [74.9720420753319, 31.961090997664197], [74.92439349683823, 32.06609366251], [75.17424345689615, 32.06746861495957], [75.33450295821358, 32.20885220740566]]]}}, {"type": "Feature", "properties": {"id": 485, "objectid": 485, "state": "PB", "stcode": "03", "district": "Hoshiarpur", "dtcode": "033", "shape_length": 431263.44163156184, "shape_area": 3311000173.3248854, "ds_name": " Administrative Boundary", "src_agency": "Survey of India (SOI)", "state_name": "Punjab", "id_final": "d517"}, "geometry": {"type": "Polygon", "coordinates": [[[75.59585033271384, 32.06901857491005], [75.91038580571616, 31.950178965697297], [76.14933847738519, 31.353325538353975], [76.34789809842717, 31.235885576494063], [76.2363396450042, 31.244199611258214], [76.20998794278965, 31.13715290791095], [76.13720345464486, 31.14688445397505], [75.85555324648796, 31.289094393824236], [75.90575287585807, 31.345005656983044], [75.78602001580775, 31.3688119375636], [75.8155655390935, 31.431035356917242], [75.66860703959235, 31.608225084155624], [75.47434981640819, 31.65024666350012], [75.59585033271384, 32.06901857491005]]]}}, {"type": "Feature", "properties": {"id": 486, "objectid": 486, "state": "PB", "stcode": "03", "district": "Jalandhar", "dtcode": "034", "shape_length": 457066.5323561471, "shape_area": 2580254706.2614584, "ds_name": " Administrative Boundary", "src_agency": "Survey of India (SOI)", "state_name": "Punjab", "id_final": "d518"}, "geometry": {"type": "MultiPolygon", "coordinates": [[[[75.64051234296304, 31.617998155450586], [75.82044064919062, 31.40462900669673], [75.70022945039555, 31.344192798118883], [75.68675328075184, 31.196321247414186], [75.88581769424468, 31.16612121902998], [75.95254129780949, 31.01033619187533], [75.48206442154546, 30.967928215018677], [75.20401191099583, 31.02017969002762], [75.20681394817892, 31.054173778758923], [75.17404468971826, 31.060049705760886], [75.18340978582381, 31.077742905008634], [75.07704597694755, 31.13430985499014], [75.4608666766853, 31.235604717543783], [75.44132291545897, 31.49477874530261], [75.51295847401124, 31.459406048687384], [75.64051234296304, 31.617998155450586]]], [[[75.19630538006284, 31.043981849039987], [75.19010149447834, 31.04675263964944], [75.19371982682674, 31.048775907379746], [75.19630538006284, 31.043981849039987]]]]}}, {"type": "Feature", "properties": {"id": 487, "objectid": 487, "state": "PB", "stcode": "03", "district": "Kapurthala", "dtcode": "035", "shape_length": 434652.35507903766, "shape_area": 1594792027.5964017, "ds_name": " Administrative Boundary", "src_agency": "Survey of India (SOI)", "state_name": "Punjab", "id_final": "d519"}, "geometry": {"type": "MultiPolygon", "coordinates": [[[[75.4975741612057, 31.642458898098965], [75.60225924455263, 31.563311976717564], [75.51295847401124, 31.459406048687384], [75.44132291545897, 31.49477874530261], [75.4608666766853, 31.235604717543783], [75.26988207226614, 31.148159998323955], [74.96016383223575, 31.14731221386288], [75.19166966352213, 31.433180547720582], [75.4975741612057, 31.642458898098965]]], [[[75.68295827800523, 31.315204418863495], [75.90575287585807, 31.345005656983044], [75.85291754403747, 31.295302652441173], [75.9101822138149, 31.26073082524624], [75.70507957638365, 31.16587848648273], [75.68295827800523, 31.315204418863495]]]]}}, {"type": "Feature", "properties": {"id": 488, "objectid": 488, "state": "PB", "stcode": "03", "district": "Ludhiana", "dtcode": "036", "shape_length": 396568.586089706, "shape_area": 3600319199.3949375, "ds_name": " Administrative Boundary", "src_agency": "Survey of India (SOI)", "state_name": "Punjab", "id_final": "d520"}, "geometry": {"type": "Polygon", "coordinates": [[[75.35677823291658, 30.99331560808598], [76.2879180963152, 31.009141399479507], [76.31980874403611, 30.688126731247007], [76.17366058888236, 30.679280182352457], [76.09798353488851, 30.560496745894007], [76.02784150696162, 30.615362941411302], [75.93537652405745, 30.56822627551043], [75.83381773715023, 30.69227954392066], [75.57888800096507, 30.569684116808713], [75.39716849215698, 30.594207354451918], [75.35677823291658, 30.99331560808598]]]}}, {"type": "Feature", "properties": {"id": 489, "objectid": 489, "state": "PB", "stcode": "03", "district": "Mansa", "dtcode": "037", "shape_length": 341775.84573303367, "shape_area": 2105404888.0499518, "ds_name": " Administrative Boundary", "src_agency": "Survey of India (SOI)", "state_name": "Punjab", "id_final": "d521"}, "geometry": {"type": "Polygon", "coordinates": [[[75.38956059715903, 30.209405860159993], [75.65451057972163, 30.115209882145184], [75.64105305340135, 29.936985232637944], [75.76422715748298, 29.91912716184857], [75.77326618070579, 29.83489430192393], [75.5800521741478, 29.739473543494714], [75.45664707587305, 29.80664645341441], [75.23540443097828, 29.542223509402206], [75.17163267497891, 29.928464154741242], [75.28106350104869, 29.97935946136496], [75.24916055150277, 30.036875176944683], [75.38956059715903, 30.209405860159993]]]}}, {"type": "Feature", "properties": {"id": 490, "objectid": 490, "state": "PB", "stcode": "03", "district": "Moga", "dtcode": "038", "shape_length": 295065.56785598124, "shape_area": 2178531055.880183, "ds_name": " Administrative Boundary", "src_agency": "Survey of India (SOI)", "state_name": "Punjab", "id_final": "d522"}, "geometry": {"type": "Polygon", "coordinates": [[[75.16338443541389, 31.086940831577046], [75.35839728050956, 30.99964048415061], [75.41955178322767, 30.548772628191347], [75.20171802464527, 30.507004597793653], [75.1457391558849, 30.582386219868184], [74.99907452099355, 30.486785835308464], [74.90711855890802, 30.758228681687648], [74.95233529071149, 30.89162986886092], [75.10296922720717, 30.97209804611428], [75.0517239836392, 31.062534230664024], [75.16338443541389, 31.086940831577046]], [[75.19592539088293, 31.046586329465754], [75.19244491032978, 31.043456527738464], [75.19533214529854, 31.034970137914243], [75.19592539088293, 31.046586329465754]]]}}, {"type": "Feature", "properties": {"id": 491, "objectid": 491, "state": "PB", "stcode": "03", "district": "Sri Muktsar Sahib", "dtcode": "039", "shape_length": 353851.0839200666, "shape_area": 2571034363.1380444, "ds_name": " Administrative Boundary", "src_agency": "Survey of India (SOI)", "state_name": "Punjab", "id_final": "d523"}, "geometry": {"type": "Polygon", "coordinates": [[[74.54221636136673, 30.66516676773023], [74.82180969939839, 30.392857021457203], [74.69908157471475, 30.35454001818947], [74.7852103005824, 30.33664274286133], [74.7348764473632, 30.1751404255802], [74.62909841164276, 30.12962489619221], [74.71724792194969, 30.01344084912902], [74.6468388308674, 29.904388945540042], [74.44810460732754, 29.94709807392379], [74.3581803017747, 30.240701683488314], [74.26312710049254, 30.249906347850253], [74.35823318757654, 30.398516344444328], [74.2440510780629, 30.427498231849206], [74.54221636136673, 30.66516676773023]]]}}, {"type": "Feature", "properties": {"id": 492, "objectid": 492, "state": "PB", "stcode": "03", "district": "Shahid Bhagat Singh Nagar", "dtcode": "040", "shape_length": 264327.43847899395, "shape_area": 1234937264.0516744, "ds_name": " Administrative Boundary", "src_agency": "Survey of India (SOI)", "state_name": "Punjab", "id_final": "d524"}, "geometry": {"type": "Polygon", "coordinates": [[[75.85175759763244, 31.283338596748862], [76.0252986452118, 31.2592412103817], [76.17010171928072, 31.134526508760068], [76.2363396450042, 31.244199611258214], [76.33466897373593, 31.224824716280743], [76.51858826292991, 30.995348228744056], [75.97103875102, 31.0040642980964], [75.89810732005712, 31.155347238841923], [75.78809428125533, 31.198398521917223], [75.85175759763244, 31.283338596748862]]]}}, {"type": "Feature", "properties": {"id": 493, "objectid": 493, "state": "PB", "stcode": "03", "district": "Patiala", "dtcode": "041", "shape_length": 625235.4070140574, "shape_area": 3195898387.130927, "ds_name": " Administrative Boundary", "src_agency": "Survey of India (SOI)", "state_name": "Punjab", "id_final": "d525"}, "geometry": {"type": "MultiPolygon", "coordinates": [[[[76.64962902914792, 30.627016928038], [76.72624980289743, 30.5374879366011], [76.7782333511175, 30.608829290917154], [76.79599282770765, 30.503465864097393], [76.74873245842994, 30.352181315176285], [76.5566130240526, 30.26237216975921], [76.64217521619257, 30.149656712710446], [76.51186090032306, 30.07202964304813], [76.42272312146838, 30.192292899844805], [76.32185042658281, 30.095131056403947], [76.20764151787286, 30.156601523536878], [76.25346742491597, 30.088972014693507], [76.17196972370122, 29.926450423947042], [76.24444795605055, 29.855066148418576], [76.11965506822449, 29.792333927739275], [76.1226823093202, 29.857402986681482], [75.98299884675501, 29.906838946275755], [76.1046945568642, 30.10361728867279], [76.06247714045824, 30.211042933208645], [76.20396839751834, 30.283697141503843], [75.98657641965859, 30.34058144006415], [76.0858825686907, 30.537194706119063], [76.25626509559893, 30.56726326635056], [76.43506820113961, 30.44315683937515], [76.64962902914792, 30.627016928038]]], [[[75.96699186403048, 29.913403996709654], [75.9684560492938, 29.890366234812006], [75.93040813602687, 29.908135864361334], [75.96699186403048, 29.913403996709654]]]]}}, {"type": "Feature", "properties": {"id": 494, "objectid": 494, "state": "PB", "stcode": "03", "district": "Rupnagar", "dtcode": "042", "shape_length": 330655.98564590485, "shape_area": 1341985618.59195, "ds_name": " Administrative Boundary", "src_agency": "Survey of India (SOI)", "state_name": "Punjab", "id_final": "d526"}, "geometry": {"type": "Polygon", "coordinates": [[[76.39702471492483, 31.405174169573016], [76.43968961466855, 31.279090204941838], [76.64178497235582, 31.22273191065876], [76.6248590568159, 30.998780390606544], [76.73718799205257, 30.94952642495135], [76.49523918676334, 30.7462143646806], [76.31932024609252, 30.877055938922453], [76.30593619537915, 30.99226939329394], [76.51858826292991, 30.995348228744056], [76.28747531868751, 31.297433799360025], [76.39702471492483, 31.405174169573016]]]}}, {"type": "Feature", "properties": {"id": 495, "objectid": 495, "state": "PB", "stcode": "03", "district": "Sangrur", "dtcode": "043", "shape_length": 511354.1145468287, "shape_area": 3507412322.389426, "ds_name": " Administrative Boundary", "src_agency": "Survey of India (SOI)", "state_name": "Punjab", "id_final": "d527"}, "geometry": {"type": "Polygon", "coordinates": [[[75.83406473971051, 30.691800380781945], [75.93537652405745, 30.56822627551043], [76.02784150696162, 30.615362941411302], [76.08447026910537, 30.56200438124102], [75.98794625462212, 30.33788167958625], [76.20396839751834, 30.283697141503843], [76.04930896444185, 30.18674498962938], [76.1046945568642, 30.10361728867279], [75.9832488245991, 29.904799120873665], [76.1226823093202, 29.857402986681482], [75.98439844381, 29.72715456375604], [75.73780605586016, 29.81406151323054], [75.76626689986999, 29.91735732012511], [75.64105305340135, 29.936985232637944], [75.68771664528973, 30.023447915244603], [75.5555016728776, 30.177329132122033], [75.72997011368385, 30.27289646401209], [75.65548965234103, 30.310103004371822], [75.6522190853949, 30.54309222468895], [75.83406473971051, 30.691800380781945]], [[75.9684560492938, 29.890366234812006], [75.96699186403048, 29.913403996709654], [75.93040813602687, 29.908135864361334], [75.9684560492938, 29.890366234812006]]]}}, {"type": "Feature", "properties": {"id": 496, "objectid": 496, "state": "PB", "stcode": "03", "district": "Barnala", "dtcode": "605", "shape_length": 244303.67828931168, "shape_area": 1387156284.2033877, "ds_name": " Administrative Boundary", "src_agency": "Survey of India (SOI)", "state_name": "Punjab", "id_final": "d528"}, "geometry": {"type": "Polygon", "coordinates": [[[75.47392339894706, 30.602994598789994], [75.68501463779907, 30.590518727565996], [75.64997973355226, 30.33105231374255], [75.73111995205215, 30.275156272203528], [75.58370083883085, 30.228251746866814], [75.54847426635666, 30.137737608572827], [75.35989590247759, 30.20569818311699], [75.25363197684905, 30.46378627113969], [75.47392339894706, 30.602994598789994]]]}}, {"type": "Feature", "properties": {"id": 497, "objectid": 497, "state": "PB", "stcode": "03", "district": "S.A.S Nagar", "dtcode": "608", "shape_length": 318086.06013926206, "shape_area": 1078758863.231079, "ds_name": " Administrative Boundary", "src_agency": "Survey of India (SOI)", "state_name": "Punjab", "id_final": "d529"}, "geometry": {"type": "Polygon", "coordinates": [[[76.74239907861369, 30.934207771623143], [76.85700213358132, 30.794799836534594], [76.70516329940772, 30.742974478868092], [76.92597767030925, 30.610121090267086], [76.89751395793174, 30.359351902625114], [76.74827851855699, 30.42889960771158], [76.7782333511175, 30.608829290917154], [76.71122120160383, 30.54022821424534], [76.52164488589176, 30.732893694844297], [76.56645787218808, 30.867202851046326], [76.74239907861369, 30.934207771623143]]]}}, {"type": "Feature", "properties": {"id": 498, "objectid": 498, "state": "PB", "stcode": "03", "district": "Tarn Taran", "dtcode": "609", "shape_length": 312867.4424570691, "shape_area": 2362464051.845207, "ds_name": " Administrative Boundary", "src_agency": "Survey of India (SOI)", "state_name": "Punjab", "id_final": "d530"}, "geometry": {"type": "Polygon", "coordinates": [[[74.79846091485373, 31.563499740573395], [75.29048344238365, 31.491231448076814], [75.0468731065032, 31.190079694239977], [74.55349137204999, 31.085189437316583], [74.52633454407976, 31.31197275640483], [74.65448806245801, 31.42584053741345], [74.6108935212427, 31.499049296251393], [74.79846091485373, 31.563499740573395]]]}}, {"type": "Feature", "properties": {"id": 499, "objectid": 499, "state": "PB", "stcode": "03", "district": "Fazilka", "dtcode": "651", "shape_length": 416599.44965366053, "shape_area": 3153639393.346791, "ds_name": " Administrative Boundary", "src_agency": "Survey of India (SOI)", "state_name": "Punjab", "id_final": "d531"}, "geometry": {"type": "Polygon", "coordinates": [[[74.31784423614944, 30.797704474046427], [74.47791240598505, 30.764592684113065], [74.50454446460871, 30.668872220106806], [74.2440510780629, 30.427498231849206], [74.35763222347926, 30.402759378182644], [74.2635435136266, 30.24731169689414], [74.3581803017747, 30.240701683488314], [74.44810460732754, 29.94709807392379], [73.89470853542946, 29.97388867784083], [73.97512159340666, 30.120094715392355], [73.87977595891277, 30.359722015671128], [73.97381408689789, 30.44388942294009], [73.92625874024591, 30.438930279112586], [73.93452859590572, 30.490234536216345], [74.07228966729366, 30.522916573113328], [74.31784423614944, 30.797704474046427]]]}}, {"type": "Feature", "properties": {"id": 500, "objectid": 500, "state": "PB", "stcode": "03", "district": "Pathankot", "dtcode": "662", "shape_length": 245231.4166272999, "shape_area": 934390976.8231102, "ds_name": " Administrative Boundary", "src_agency": "Survey of India (SOI)", "state_name": "Punjab", "id_final": "d532"}, "geometry": {"type": "Polygon", "coordinates": [[[75.83874665838358, 32.51269490196663], [75.93475850746002, 32.39338268774827], [75.6178195643569, 32.23660858256525], [75.67307952925246, 32.15876991795675], [75.61350504509213, 32.09383551565194], [75.32701824571191, 32.21393850325029], [75.34143042720417, 32.34610028465997], [75.53344781542161, 32.27765976724079], [75.83874665838358, 32.51269490196663]]]}}, {"type": "Feature", "properties": {"id": 501, "objectid": 501, "state": "PY", "stcode": "34", "district": "Karaikal", "dtcode": "598", "shape_length": 118432.96099095525, "shape_area": 163401673.65190893, "ds_name": " Administrative Boundary", "src_agency": "Survey of India (SOI)", "state_name": "Puducherry", "id_final": "d533"}, "geometry": {"type": "Polygon", "coordinates": [[[79.7567648358305, 11.00259446667171], [79.85141440313598, 10.993883271498257], [79.85249526341362, 10.827239801319692], [79.72457817180913, 10.92967677935756], [79.7567648358305, 11.00259446667171]]]}}, {"type": "Feature", "properties": {"id": 502, "objectid": 502, "state": "PY", "stcode": "34", "district": "Mahe", "dtcode": "599", "shape_length": 24288.025899453623, "shape_area": 10307352.796449514, "ds_name": " Administrative Boundary", "src_agency": "Survey of India (SOI)", "state_name": "Puducherry", "id_final": "d534"}, "geometry": {"type": "MultiPolygon", "coordinates": [[[[75.53481074198695, 11.759628787661585], [75.55831455509514, 11.722446204871268], [75.52991980666398, 11.709003365304698], [75.53481074198695, 11.759628787661585]]], [[[75.53865964752544, 11.708579252625368], [75.5365769283701, 11.693062687383826], [75.52886264636197, 11.702275025717817], [75.53865964752544, 11.708579252625368]]]]}}, {"type": "Feature", "properties": {"id": 505, "objectid": 505, "state": "RJ", "stcode": "08", "district": "Ajmer", "dtcode": "086", "shape_length": 814021.6283556425, "shape_area": 8164973268.059025, "ds_name": " Administrative Boundary", "src_agency": "Survey of India (SOI)", "state_name": "Rajasthan", "id_final": "d535"}, "geometry": {"type": "MultiPolygon", "coordinates": [[[[74.86879964174359, 26.974666741842533], [74.9810487762566, 26.943522400792506], [74.91344391755106, 26.835852774869725], [75.00775306821356, 26.75297882732956], [74.94194542399414, 26.724245528573935], [75.16919655574321, 26.46043687135154], [75.11118330727601, 26.28854306021224], [75.18086894967811, 26.117051988619572], [75.3362784338559, 26.131869959317928], [75.35055493845881, 26.011642499485383], [75.24275434034982, 25.901141624293448], [75.34986516972549, 25.83139413381813], [75.25104425452712, 25.685442896953113], [75.08446833315669, 25.704522006889654], [75.01668115230379, 25.85949088987452], [74.52747532194905, 25.903090648244614], [74.34883816854057, 26.024498708771084], [74.29935623388525, 25.915065600224626], [74.2279844676758, 25.93506763577658], [74.2640369549192, 25.871323330402443], [74.11351561305392, 25.86609689580996], [74.16211761449901, 26.068315887144525], [74.24409728488205, 26.05413882584258], [74.39742232404076, 26.265065974266488], [74.2519568955051, 26.285426529934327], [74.29231129538832, 26.450983925385284], [74.48185962147336, 26.498816804804896], [74.58866298126418, 26.62957276253426], [74.67066841560327, 26.596359350921944], [74.72134431888621, 26.70068181630438], [74.66322546137117, 26.715144729157657], [74.86879964174359, 26.974666741842533]]], [[[74.06554198303644, 25.84210159517431], [74.07861875783071, 25.845430656007387], [74.05923779746028, 25.832335845252214], [74.06554198303644, 25.84210159517431]]], [[[73.94127986753713, 25.827477731596748], [74.09231464770882, 25.769045102302982], [73.94385497751713, 25.650029229936862], [73.94127986753713, 25.827477731596748]]]]}}, {"type": "Feature", "properties": {"id": 506, "objectid": 506, "state": "RJ", "stcode": "08", "district": "Alwar", "dtcode": "087", "shape_length": 903512.6892602574, "shape_area": 8106484917.113271, "ds_name": " Administrative Boundary", "src_agency": "Survey of India (SOI)", "state_name": "Rajasthan", "id_final": "d536"}, "geometry": {"type": "MultiPolygon", "coordinates": [[[[76.85106560211477, 28.22118575933978], [76.97040108202263, 28.138460553862952], [76.8890625824718, 27.69722020683309], [76.9783834726489, 27.653870555893118], [76.95791650602806, 27.542600081914127], [77.06721782132765, 27.53735559765452], [77.05952521370385, 27.446854915293677], [76.92587028769084, 27.537688900415876], [76.8793844580243, 27.50913061189888], [77.20832803178902, 27.341439009999156], [77.04856474657052, 27.238558262619485], [77.09511200676599, 27.162164684557265], [76.92616842646336, 27.136547208893376], [76.86682163645953, 27.230261636827738], [76.828478948643, 27.075416549199584], [76.79282879820549, 27.13872818563639], [76.63567173789447, 27.092262600018742], [76.58410040125644, 27.17666955625018], [76.45461956308085, 27.07568594200435], [76.41487213591552, 27.129501225793668], [76.27666821937102, 27.06500413246989], [76.26873100103872, 27.180436171146255], [76.18373232316027, 27.117784190503798], [76.11364508228202, 27.228193138455225], [76.25012892583712, 27.441341540950564], [76.1929007264246, 27.61395536594832], [76.28637041223223, 27.800133099492413], [76.16815971799919, 27.903402905038096], [76.17977985407566, 28.05430172649538], [76.34114350295583, 28.02918690127813], [76.29224118431334, 28.179163998632642], [76.4692145821345, 28.1513601543873], [76.45466121710821, 28.04234812250129], [76.56046092387506, 27.965931103594254], [76.85106560211477, 28.22118575933978]], [[76.42290720206442, 28.114294434375463], [76.44104282606409, 28.119878051771334], [76.42927651769419, 28.138512377759742], [76.42290720206442, 28.114294434375463]]], [[[77.19283017342383, 27.28478509754911], [77.17400013484541, 27.288620935382163], [77.19298145555881, 27.300980643187042], [77.19283017342383, 27.28478509754911]]]]}}, {"type": "Feature", "properties": {"id": 507, "objectid": 507, "state": "RJ", "stcode": "08", "district": "Banswara", "dtcode": "088", "shape_length": 430679.59446396376, "shape_area": 4307163574.223301, "ds_name": " Administrative Boundary", "src_agency": "Survey of India (SOI)", "state_name": "Rajasthan", "id_final": "d537"}, "geometry": {"type": "Polygon", "coordinates": [[[74.48789672667698, 23.922988639872543], [74.56066152479728, 23.804852351363568], [74.51711516494343, 23.635670943957592], [74.66281972873587, 23.676850773904015], [74.77667392413092, 23.58599342075236], [74.51457296361444, 23.31621190053667], [74.74897646108235, 23.22431091500939], [74.32440128399574, 23.061540858120374], [73.96233755379616, 23.380905996384087], [74.14976591229703, 23.787058443377905], [74.48789672667698, 23.922988639872543]]]}}, {"type": "Feature", "properties": {"id": 508, "objectid": 508, "state": "RJ", "stcode": "08", "district": "Baran", "dtcode": "089", "shape_length": 629394.0373208033, "shape_area": 6714406925.395516, "ds_name": " Administrative Boundary", "src_agency": "Survey of India (SOI)", "state_name": "Rajasthan", "id_final": "d538"}, "geometry": {"type": "Polygon", "coordinates": [[[76.49890781816497, 25.42927195354161], [76.94304975453949, 25.282173943920974], [77.20916954230879, 25.306184741013293], [77.2912339842496, 25.42274436283462], [77.37056344397755, 25.409067951514174], [77.40657672817994, 25.111713148237698], [76.85685661228081, 25.002483219334785], [76.94950210258949, 24.869340481369395], [76.8026069652681, 24.809306057231954], [77.06510140078034, 24.643844446440742], [77.00379261602365, 24.473929457051423], [76.86192532315717, 24.549520076113673], [76.8448816288572, 24.43632740618441], [76.60774614921682, 24.42395347044631], [76.44503169403238, 24.745415373269843], [76.50761287901425, 24.89596097139865], [76.40760466033987, 25.002683731500422], [76.3010184223307, 24.960312539837265], [76.22140579701427, 25.074113862574766], [76.32279724510458, 25.38169692566882], [76.49890781816497, 25.42927195354161]]]}}, {"type": "Feature", "properties": {"id": 509, "objectid": 509, "state": "RJ", "stcode": "08", "district": "Barmer", "dtcode": "090", "shape_length": 1048855.287031618, "shape_area": 27321530596.238724, "ds_name": " Administrative Boundary", "src_agency": "Survey of India (SOI)", "state_name": "Rajasthan", "id_final": "d539"}, "geometry": {"type": "Polygon", "coordinates": [[[71.32673196095287, 26.420992689966358], [71.59061482781321, 26.50192793255848], [71.63420994933087, 26.40485456406184], [71.89272267224976, 26.298205283816497], [72.13992417038378, 26.326205511722293], [72.26831373414379, 26.19742780039632], [72.4579285408364, 26.30097967233728], [72.59490887390312, 26.278711921262612], [72.69847444849863, 26.116833419026], [72.62002764800812, 25.97470172897746], [72.84910879990515, 25.839431012631497], [72.7264198641773, 25.77586033794195], [72.71969742706959, 25.609225465063364], [72.59014254871562, 25.60906592186942], [72.3207052965625, 25.38833096559278], [72.03261582623124, 25.474360392883412], [71.80158891832912, 25.054461576713013], [71.38716555866034, 24.975125733123694], [71.18747943675321, 24.65028981786885], [71.06524651387112, 24.717581337151305], [70.88867057758935, 25.148173493423258], [70.66481386097932, 25.396882652826886], [70.6600742514229, 25.702152568369385], [70.26865201431802, 25.713600202352968], [70.09976322749976, 25.938263048153836], [70.08338721929924, 26.08328898558564], [70.14131043604064, 26.155866593178143], [70.71541970611372, 26.210451865195733], [70.9577513882368, 26.017880580409788], [70.93984667436406, 26.07976244522291], [71.04985456989563, 26.139430857446374], [70.94910541706703, 26.24457294583577], [71.14052907861102, 26.30804268126587], [71.23785744359117, 26.455954954072286], [71.32673196095287, 26.420992689966358]]]}}, {"type": "Feature", "properties": {"id": 510, "objectid": 510, "state": "RJ", "stcode": "08", "district": "Bharatpur", "dtcode": "091", "shape_length": 729941.0185820516, "shape_area": 4892580479.1122, "ds_name": " Administrative Boundary", "src_agency": "Survey of India (SOI)", "state_name": "Rajasthan", "id_final": "d540"}, "geometry": {"type": "Polygon", "coordinates": [[[77.05379088010179, 27.81780882646358], [77.31037115832615, 27.78821124846156], [77.33998607342623, 27.526634038728997], [77.4399701973159, 27.39034391613602], [77.6227040534106, 27.336198537288144], [77.68112508787225, 27.19441581175798], [77.5193393886676, 27.06663099584465], [77.76293402173249, 27.006854133195567], [77.42727638697869, 26.864097093499208], [77.47030361178584, 26.76474937582705], [77.38357060467686, 26.70607183522888], [77.35096588740886, 26.805099906045793], [77.20539190521656, 26.77966199046755], [77.07415749476056, 26.858981541751135], [76.97844667533664, 27.030304625137624], [76.96715261041801, 27.182335362561723], [77.09511200676599, 27.162164684557265], [77.04856474657052, 27.238558262619485], [77.21074309906354, 27.350781647415538], [76.96096590583984, 27.41872648345387], [76.8793844580243, 27.50913061189888], [77.05952521370385, 27.446854915293677], [77.05031557284713, 27.56098247046007], [76.93444808003127, 27.60363326778113], [77.00008972399804, 27.73700446384682], [77.08565332196214, 27.738124274283322], [77.05379088010179, 27.81780882646358]], [[77.19487560460092, 27.29912257824221], [77.17388657513982, 27.285447374043766], [77.18970522658311, 27.281237512922544], [77.19487560460092, 27.29912257824221]]]}}, {"type": "Feature", "properties": {"id": 511, "objectid": 511, "state": "RJ", "stcode": "08", "district": "Bhilwara", "dtcode": "092", "shape_length": 726464.477963933, "shape_area": 10092860271.44621, "ds_name": " Administrative Boundary", "src_agency": "Survey of India (SOI)", "state_name": "Rajasthan", "id_final": "d541"}, "geometry": {"type": "MultiPolygon", "coordinates": [[[[74.3974182185659, 25.955895560548502], [75.01668115230379, 25.85949088987452], [75.10774732042722, 25.697264762838365], [75.43806835765005, 25.74709961822242], [75.36195935233529, 25.481935251829675], [75.26006510546547, 25.41477470723052], [75.44472153717994, 25.264075173045715], [75.44574122435786, 25.023359686482472], [75.19250712339618, 25.033532214579377], [75.12314431698267, 25.12578748661626], [74.97340856820362, 25.10421573202119], [74.89149979258426, 25.186483944719697], [74.7957638163465, 25.152443644204755], [74.75427252291885, 25.215801857302193], [74.56417654297267, 25.131831893161895], [74.39799065646582, 25.204308113654847], [74.22609383742929, 25.049918659677676], [74.05990185418834, 25.14280108915104], [74.12385268869662, 25.24263044345944], [74.04698676843114, 25.237646340522026], [74.02217168035503, 25.31645762174667], [74.07717616193634, 25.300408627659397], [74.08194697788768, 25.320868372855454], [74.01171443848193, 25.3885288328171], [74.10517528225763, 25.514216780698103], [74.08332123720025, 25.703908082558552], [74.3974182185659, 25.955895560548502]]], [[[74.87859127014809, 25.154868221653462], [74.88530572198749, 25.158149041481746], [74.88465210320378, 25.154276587972515], [74.87859127014809, 25.154868221653462]]]]}}, {"type": "Feature", "properties": {"id": 512, "objectid": 512, "state": "RJ", "stcode": "08", "district": "Bikaner", "dtcode": "093", "shape_length": 1199733.3163950606, "shape_area": 29252725140.785637, "ds_name": " Administrative Boundary", "src_agency": "Survey of India (SOI)", "state_name": "Rajasthan", "id_final": "d542"}, "geometry": {"type": "Polygon", "coordinates": [[[73.77484310752408, 29.04778498678708], [73.84624625520881, 28.93667824727993], [73.96780788571506, 28.97554433281034], [73.97169108215886, 28.901909405765817], [74.04089591186329, 29.009719510954014], [74.11508207825122, 28.939358016925283], [74.0574523299917, 28.777261971829162], [74.1383655774344, 28.797128795165857], [74.19250135728129, 28.70947488567731], [74.07933683505694, 28.67012438358343], [74.02768983738157, 28.37663559855415], [74.35809375896896, 28.20467400382317], [74.22631808938455, 27.817387340023274], [74.03937009571275, 27.719853144851214], [73.99220827140554, 27.810911579224285], [73.86715209104975, 27.779371226013062], [73.87705051585326, 27.538673768835874], [73.79549625422608, 27.49741537337136], [73.65919726010159, 27.56563711024709], [73.54313885109764, 27.496125959649937], [73.49578178840103, 27.32896475459746], [73.3311880311888, 27.18550807768491], [73.22759432366738, 27.33504427141279], [73.134010419293, 27.309570411041005], [73.10072468512747, 27.42368004031702], [72.97910251033379, 27.382163536321688], [72.85264196979266, 27.444175516498927], [72.82634526604319, 27.58505297693113], [72.76128259245219, 27.52546518920039], [72.68965242786827, 27.60548994772761], [72.65530963021061, 27.536761775523587], [72.55350868261202, 27.620421104422388], [72.25152078900543, 27.462632001930825], [72.33769623197558, 27.69358610271714], [72.094105855246, 27.71557969148937], [72.14931541660641, 27.860099763868263], [72.02859865244602, 27.951141598495894], [71.8819713101819, 27.8766935816652], [71.9273612584257, 28.121740077574596], [72.20613068265219, 28.394268820318327], [72.4038966752999, 28.78305265831489], [72.66154678124434, 28.909968285659136], [72.85699630066524, 28.724907827344936], [73.00884273588629, 28.724963116346757], [73.33617091447928, 29.012670674625863], [73.77484310752408, 29.04778498678708]]]}}, {"type": "Feature", "properties": {"id": 513, "objectid": 513, "state": "RJ", "stcode": "08", "district": "Bundi", "dtcode": "094", "shape_length": 482255.05588085053, "shape_area": 5560944987.459359, "ds_name": " Administrative Boundary", "src_agency": "Survey of India (SOI)", "state_name": "Rajasthan", "id_final": "d543"}, "geometry": {"type": "Polygon", "coordinates": [[[76.01101137979525, 25.872521496195407], [76.15822215893785, 25.757439647094238], [76.18788962946734, 25.842201858189572], [76.31219778014236, 25.811609363869824], [76.35628153413845, 25.74106137403281], [76.26777371094936, 25.5121130198847], [76.18224060019293, 25.497127600398095], [76.1542215593741, 25.343516003505258], [76.06675858034525, 25.349315094787908], [75.9912063296634, 25.23223140394964], [75.78212445308137, 25.265669835920484], [75.62362684952599, 24.99733548477918], [75.44659765707357, 25.02255267570025], [75.44472153717994, 25.264075173045715], [75.26006510546547, 25.41477470723052], [75.36143341507793, 25.48102754367897], [75.42164072549443, 25.688625943791994], [75.51630547488784, 25.74958487410565], [75.61547247356943, 25.68023287412695], [75.85282526247364, 25.871808594146508], [75.90339192697586, 25.8175635069264], [76.01101137979525, 25.872521496195407]]]}}, {"type": "Feature", "properties": {"id": 514, "objectid": 514, "state": "RJ", "stcode": "08", "district": "Chittorgarh", "dtcode": "095", "shape_length": 991740.4232118864, "shape_area": 7503843709.984804, "ds_name": " Administrative Boundary", "src_agency": "Survey of India (SOI)", "state_name": "Rajasthan", "id_final": "d544"}, "geometry": {"type": "MultiPolygon", "coordinates": [[[[74.40057187611086, 25.194535180745728], [74.56417654297267, 25.131831893161895], [74.75427252291885, 25.215801857302193], [74.80065892263055, 25.150547061031755], [74.89149979258426, 25.186483944719697], [74.97340856820362, 25.10421573202119], [75.20417099814921, 25.08986613540396], [75.03893709991185, 24.845607451441644], [74.8336225600521, 24.95967035994055], [74.83973452015576, 24.789407787990264], [75.00679840606927, 24.77190358581752], [75.00160770822409, 24.686369272843574], [74.88881700407501, 24.63368742837632], [74.79987847317483, 24.779202841391953], [74.78649451100252, 24.585876743588507], [74.70870169912308, 24.486473915610755], [74.56471734961546, 24.489451311085332], [74.47633267499444, 24.218772764007426], [74.3331847601604, 24.344141617135396], [74.34088871954772, 24.483531032685907], [74.19802124863025, 24.446811537760176], [74.27041290642514, 24.576617321591073], [74.1041897365938, 24.73479446211265], [74.10440795279662, 24.862049234781914], [74.137108107085, 24.858349706093527], [74.19456778709143, 24.95052338107337], [74.19530486964516, 24.98651832995916], [74.30355785104376, 24.99212047398707], [74.26095564485078, 25.065095036034204], [74.40057187611086, 25.194535180745728]], [[74.88465210320378, 25.154276587972515], [74.8805521278367, 25.15906335272265], [74.87859127014809, 25.154868221653462], [74.88465210320378, 25.154276587972515]]], [[[74.2048589349441, 24.630647046586713], [74.19172034383772, 24.61507815324924], [74.19407534828507, 24.63996608585596], [74.2048589349441, 24.630647046586713]]], [[[74.85089646190548, 24.68207354679407], [74.85302269613308, 24.6792501125339], [74.85162029797432, 24.678787163616896], [74.85089646190548, 24.68207354679407]]], [[[74.12040826806196, 24.945591158100026], [74.11380414964202, 24.940191388852156], [74.11049417182146, 24.94613423397547], [74.12040826806196, 24.945591158100026]]], [[[75.31774903489381, 25.007955335546356], [75.61041919830514, 25.01571165427227], [75.81198007370068, 24.870477031598828], [75.7919984243058, 24.77251078260157], [75.62663178709178, 24.68242455866172], [75.21949363545684, 24.70262108353058], [75.22432224691549, 24.843930890954574], [75.4197228098334, 24.85600940468964], [75.26269764348682, 24.876623087601846], [75.26103701989723, 24.963455910777544], [75.3137641576683, 24.88543821286454], [75.31774903489381, 25.007955335546356]]], [[[74.17712141373364, 24.983943603982205], [74.17541689862537, 24.95504385822885], [74.15294920640792, 24.96715708416077], [74.17712141373364, 24.983943603982205]]]]}}, {"type": "Feature", "properties": {"id": 515, "objectid": 515, "state": "RJ", "stcode": "08", "district": "Churu", "dtcode": "096", "shape_length": 1021945.6644184558, "shape_area": 13421740849.87513, "ds_name": " Administrative Boundary", "src_agency": "Survey of India (SOI)", "state_name": "Rajasthan", "id_final": "d545"}, "geometry": {"type": "Polygon", "coordinates": [[[75.42740922479106, 28.999850503235734], [75.56154744487428, 28.613207499555486], [75.67088228965193, 28.5315430635096], [75.61112733849234, 28.408098316452957], [75.38213404831166, 28.337936040030808], [75.24825493897261, 28.464542478084613], [75.02423983485252, 28.198349862316157], [74.79396819119592, 28.115451443932482], [74.76026941328702, 27.988157159709022], [74.83299345787867, 27.92321396474437], [74.72990863139731, 27.876459998762158], [74.81852570586291, 27.80118441986798], [74.73754489881092, 27.677407336212877], [74.34088765132375, 27.681321635331557], [74.15592233535172, 27.410748686696856], [74.02910519105389, 27.535491820128943], [73.89120425552225, 27.50008156387947], [73.86715209104975, 27.779371226013062], [73.99220827140554, 27.810911579224285], [74.03937009571275, 27.719853144851214], [74.22631808938455, 27.817387340023274], [74.35809375896896, 28.20467400382317], [74.02768983738157, 28.37663559855415], [74.16968719489383, 28.794168245893704], [74.41906785615502, 28.885140522568403], [74.47647227396435, 28.815241399474743], [74.77170026325868, 28.82234320561219], [74.85972030778645, 28.94395052984554], [75.17206301693513, 28.845119655800886], [75.29450438714052, 28.982985166178423], [75.36244901640097, 28.912470870512223], [75.42740922479106, 28.999850503235734]]]}}, {"type": "Feature", "properties": {"id": 516, "objectid": 516, "state": "RJ", "stcode": "08", "district": "Dausa", "dtcode": "097", "shape_length": 512692.9776199892, "shape_area": 3293902247.1667833, "ds_name": " Administrative Boundary", "src_agency": "Survey of India (SOI)", "state_name": "Rajasthan", "id_final": "d546"}, "geometry": {"type": "Polygon", "coordinates": [[[76.89742113086047, 27.221884361041205], [77.07417387196342, 26.85858335606527], [76.95953351206335, 26.862638380776467], [76.81392917899308, 26.99932086265506], [76.77251521811539, 26.891218833278444], [76.45246772043582, 26.68820945689218], [76.40280818783215, 26.56633691750826], [76.4779018249624, 26.499642514244794], [76.40250316633828, 26.37889789960534], [76.15193344402329, 26.50439324214184], [76.14373421710901, 26.69436961115837], [76.2543434121572, 26.80375250578951], [76.28038856628991, 27.06450010536328], [76.58410040125644, 27.17666955625018], [76.63567173789447, 27.092262600018742], [76.79282879820549, 27.13872818563639], [76.828478948643, 27.075416549199584], [76.89742113086047, 27.221884361041205]]]}}, {"type": "Feature", "properties": {"id": 517, "objectid": 517, "state": "RJ", "stcode": "08", "district": "Dholpur", "dtcode": "098", "shape_length": 396957.15682019596, "shape_area": 2922087781.764721, "ds_name": " Administrative Boundary", "src_agency": "Survey of India (SOI)", "state_name": "Rajasthan", "id_final": "d547"}, "geometry": {"type": "Polygon", "coordinates": [[[78.15178096451156, 26.947599632699465], [78.27225509882228, 26.91919507155807], [78.18406122459831, 26.78404547199048], [78.1061037401088, 26.789999736044315], [78.08972774690879, 26.67447573268435], [77.90360052521453, 26.65897689438261], [77.444325389723, 26.361603185543704], [77.25483870274363, 26.43207078947303], [77.22766442399953, 26.530431443196008], [77.38945259213457, 26.615626569506617], [77.3461043587616, 26.711702395872766], [77.48635592915718, 26.748863216602743], [77.50116538363756, 26.844464402402814], [77.61033242803533, 26.828587129892526], [77.76059374308066, 26.93263178110766], [78.02715450977492, 26.8496525226478], [78.15178096451156, 26.947599632699465]]]}}, {"type": "Feature", "properties": {"id": 518, "objectid": 518, "state": "RJ", "stcode": "08", "district": "Dungarpur", "dtcode": "099", "shape_length": 380153.7371252378, "shape_area": 3643793200.2869806, "ds_name": " Administrative Boundary", "src_agency": "Survey of India (SOI)", "state_name": "Rajasthan", "id_final": "d548"}, "geometry": {"type": "Polygon", "coordinates": [[[74.15016093336628, 24.011501547804524], [74.21917925874381, 23.907428244734366], [74.30007957551382, 23.962488087995325], [74.38066261526285, 23.905051623047807], [74.14041625657447, 23.776741923094693], [74.12216151767056, 23.609163620816222], [73.933683404502, 23.338590559375387], [73.82869398964776, 23.447698047710293], [73.62719621873677, 23.448574365373485], [73.65564622039548, 23.62127147968099], [73.5230693239062, 23.606902966259554], [73.50734495776344, 23.70294446474507], [73.35187573091318, 23.791430693993775], [73.57201241742698, 23.96260017314441], [73.8384357946044, 23.93418656073474], [74.15016093336628, 24.011501547804524]]]}}, {"type": "Feature", "properties": {"id": 519, "objectid": 519, "state": "RJ", "stcode": "08", "district": "Ganganagar", "dtcode": "100", "shape_length": 782496.9284316316, "shape_area": 10372196411.669317, "ds_name": " Administrative Boundary", "src_agency": "Survey of India (SOI)", "state_name": "Rajasthan", "id_final": "d549"}, "geometry": {"type": "Polygon", "coordinates": [[[73.9726253118955, 30.198100134940145], [73.89470853542946, 29.97388867784083], [74.35501035439297, 29.93523951509875], [74.22177926851663, 29.745703902418935], [73.74956099299686, 29.511133683672014], [73.8643660535079, 29.489769111597923], [73.84138410829782, 29.323422323698374], [74.212672981102, 29.271894573849615], [74.02651391177136, 28.933389753279215], [73.84624625520881, 28.93667824727993], [73.77108953312681, 29.04957582603444], [73.33617091447928, 29.012670674625863], [73.00884273588629, 28.724963116346757], [72.68718890928514, 28.82904265906164], [72.66154678124434, 28.909968285659136], [72.94584050005173, 29.027947566573815], [73.08442852600544, 29.236265626328972], [73.39692523400689, 29.94599769875368], [73.80622700864032, 30.067839298089986], [73.9726253118955, 30.198100134940145]]]}}, {"type": "Feature", "properties": {"id": 520, "objectid": 520, "state": "RJ", "stcode": "08", "district": "Hanumangarh", "dtcode": "101", "shape_length": 870497.4180487165, "shape_area": 9623514857.897116, "ds_name": " Administrative Boundary", "src_agency": "Survey of India (SOI)", "state_name": "Rajasthan", "id_final": "d550"}, "geometry": {"type": "Polygon", "coordinates": [[[74.35123593636256, 29.952305928763842], [74.56099538250888, 29.87032731112424], [74.47725860533471, 29.74535714395945], [74.61610268837653, 29.752198879908693], [74.62188005304212, 29.522376371806324], [74.53462784837639, 29.447754475173724], [74.59925937301381, 29.32750374591271], [74.85059578558244, 29.403626516739028], [75.07551991517944, 29.229734151499855], [75.4054561308509, 29.260582609451568], [75.39124991921214, 29.062767299380987], [75.52180444447104, 29.00390860338342], [75.51153988912692, 28.94210427961812], [75.42681914659629, 28.999891350388303], [75.33256483642359, 28.914893126427252], [75.29450438714052, 28.982985166178423], [75.16770255145329, 28.84496405592944], [74.85972030778645, 28.94395052984554], [74.77170026325868, 28.82234320561219], [74.47647227396435, 28.815241399474743], [74.41906785615502, 28.885140522568403], [74.0574523299917, 28.777261971829162], [74.13225343343237, 28.876433644320866], [74.04089591186329, 29.009719510954014], [74.212672981102, 29.271894573849615], [73.84138410829782, 29.323422323698374], [73.8643660535079, 29.489769111597923], [73.74956099299686, 29.511133683672014], [74.22177926851663, 29.745703902418935], [74.35123593636256, 29.952305928763842]]]}}, {"type": "Feature", "properties": {"id": 533, "objectid": 533, "state": "RJ", "stcode": "08", "district": "Sikar", "dtcode": "114", "shape_length": 720178.9849057, "shape_area": 7448509289.437846, "ds_name": " Administrative Boundary", "src_agency": "Survey of India (SOI)", "state_name": "Rajasthan", "id_final": "d551"}, "geometry": {"type": "Polygon", "coordinates": [[[75.02731796286788, 28.20417736515641], [75.37504481725267, 27.64352392554944], [75.54012862101457, 27.71205791311229], [75.68477396217793, 27.675344304976488], [75.93230373600471, 27.929863451708957], [76.07489445848415, 27.843834875601516], [75.94039441608201, 27.619099780909302], [75.98593393558112, 27.46845376311207], [75.60038460028696, 27.301049275962427], [75.378660360292, 27.28867995871472], [75.28313866422326, 27.1213227088207], [75.06926946465214, 27.216037664857488], [75.16464264099069, 27.30355943878522], [75.11513679411807, 27.377337831724926], [74.88019016967004, 27.309884537291847], [74.6814355270942, 27.66924156244795], [74.81852570586291, 27.80118441986798], [74.72990863139731, 27.876459998762158], [74.83299345787867, 27.92321396474437], [74.76026941328702, 27.988157159709022], [74.79396819119592, 28.115451443932482], [75.02731796286788, 28.20417736515641]]]}}, {"type": "Feature", "properties": {"id": 534, "objectid": 534, "state": "RJ", "stcode": "08", "district": "Sirohi", "dtcode": "115", "shape_length": 453461.5064992774, "shape_area": 4941016669.031678, "ds_name": " Administrative Boundary", "src_agency": "Survey of India (SOI)", "state_name": "Rajasthan", "id_final": "d552"}, "geometry": {"type": "MultiPolygon", "coordinates": [[[[72.83075934829924, 25.284160675934444], [72.97305309030796, 25.224089117496344], [72.99934706068846, 25.10059366031957], [73.04309794226131, 25.163104211814048], [73.13769641709648, 25.097293233566358], [72.99191020181753, 24.92204751562894], [73.17134187660781, 24.808481593359357], [72.91070871785958, 24.337211020454195], [72.730838398072, 24.36429777177722], [72.53892532297229, 24.519615079111528], [72.45734433683239, 24.41477883034743], [72.44105881966313, 24.515322061190133], [72.24624772563911, 24.586273081377637], [72.33841419774643, 24.600127342563624], [72.3731929689925, 24.765739704490333], [72.4900117487693, 24.758321174106104], [72.49575846611984, 24.917174195727405], [72.68870707776107, 25.046431673054865], [72.83075934829924, 25.284160675934444]]], [[[72.27065627426911, 24.6305147274377], [72.30129369562746, 24.63823794591402], [72.28921595690692, 24.619570458228917], [72.27065627426911, 24.6305147274377]]]]}}, {"type": "Feature", "properties": {"id": 535, "objectid": 535, "state": "RJ", "stcode": "08", "district": "Tonk", "dtcode": "116", "shape_length": 684815.8025675939, "shape_area": 6932395551.466879, "ds_name": " Administrative Boundary", "src_agency": "Survey of India (SOI)", "state_name": "Rajasthan", "id_final": "d553"}, "geometry": {"type": "Polygon", "coordinates": [[[75.29013589573741, 26.557180258173744], [75.6139827505869, 26.440212052708667], [75.74014969999155, 26.44737057049097], [75.79568437956645, 26.550909246024666], [75.96037909934932, 26.486133632038364], [76.14452126089999, 26.52555611049625], [76.14469001315683, 26.3106895976095], [75.99013867818903, 26.22149877064427], [75.99377549116419, 26.116757851765882], [76.07843465686477, 26.117947043460166], [76.05929043233974, 25.995536701680837], [76.1296901024325, 25.965446309860834], [76.24075882556085, 26.022146585781417], [76.2102382560364, 25.860842438547685], [76.31692560409745, 25.81711089815828], [76.18788962946734, 25.842201858189572], [76.15869086551747, 25.757368561445066], [76.05211759434951, 25.86369992331574], [75.88704450499749, 25.81859192654898], [75.86208674001699, 25.875829653456645], [75.61547247356943, 25.68023287412695], [75.31677722518444, 25.76691480131945], [75.34965842721311, 25.831849195377494], [75.24327904949429, 25.91132470245487], [75.35055493845881, 26.011642499485383], [75.3362784338559, 26.131869959317928], [75.18645796708608, 26.111139170326034], [75.11118330727601, 26.28854306021224], [75.20173550087837, 26.5179087682554], [75.29013589573741, 26.557180258173744]]]}}, {"type": "Feature", "properties": {"id": 536, "objectid": 536, "state": "RJ", "stcode": "08", "district": "Udaipur", "dtcode": "117", "shape_length": 877756.3400481428, "shape_area": 11256569484.016783, "ds_name": " Administrative Boundary", "src_agency": "Survey of India (SOI)", "state_name": "Rajasthan", "id_final": "d554"}, "geometry": {"type": "MultiPolygon", "coordinates": [[[[73.48889873618548, 25.103318440011], [73.53671122359475, 24.915055088018274], [73.68832643088305, 24.861968291407127], [73.6543061919656, 24.72997573647922], [73.70448342540479, 24.78885676945036], [73.76058580096753, 24.713935456723487], [73.80791512013329, 24.746401073613033], [73.83856630767664, 24.906981537489067], [73.9412326688247, 24.846852242812467], [73.9943973915554, 24.921074352170642], [74.14244362510858, 24.881292456250545], [74.1041897365938, 24.73479446211265], [74.27041290642514, 24.576617321591073], [74.19758773471644, 24.447434614514417], [74.34088871954772, 24.483531032685907], [74.3086641648062, 24.406836389133648], [74.36127614965575, 24.401082776031203], [74.34250283736978, 24.282401623325367], [74.3922683039273, 24.210730990888518], [74.22243788411531, 24.21499363305359], [74.28506202663597, 24.14393126508053], [74.26668161756996, 23.93394941059327], [74.15349753518403, 24.011577772512247], [73.8384357946044, 23.93418656073474], [73.58643525284344, 23.965415473201404], [73.37924101163927, 23.80732601982949], [73.36197602281553, 24.104662231061013], [73.24292146097201, 24.002262127156268], [73.07655441004475, 24.179201403611458], [73.21918476016103, 24.364526036737182], [73.07648178477362, 24.39660042700179], [73.08709920090354, 24.49809521971201], [73.00083084992414, 24.483571035316373], [73.34335774501348, 25.011067864879717], [73.48889873618548, 25.103318440011]], [[74.2048589349441, 24.630647046586713], [74.19172034383772, 24.61507815324924], [74.1988221897148, 24.610422223022887], [74.2048589349441, 24.630647046586713]]], [[[74.3621510949286, 24.282406427897616], [74.35502850347962, 24.282680975181997], [74.35895039296835, 24.290955161207368], [74.3621510949286, 24.282406427897616]]], [[[74.41644964166166, 24.275352284129212], [74.39315710032415, 24.283392203979954], [74.40089565276064, 24.29663435962363], [74.41644964166166, 24.275352284129212]]]]}}, {"type": "Feature", "properties": {"id": 537, "objectid": 537, "state": "RJ", "stcode": "08", "district": "Pratapgarh", "dtcode": "629", "shape_length": 482299.4415569141, "shape_area": 4260142393.9247746, "ds_name": " Administrative Boundary", "src_agency": "Survey of India (SOI)", "state_name": "Rajasthan", "id_final": "d555"}, "geometry": {"type": "Polygon", "coordinates": [[[74.6030730054462, 24.510422686255893], [74.85420398314409, 24.444559902114683], [74.74707093327675, 24.253508881316986], [74.89682302594714, 24.22717640910002], [74.98225032004783, 24.02605082965384], [74.90247393370011, 23.873217343925305], [74.93648074945649, 23.628672884291426], [74.80291846872323, 23.532537729751215], [74.67078437478091, 23.674528388724177], [74.64948464643744, 23.644785136547124], [74.62012185140136, 23.655423050020723], [74.60740916184744, 23.641093266020608], [74.5498589686528, 23.632196631745106], [74.51711516494343, 23.635670943957592], [74.56066152479728, 23.804852351363568], [74.48758626354866, 23.92324047109803], [74.2407298790325, 23.980494087761983], [74.28506202663597, 24.14393126508053], [74.22243788411531, 24.21499363305359], [74.3786269056015, 24.190634529286474], [74.34250283736978, 24.282401623325367], [74.3636998549737, 24.329409996804138], [74.47754847744284, 24.2188943548816], [74.6030730054462, 24.510422686255893]], [[74.3621510949286, 24.282406427897616], [74.35502850347962, 24.282680975181997], [74.35799092906078, 24.277569150747958], [74.3621510949286, 24.282406427897616]]]}}, {"type": "Feature", "properties": {"id": 538, "objectid": 538, "state": "SK", "stcode": "11", "district": "Gangtok", "dtcode": "225", "shape_length": 144680.35550214298, "shape_area": 909907319.095421, "ds_name": " Administrative Boundary", "src_agency": "Survey of India (SOI)", "state_name": "Sikkim", "id_final": "d556"}, "geometry": {"type": "Polygon", "coordinates": [[[88.8073122378412, 27.41212008260308], [88.91356479975519, 27.290090803770894], [88.73848932242771, 27.136085262954257], [88.52980652029768, 27.170322921969813], [88.44342841219557, 27.26649910480524], [88.52318183304409, 27.39711614343819], [88.8073122378412, 27.41212008260308]]]}}, {"type": "Feature", "properties": {"id": 539, "objectid": 539, "state": "SK", "stcode": "11", "district": "Mangan", "dtcode": "226", "shape_length": 328365.93003034435, "shape_area": 4082392339.148472, "ds_name": " Administrative Boundary", "src_agency": "Survey of India (SOI)", "state_name": "Sikkim", "id_final": "d557"}, "geometry": {"type": "Polygon", "coordinates": [[[88.65081222190784, 28.096819612740333], [88.8362783274119, 28.014814526290095], [88.88263280223487, 27.890772409866873], [88.76374710247178, 27.56507012280168], [88.80904198727144, 27.423402959623214], [88.48596547073986, 27.378349675072773], [88.11511317382788, 27.617845799494674], [88.20279523033027, 27.83879765873523], [88.11975140549438, 27.91828740313333], [88.65081222190784, 28.096819612740333]]]}}, {"type": "Feature", "properties": {"id": 540, "objectid": 540, "state": "SK", "stcode": "11", "district": "Namchi", "dtcode": "227", "shape_length": 158720.9925635533, "shape_area": 708871535.4058157, "ds_name": " Administrative Boundary", "src_agency": "Survey of India (SOI)", "state_name": "Sikkim", "id_final": "d558"}, "geometry": {"type": "Polygon", "coordinates": [[[88.3556009182743, 27.521307416704147], [88.5334255855341, 27.16324141228307], [88.4306880412792, 27.07936365344557], [88.28322892618588, 27.12738807147213], [88.35831642391868, 27.389941746804425], [88.27919173375504, 27.405803128045882], [88.26838149768626, 27.498138946102934], [88.3556009182743, 27.521307416704147]]]}}, {"type": "Feature", "properties": {"id": 541, "objectid": 541, "state": "SK", "stcode": "11", "district": "Gyalshing", "dtcode": "228", "shape_length": 180059.3113822335, "shape_area": 1158611699.9212148, "ds_name": " Administrative Boundary", "src_agency": "Survey of India (SOI)", "state_name": "Sikkim", "id_final": "d559"}, "geometry": {"type": "Polygon", "coordinates": [[[88.27251875929252, 27.519283274422403], [88.27504247963975, 27.411501250053245], [88.35758163191728, 27.399276421482305], [88.27844065290161, 27.281954051538047], [88.33432810213122, 27.19451296649452], [88.15365140109584, 27.1096896319211], [88.0123892509878, 27.215740938531418], [88.04407637867841, 27.49568511982802], [88.11511317382788, 27.617845799494674], [88.27251875929252, 27.519283274422403]]]}}, {"type": "Feature", "properties": {"id": 556, "objectid": 556, "state": "TN", "stcode": "33", "district": "Pudukkottai", "dtcode": "582", "shape_length": 723561.1888860812, "shape_area": 4750806933.325329, "ds_name": " Administrative Boundary", "src_agency": "Survey of India (SOI)", "state_name": "Tamil Nadu", "id_final": "d560"}, "geometry": {"type": "MultiPolygon", "coordinates": [[[[79.15291944805077, 10.521912077961925], [79.11584891517032, 10.233849119578801], [79.29677247656757, 10.031436576303058], [79.11868784579642, 9.84971628562799], [78.93008462419927, 10.021740429526966], [78.98683460520236, 10.089339444128479], [78.96653668720174, 10.127607208463454], [78.84775408607582, 10.126045793462598], [78.80976034567097, 10.212978522568177], [78.67745583237927, 10.147200176134954], [78.57779278648351, 10.287219374172519], [78.51584854716049, 10.19032944231543], [78.44761781544703, 10.245411182113639], [78.58494071920575, 10.440906633622173], [78.44549933573371, 10.607364728008042], [78.55072203103761, 10.686367045034325], [78.65834738130052, 10.704658846134862], [78.66507340428392, 10.654762477887102], [78.70899350898814, 10.733050543274228], [78.74399132474588, 10.643360191895711], [78.87333350726543, 10.705566873889742], [78.96370571570527, 10.651412713084314], [79.00337684692869, 10.72224800007799], [79.19065409390404, 10.57815471488308], [79.15291944805077, 10.521912077961925]], [[78.60368339939825, 10.44884205113183], [78.60719304042568, 10.441360439566807], [78.60710160027617, 10.448163000667906], [78.60368339939825, 10.44884205113183]], [[78.6237335998598, 10.442666068965728], [78.61432643936533, 10.43359569160313], [78.62481683924963, 10.432818449631101], [78.6237335998598, 10.442666068965728]], [[78.63720696042888, 10.420050600637639], [78.61730940032494, 10.421628029150039], [78.635627640225, 10.41385077107668], [78.63720696042888, 10.420050600637639]], [[78.63311015952779, 10.661117579805856], [78.61797323992462, 10.672412850097292], [78.6236878789791, 10.65384863922915], [78.63311015952779, 10.661117579805856]]], [[[78.42707690903731, 10.315973452551606], [78.44886476383516, 10.28909215802246], [78.42610545193108, 10.286513079876078], [78.42707690903731, 10.315973452551606]]], [[[79.24189996942897, 10.49586795275997], [79.24222792879186, 10.476874603367373], [79.22094184903203, 10.484915030122826], [79.24189996942897, 10.49586795275997]]], [[[78.58319867960654, 10.698376680682639], [78.56526647931993, 10.704971920415398], [78.5826034197495, 10.715012056375103], [78.58319867960654, 10.698376680682639]]], [[[79.20258690535928, 10.52149770815231], [79.21430329118071, 10.52825290513308], [79.20617052262166, 10.51703903786768], [79.20258690535928, 10.52149770815231]]], [[[79.20910865006316, 10.49680260316861], [79.21605955290657, 10.490990433414456], [79.20821612196397, 10.492065482419797], [79.20910865006316, 10.49680260316861]]], [[[79.21979231391859, 10.513074058697542], [79.22442088931483, 10.519460938847303], [79.22311982933587, 10.510783887771753], [79.21979231391859, 10.513074058697542]]], [[[79.21458593869008, 10.484306354100056], [79.21387289886056, 10.47953860093917], [79.20869148149522, 10.48229642604194], [79.21458593869008, 10.484306354100056]]], [[[79.21038083908675, 10.51550098488957], [79.21496686395965, 10.517651473576251], [79.21558349347656, 10.51377399444508], [79.21038083908675, 10.51550098488957]]], [[[79.20024488329254, 10.525163765301187], [79.20281575202428, 10.523689479114047], [79.19974169195666, 10.522415437618362], [79.20024488329254, 10.525163765301187]]], [[[79.15475084064646, 10.521758219533233], [79.15371422352428, 10.522585559879419], [79.15502952791108, 10.522386541368848], [79.15475084064646, 10.521758219533233]]]]}}, {"type": "Feature", "properties": {"id": 557, "objectid": 557, "state": "TN", "stcode": "33", "district": "Ramanathapuram", "dtcode": "583", "shape_length": 736956.5738006597, "shape_area": 4272385544.1185164, "ds_name": " Administrative Boundary", "src_agency": "Survey of India (SOI)", "state_name": "Tamil Nadu", "id_final": "d561"}, "geometry": {"type": "MultiPolygon", "coordinates": [[[[78.89479531427197, 9.932191906197124], [79.11868784579642, 9.84971628562799], [78.90964696001352, 9.453619601897708], [79.06500170735592, 9.301067939729448], [79.32634531517039, 9.32571069175035], [79.44723990410026, 9.152357586688687], [79.18859888342425, 9.28246819052579], [78.87231134628053, 9.256998287676668], [78.3853922820807, 9.093119538019472], [78.27378308061881, 9.141478164748936], [78.28082286574312, 9.284238288763605], [78.36471399565444, 9.339456279645141], [78.29766150841462, 9.325966560284769], [78.21846580423353, 9.447394866342858], [78.35175047822189, 9.460971312970521], [78.46102488464489, 9.636434756480522], [78.65542073248204, 9.520036494267384], [78.68428474428697, 9.605567969732137], [78.82115762109251, 9.599793983688178], [78.70212320774084, 9.751605150832274], [78.88210737543719, 9.744543407666054], [78.89479531427197, 9.932191906197124]]], [[[78.49554642285469, 9.09065970362945], [78.48722232741036, 9.08870940948464], [78.4900279344535, 9.093459845066763], [78.49554642285469, 9.09065970362945]]], [[[78.53908830073392, 9.103765338396524], [78.53508319916382, 9.102767870284875], [78.53913486828395, 9.106045399004921], [78.53908830073392, 9.103765338396524]]], [[[78.57934269728834, 9.112824416689952], [78.5879744068867, 9.106998522389574], [78.57095495349922, 9.101131515392781], [78.57934269728834, 9.112824416689952]]], [[[79.49828419457683, 9.12516352266347], [79.49482060701759, 9.122562575342755], [79.49267504915008, 9.123647894389682], [79.49828419457683, 9.12516352266347]]], [[[79.48942886180983, 9.12495932822717], [79.4859563632531, 9.124831729733797], [79.48867130345558, 9.126783245406486], [79.48942886180983, 9.12495932822717]]], [[[79.46309596027012, 9.139071343567956], [79.46096097623992, 9.137279842823695], [79.46129767488804, 9.140042521964812], [79.46309596027012, 9.139071343567956]]], [[[79.48040762806437, 9.138272909216067], [79.47804024462043, 9.136653405665816], [79.4773327182021, 9.140102543658521], [79.48040762806437, 9.138272909216067]]], [[[79.47357517215836, 9.138707937224808], [79.47055805160325, 9.140537642192687], [79.47368835203451, 9.139398709322549], [79.47357517215836, 9.138707937224808]]], [[[79.46069597029347, 9.145965851240534], [79.45607633909724, 9.14295660921729], [79.45605354287792, 9.148824680412993], [79.46069597029347, 9.145965851240534]]], [[[78.7320587363033, 9.154421508944353], [78.72801339512786, 9.153208242915017], [78.73110146306561, 9.155879682784366], [78.7320587363033, 9.154421508944353]]], [[[78.69700368430998, 9.152589693006112], [78.6938418510354, 9.152857015210785], [78.69652213021003, 9.155810523597792], [78.69700368430998, 9.152589693006112]]], [[[78.75239701087487, 9.156679779894699], [78.75126409820012, 9.155630593257271], [78.75100795444779, 9.156632150733936], [78.75239701087487, 9.156679779894699]]], [[[78.69891734011749, 9.158392981283832], [78.69806858829551, 9.158523357380059], [78.69883606135674, 9.158686110457579], [78.69891734011749, 9.158392981283832]]], [[[78.8332921463558, 9.165601270256218], [78.81577249315198, 9.15840089792884], [78.82712055266722, 9.175869449108959], [78.8332921463558, 9.165601270256218]]], [[[78.89852388163497, 9.179151353899387], [78.91988672987104, 9.18421205810477], [78.94085210891424, 9.1843628279898], [78.89852388163497, 9.179151353899387]]], [[[78.70308129041535, 9.185484524921876], [78.70424920963158, 9.184079008826151], [78.70190452631485, 9.185908097276906], [78.70308129041535, 9.185484524921876]]], [[[78.97418693859639, 9.185382737637585], [78.96248322022643, 9.183934515783406], [78.9678629877649, 9.18962081883158], [78.97418693859639, 9.185382737637585]]], [[[79.06889865299483, 9.210539149242567], [79.09102610095864, 9.195932581835462], [79.05676835981406, 9.198019959645356], [79.06889865299483, 9.210539149242567]]], [[[79.12104048452366, 9.218335088608681], [79.13655834806988, 9.217780766313183], [79.14288102980092, 9.214216507895099], [79.12104048452366, 9.218335088608681]]], [[[79.23208406372554, 9.243458445835383], [79.23903243784878, 9.240525065964551], [79.2309736311094, 9.238217403482219], [79.23208406372554, 9.243458445835383]]], [[[79.18106415550366, 9.249930042936972], [79.22317453164014, 9.246605185216175], [79.17931051562354, 9.238198737945428], [79.18106415550366, 9.249930042936972]]]]}}, {"type": "Feature", "properties": {"id": 558, "objectid": 558, "state": "TN", "stcode": "33", "district": "Salem", "dtcode": "584", "shape_length": 701688.7008410897, "shape_area": 5266709175.4510355, "ds_name": " Administrative Boundary", "src_agency": "Survey of India (SOI)", "state_name": "Tamil Nadu", "id_final": "d562"}, "geometry": {"type": "MultiPolygon", "coordinates": [[[[78.23457688430982, 11.979233981681213], [78.23569817988198, 11.917955800009079], [78.3588454906595, 11.911690776566893], [78.32818553163818, 11.775970213279859], [78.41428144199207, 11.880130066134255], [78.53919658472789, 11.80662129663757], [78.695108304666, 11.851210713766012], [78.64577301519473, 11.66042153708488], [78.80597855440242, 11.686435590370488], [78.79873145210827, 11.384212150966617], [78.7081376974486, 11.456983159844954], [78.57517791882157, 11.315718542796246], [78.4897535184864, 11.414039487801496], [78.42689597434064, 11.38501855453802], [78.44025915656268, 11.598035713530512], [77.97763375695159, 11.530619422747668], [77.87656622052211, 11.413580969600764], [77.70857336338457, 11.449174007767938], [77.77640354088481, 11.69573412916095], [77.6953873157932, 11.639650248329188], [77.67554399477254, 11.951888503838415], [77.97025120168043, 11.89555623084331], [78.23457688430982, 11.979233981681213]]], [[[78.2948144284731, 11.550199635796817], [78.29609789912038, 11.534550558991933], [78.28968054649837, 11.535249199467767], [78.2948144284731, 11.550199635796817]]]]}}, {"type": "Feature", "properties": {"id": 559, "objectid": 559, "state": "TN", "stcode": "33", "district": "Sivaganga", "dtcode": "585", "shape_length": 704187.7010128465, "shape_area": 4302586722.134969, "ds_name": " Administrative Boundary", "src_agency": "Survey of India (SOI)", "state_name": "Tamil Nadu", "id_final": "d563"}, "geometry": {"type": "Polygon", "coordinates": [[[78.4727537740965, 10.401063773658539], [78.47038362501739, 10.202890412575632], [78.57779278648351, 10.287219374172519], [78.67817194502072, 10.146950650444527], [78.80976034567097, 10.212978522568177], [78.84775408607582, 10.126045793462598], [78.96754930669091, 10.1266213659987], [78.93008462419927, 10.021740429526966], [79.0136466879172, 9.981696647918353], [78.89479531427197, 9.932191906197124], [78.88210737543719, 9.744543407666054], [78.70212320774084, 9.751605150832274], [78.82699571640273, 9.615629994944042], [78.68428474428697, 9.605567969732137], [78.65736075252435, 9.520122171265003], [78.3998001772986, 9.611974127319145], [78.32457655653901, 9.74267424658453], [78.29151005828429, 9.67463425412565], [78.21007918645043, 9.782525771717316], [78.13376387318173, 9.748088718372905], [78.19329883763875, 9.806619613078768], [78.12768945412851, 9.814130793760004], [78.15114009674845, 9.874709891287413], [78.25831746718221, 9.834259316887533], [78.45641392280562, 9.96849018271481], [78.47342996414237, 10.12189573870191], [78.40155428252667, 10.138558654884209], [78.37853883688526, 10.310072854080929], [78.4727537740965, 10.401063773658539]], [[78.45319059497899, 10.302266006801677], [78.42707690903731, 10.315973452551606], [78.42610545193108, 10.286513079876078], [78.45319059497899, 10.302266006801677]]]}}, {"type": "Feature", "properties": {"id": 560, "objectid": 560, "state": "TN", "stcode": "33", "district": "Thanjavur", "dtcode": "586", "shape_length": 669079.0081258556, "shape_area": 3464308501.7912273, "ds_name": " Administrative Boundary", "src_agency": "Survey of India (SOI)", "state_name": "Tamil Nadu", "id_final": "d564"}, "geometry": {"type": "Polygon", "coordinates": [[[79.11584891517032, 10.233849119578801], [79.12830944258772, 10.635516420210442], [79.00049259556462, 10.723010485185322], [78.90806881409505, 10.671718201361982], [78.86865210629792, 10.825558440599682], [78.7763587611055, 10.833078108262653], [79.21287692945835, 10.941227681109858], [79.53771815416728, 11.180589466959294], [79.48562048924934, 10.869132625678663], [79.26811821776752, 10.905300583266538], [79.3764997404256, 10.803949080797624], [79.31777202077602, 10.660750634279708], [79.45237865766856, 10.559476418690194], [79.5050122240323, 10.356655584803969], [79.29846141123735, 10.263298500481797], [79.23250078244575, 10.137680301850557], [79.11584891517032, 10.233849119578801]], [[79.20042341008664, 10.526713817963051], [79.20281575202428, 10.523689479114047], [79.20213614708888, 10.526686713246166], [79.20042341008664, 10.526713817963051]], [[79.21558349347656, 10.51377399444508], [79.21496686395965, 10.517651473576251], [79.21038083908675, 10.51550098488957], [79.21558349347656, 10.51377399444508]], [[79.21387289886056, 10.47953860093917], [79.20869148149522, 10.48229642604194], [79.20897669706301, 10.481268087927017], [79.21387289886056, 10.47953860093917]], [[79.22442088931483, 10.519460938847303], [79.21747072895636, 10.517951274518726], [79.22311982933587, 10.510783887771753], [79.22442088931483, 10.519460938847303]], [[79.21563940898629, 10.49762466426849], [79.20783583375014, 10.492626375107605], [79.21548912218508, 10.490523020287656], [79.21563940898629, 10.49762466426849]], [[79.21111681916592, 10.531489679649821], [79.20617052262166, 10.51703903786768], [79.21430329118071, 10.52825290513308], [79.21111681916592, 10.531489679649821]], [[79.24688200907556, 10.480504305120725], [79.22294092920605, 10.489490725019582], [79.22554264855658, 10.477254132928362], [79.24688200907556, 10.480504305120725]]]}}, {"type": "Feature", "properties": {"id": 561, "objectid": 561, "state": "TN", "stcode": "33", "district": "The Nilgiris", "dtcode": "587", "shape_length": 329163.95051759674, "shape_area": 2581362422.5020146, "ds_name": " Administrative Boundary", "src_agency": "Survey of India (SOI)", "state_name": "Tamil Nadu", "id_final": "d565"}, "geometry": {"type": "Polygon", "coordinates": [[[76.52040117045388, 11.700211864197708], [76.57695587544237, 11.614513146061622], [76.9731553453414, 11.565927723853003], [77.01003734667133, 11.438493486840486], [76.85481550394904, 11.293189053887701], [76.4583321653635, 11.187714869585868], [76.54775086814723, 11.358918541499502], [76.24714296547322, 11.467944005601648], [76.23332276560271, 11.56786703313944], [76.52040117045388, 11.700211864197708]]]}}, {"type": "Feature", "properties": {"id": 562, "objectid": 562, "state": "TN", "stcode": "33", "district": "Theni", "dtcode": "588", "shape_length": 343728.72869514377, "shape_area": 2921917230.156715, "ds_name": " Administrative Boundary", "src_agency": "Survey of India (SOI)", "state_name": "Tamil Nadu", "id_final": "d566"}, "geometry": {"type": "Polygon", "coordinates": [[[77.46587739725206, 10.128960209033355], [77.7070403159034, 10.214476116405816], [77.71241287104108, 10.025865635183708], [77.47714225998712, 9.5522061945198], [77.16705187429268, 9.611727671130165], [77.27271230063252, 9.964212738430586], [77.20695293618012, 10.118543316382883], [77.46587739725206, 10.128960209033355]]]}}, {"type": "Feature", "properties": {"id": 563, "objectid": 563, "state": "TN", "stcode": "33", "district": "Thiruvallur", "dtcode": "589", "shape_length": 667447.1246049656, "shape_area": 3397281459.623687, "ds_name": " Administrative Boundary", "src_agency": "Survey of India (SOI)", "state_name": "Tamil Nadu", "id_final": "d567"}, "geometry": {"type": "Polygon", "coordinates": [[[80.26864737398047, 13.564575221693863], [80.35352792499016, 13.254467621312202], [80.18025748953815, 13.020861086887011], [79.90061264861217, 13.049412407744098], [79.94214404754094, 13.000896589176339], [79.8525697339311, 12.948329521744204], [79.66114343874735, 13.210378657919797], [79.59687237319719, 13.123107285953958], [79.45087186151662, 13.093208486604578], [79.41871284772012, 13.149918427887712], [79.35143058655679, 13.062453942553665], [79.29867377055355, 13.08671394555395], [79.28395274690715, 13.12273461570376], [79.43836433569082, 13.18813604655918], [79.44536174246916, 13.30121240307759], [79.38188574079864, 13.307452458253257], [79.4354741126311, 13.351586785115128], [79.57920471969462, 13.257750584675174], [79.68234144369212, 13.295869473327727], [79.754927833608, 13.206431372841374], [79.73351746527446, 13.288571967951194], [79.93794755984473, 13.355471506770655], [80.04656211162589, 13.493629703531395], [80.0042026490277, 13.544809412600191], [80.24175704160268, 13.47058812438988], [80.26864737398047, 13.564575221693863]]]}}, {"type": "Feature", "properties": {"id": 564, "objectid": 564, "state": "TN", "stcode": "33", "district": "Thiruvarur", "dtcode": "590", "shape_length": 465271.6578699238, "shape_area": 2319362339.612644, "ds_name": " Administrative Boundary", "src_agency": "Survey of India (SOI)", "state_name": "Tamil Nadu", "id_final": "d568"}, "geometry": {"type": "Polygon", "coordinates": [[[79.67089043260336, 11.017215587236729], [79.76391559754408, 10.959969780144725], [79.63116148479706, 10.822694037395339], [79.73152214804954, 10.809906782086786], [79.64929100482213, 10.642797641585757], [79.7266030508173, 10.536087832847697], [79.62730950008218, 10.396589280147985], [79.69750467981736, 10.278550548705029], [79.47200730501781, 10.312396215910564], [79.482960202409, 10.489567026607762], [79.30675636036374, 10.710508372117172], [79.3764997404256, 10.803949080797624], [79.26792868917607, 10.887875904421954], [79.29173681566623, 10.937984947760773], [79.48562048924934, 10.869132625678663], [79.51578638271477, 10.969762445541257], [79.67089043260336, 11.017215587236729]]]}}, {"type": "Feature", "properties": {"id": 542, "objectid": 542, "state": "TN", "stcode": "33", "district": "Chennai", "dtcode": "568", "shape_length": 74830.90714893154, "shape_area": 168108043.00313458, "ds_name": " Administrative Boundary", "src_agency": "Survey of India (SOI)", "state_name": "Tamil Nadu", "id_final": "d569"}, "geometry": {"type": "Polygon", "coordinates": [[[80.29110681380067, 13.14397904954947], [80.2677764745764, 12.975033131835762], [80.22295917150349, 12.965024801267587], [80.2018590244549, 13.125978872982119], [80.29110681380067, 13.14397904954947]]]}}, {"type": "Feature", "properties": {"id": 543, "objectid": 543, "state": "TN", "stcode": "33", "district": "Coimbatore", "dtcode": "569", "shape_length": 540285.8259907645, "shape_area": 4782748245.666942, "ds_name": " Administrative Boundary", "src_agency": "Survey of India (SOI)", "state_name": "Tamil Nadu", "id_final": "d570"}, "geometry": {"type": "Polygon", "coordinates": [[[77.11095158872894, 11.404425936078171], [77.17717728019349, 11.124988560063027], [77.23920456033979, 11.124863640287176], [77.26180913783993, 11.099229670942659], [77.1576462008223, 10.987573592031415], [77.29746263977347, 10.810544940936426], [77.13402666628741, 10.750148114401682], [77.17054290700234, 10.599721417364512], [77.08535954307754, 10.578331807797685], [77.04118831997052, 10.426816221968496], [77.09069435886258, 10.314426860753779], [76.98193870862322, 10.219465257986691], [76.82831005102595, 10.307056710989615], [76.81004180679977, 10.623776649396966], [76.8820418027936, 10.638900568764937], [76.90088741914774, 10.80780842720596], [76.65568003190006, 10.939038167241238], [76.80069422739422, 11.053919384995611], [76.70180808177463, 11.260541979184897], [77.11095158872894, 11.404425936078171]]]}}, {"type": "Feature", "properties": {"id": 544, "objectid": 544, "state": "TN", "stcode": "33", "district": "Cuddalore", "dtcode": "570", "shape_length": 526635.545530309, "shape_area": 3734422511.101331, "ds_name": " Administrative Boundary", "src_agency": "Survey of India (SOI)", "state_name": "Tamil Nadu", "id_final": "d571"}, "geometry": {"type": "MultiPolygon", "coordinates": [[[[79.6945219901195, 11.859123296682554], [79.80810824248138, 11.845209598877835], [79.71227860002267, 11.791440623530665], [79.79692267057288, 11.785177349536802], [79.80598626807918, 11.388373521106448], [79.45854785006529, 11.150516704631192], [79.49819278680059, 11.31385078460412], [79.38497260438412, 11.40917032881293], [78.96197913563225, 11.405431494356206], [78.87752906773301, 11.507498778083571], [79.06738082428384, 11.63018725389442], [79.18358692840388, 11.58594482431337], [79.44417712328134, 11.665971180680534], [79.45502993894752, 11.871461367557455], [79.64100211228035, 11.798455289573692], [79.6945219901195, 11.859123296682554]], [[79.7002271460834, 11.822858623984583], [79.69220083143311, 11.812923475440032], [79.70291222345868, 11.813298707546378], [79.7002271460834, 11.822858623984583]]], [[[79.76910118446632, 11.900617155309549], [79.79665461288319, 11.894243935092513], [79.78057914193644, 11.862703156366797], [79.76910118446632, 11.900617155309549]]]]}}, {"type": "Feature", "properties": {"id": 545, "objectid": 545, "state": "TN", "stcode": "33", "district": "Dharmapuri", "dtcode": "571", "shape_length": 523973.5707371826, "shape_area": 4507545325.15904, "ds_name": " Administrative Boundary", "src_agency": "Survey of India (SOI)", "state_name": "Tamil Nadu", "id_final": "d572"}, "geometry": {"type": "Polygon", "coordinates": [[[77.89985344300383, 12.499649943858003], [78.11797113731416, 12.454693624356116], [78.1734934275036, 12.337142700538386], [78.46519213096103, 12.146671542937055], [78.57318707696456, 12.193702784448334], [78.66114330286288, 12.10252778375181], [78.73796151501381, 12.133683059140722], [78.70810654701678, 11.897982185164212], [78.54638369183553, 11.806948843808192], [78.41428144199207, 11.880130066134255], [78.32818553163818, 11.775970213279859], [78.3588454906595, 11.911690776566893], [78.23569817988198, 11.917955800009079], [78.23457688430982, 11.979233981681213], [77.97025120168043, 11.89555623084331], [77.67554399477254, 11.951888503838415], [77.86712973598476, 12.330244200426925], [77.94844755193826, 12.336571190629735], [77.89985344300383, 12.499649943858003]]]}}, {"type": "Feature", "properties": {"id": 546, "objectid": 546, "state": "TN", "stcode": "33", "district": "Dindigul", "dtcode": "572", "shape_length": 641963.7389153152, "shape_area": 6141976426.850322, "ds_name": " Administrative Boundary", "src_agency": "Survey of India (SOI)", "state_name": "Tamil Nadu", "id_final": "d573"}, "geometry": {"type": "Polygon", "coordinates": [[[78.17508928438214, 10.832179237209179], [78.13258482650205, 10.575082972008076], [78.31496220117947, 10.439451055754331], [78.33761026000684, 10.3255260959194], [78.25807131596204, 10.086923483967581], [78.01989460989655, 10.18452182354496], [77.94633375136902, 10.083625637737645], [77.71703541151113, 10.018159026301309], [77.7070403159034, 10.214476116405816], [77.62322492877165, 10.218721756037757], [77.26699720015841, 10.11944803465218], [77.40155818079907, 10.613375569805314], [77.5426706087542, 10.609765023619216], [77.69347092824559, 10.73523397940137], [77.72042174524456, 10.631270382072017], [77.78874021382677, 10.685237885924243], [77.97753216633481, 10.639849039627357], [78.01497923392543, 10.719680124622764], [77.93908845730425, 10.768406856979057], [78.17508928438214, 10.832179237209179]]]}}, {"type": "Feature", "properties": {"id": 547, "objectid": 547, "state": "TN", "stcode": "33", "district": "Erode", "dtcode": "573", "shape_length": 626990.7493468005, "shape_area": 5801484230.723343, "ds_name": " Administrative Boundary", "src_agency": "Survey of India (SOI)", "state_name": "Tamil Nadu", "id_final": "d574"}, "geometry": {"type": "Polygon", "coordinates": [[[77.65693513559125, 11.950268923196237], [77.6953873157932, 11.639650248329188], [77.77640354088481, 11.69573412916095], [77.68363077528618, 11.41946027318257], [77.86526895226581, 11.241277140328833], [77.93301193806143, 11.07015476961207], [77.88096096821035, 11.024306976373019], [77.50144893622223, 11.106942134997361], [77.51831039990708, 11.197186471146994], [77.45305644033999, 11.311450920026218], [77.36322220502673, 11.341834608751332], [77.33121794967361, 11.256796756906342], [77.11016344071172, 11.40638752019386], [76.96343693940983, 11.384993069480405], [77.0069681571062, 11.545723030222572], [76.84665012737284, 11.582158434053413], [76.90789391562352, 11.795307117085475], [77.01282374720817, 11.814675696510566], [77.11758705045429, 11.721308092054157], [77.24979116642668, 11.813026494706602], [77.42710902056129, 11.76094433478223], [77.49460459303032, 11.943808359824525], [77.65693513559125, 11.950268923196237]]]}}, {"type": "Feature", "properties": {"id": 548, "objectid": 548, "state": "TN", "stcode": "33", "district": "Kanchipuram", "dtcode": "574", "shape_length": 357252.6211594132, "shape_area": 1717066974.3715217, "ds_name": " Administrative Boundary", "src_agency": "Survey of India (SOI)", "state_name": "Tamil Nadu", "id_final": "d575"}, "geometry": {"type": "Polygon", "coordinates": [[[79.90061264861217, 13.049412407744098], [80.18437777330682, 13.00516536681147], [80.05381110016806, 12.839586201017989], [79.87764359945868, 12.779974799201453], [79.92875570011903, 12.636862699006487], [79.80550279996204, 12.626937900541137], [79.7414035996314, 12.532780267890658], [79.63023814791727, 12.630974415759304], [79.74475463625426, 12.743817986201254], [79.65445706103145, 12.764122827459891], [79.55693890627806, 12.884858514277225], [79.7966309010824, 13.027568731963944], [79.89065319328547, 12.94505144599197], [79.90061264861217, 13.049412407744098]]]}}, {"type": "Feature", "properties": {"id": 549, "objectid": 549, "state": "TN", "stcode": "33", "district": "Kanniyakumari", "dtcode": "575", "shape_length": 251350.72947375866, "shape_area": 1741953310.5087512, "ds_name": " Administrative Boundary", "src_agency": "Survey of India (SOI)", "state_name": "Tamil Nadu", "id_final": "d576"}, "geometry": {"type": "Polygon", "coordinates": [[[77.27950439165187, 8.57049545908026], [77.54150880267075, 8.378818094366704], [77.55141832116846, 8.07816535016775], [77.31642489923388, 8.120450823093984], [77.09570232334437, 8.292707436852217], [77.18020398134172, 8.323329047601796], [77.15059564132744, 8.3842603228389], [77.27950439165187, 8.57049545908026]]]}}, {"type": "Feature", "properties": {"id": 550, "objectid": 550, "state": "TN", "stcode": "33", "district": "Karur", "dtcode": "576", "shape_length": 461737.0751245065, "shape_area": 2937228962.4771824, "ds_name": " Administrative Boundary", "src_agency": "Survey of India (SOI)", "state_name": "Tamil Nadu", "id_final": "d577"}, "geometry": {"type": "Polygon", "coordinates": [[[78.0058046842904, 11.094583184910983], [78.19860116986618, 10.961061238227806], [78.55048768627984, 10.877536448412895], [78.56526472351851, 10.734439406554332], [78.42216964819706, 10.671119687296148], [78.28332878572179, 10.745862595806527], [78.26244368193622, 10.578921268927479], [78.16991285288216, 10.55419570921715], [78.17429413924593, 10.835126599620265], [77.93908845730425, 10.768406856979057], [78.01497923392543, 10.719680124622764], [77.97753216633481, 10.639849039627357], [77.82912024158834, 10.633644348435745], [77.77765798059963, 10.789634652799545], [77.8928016466098, 10.781521884073289], [77.76071765836798, 10.901582880514136], [77.77645390947674, 11.05833752162863], [78.0058046842904, 11.094583184910983]]]}}, {"type": "Feature", "properties": {"id": 551, "objectid": 551, "state": "TN", "stcode": "33", "district": "Krishnagiri", "dtcode": "577", "shape_length": 630917.0443285478, "shape_area": 5127190183.127263, "ds_name": " Administrative Boundary", "src_agency": "Survey of India (SOI)", "state_name": "Tamil Nadu", "id_final": "d578"}, "geometry": {"type": "Polygon", "coordinates": [[[77.9359171572484, 12.885435977683692], [77.92048292219326, 12.828157075247661], [78.0577518107158, 12.852107613499198], [78.2308776851199, 12.760652873674188], [78.20093623189982, 12.691729480647375], [78.41184362094553, 12.627574840044835], [78.43574738103973, 12.393806176265123], [78.56738767725771, 12.388982793435924], [78.66671738877574, 12.20799179785451], [78.46519213096103, 12.146671542937055], [78.1734934275036, 12.337142700538386], [78.11797113731416, 12.454693624356116], [77.94232851108652, 12.51367580296738], [77.95453395660692, 12.351299539228846], [77.86712973598476, 12.330244200426925], [77.79383589127421, 12.147698529938184], [77.47220647559419, 12.207540519056238], [77.61674828730911, 12.368295695391254], [77.59879675259039, 12.667163508239875], [77.73908750648887, 12.672478012226087], [77.79903354149447, 12.851539349211688], [77.9359171572484, 12.885435977683692]]]}}, {"type": "Feature", "properties": {"id": 552, "objectid": 552, "state": "TN", "stcode": "33", "district": "Madurai", "dtcode": "578", "shape_length": 553333.6125703148, "shape_area": 3780919833.65961, "ds_name": " Administrative Boundary", "src_agency": "Survey of India (SOI)", "state_name": "Tamil Nadu", "id_final": "d579"}, "geometry": {"type": "Polygon", "coordinates": [[[78.37510142163964, 10.310190344419805], [78.40155428252667, 10.138558654884209], [78.47342996414237, 10.12189573870191], [78.45641392280562, 9.96849018271481], [78.25831746718221, 9.834259316887533], [78.12486347022993, 9.854639549721085], [78.19329883763875, 9.806619613078768], [78.06696186085199, 9.752943151040856], [78.07799362893039, 9.660850901755586], [77.90053620713692, 9.626468850203036], [77.62861333512694, 9.704675772993298], [77.47526901648473, 9.563092427287925], [77.69777752865326, 10.017253313127535], [77.94633375136902, 10.083625637737645], [78.01989460989655, 10.18452182354496], [78.25807131596204, 10.086923483967581], [78.37510142163964, 10.310190344419805]]]}}, {"type": "Feature", "properties": {"id": 553, "objectid": 553, "state": "TN", "stcode": "33", "district": "Nagapattinam", "dtcode": "579", "shape_length": 517899.642372811, "shape_area": 2620819460.551117, "ds_name": " Administrative Boundary", "src_agency": "Survey of India (SOI)", "state_name": "Tamil Nadu", "id_final": "d580"}, "geometry": {"type": "MultiPolygon", "coordinates": [[[[79.7222550988324, 10.928992594795329], [79.85249526341362, 10.827239801319692], [79.83936828469326, 10.275691075072753], [79.69750467981736, 10.278550548705029], [79.6272866122247, 10.396132642073542], [79.7266030508173, 10.536087832847697], [79.64929100482213, 10.642797641585757], [79.72826822848661, 10.828283582609686], [79.63099328078845, 10.816311671597173], [79.7222550988324, 10.928992594795329]]], [[[79.82309362420689, 11.378501903320151], [79.85381345601176, 10.98316556670563], [79.52715942698784, 10.959616844762753], [79.52660654697449, 11.183687355888326], [79.82309362420689, 11.378501903320151]]]]}}, {"type": "Feature", "properties": {"id": 554, "objectid": 554, "state": "TN", "stcode": "33", "district": "Namakkal", "dtcode": "580", "shape_length": 429232.33361028763, "shape_area": 3444991744.8909774, "ds_name": " Administrative Boundary", "src_agency": "Survey of India (SOI)", "state_name": "Tamil Nadu", "id_final": "d581"}, "geometry": {"type": "Polygon", "coordinates": [[[78.44529746202164, 11.597243563429041], [78.42689597434064, 11.38501855453802], [78.48969156463471, 11.41363271298545], [78.34451433916158, 11.026228474970466], [78.23868423869338, 11.094425827877293], [78.17011756044134, 11.012728266799716], [77.89389939267957, 11.077374044975011], [77.86465535108985, 11.242447825793816], [77.68363077528618, 11.41946027318257], [78.44529746202164, 11.597243563429041]], [[78.2948144284731, 11.550199635796817], [78.30051874157121, 11.547125777250335], [78.30936042779118, 11.551457111503384], [78.2948144284731, 11.550199635796817]]]}}, {"type": "Feature", "properties": {"id": 555, "objectid": 555, "state": "TN", "stcode": "33", "district": "Perambalur", "dtcode": "581", "shape_length": 293141.2218884119, "shape_area": 1771137718.6781652, "ds_name": " Administrative Boundary", "src_agency": "Survey of India (SOI)", "state_name": "Tamil Nadu", "id_final": "d582"}, "geometry": {"type": "Polygon", "coordinates": [[[78.85984628782914, 11.521903970944503], [79.15733985164239, 11.338391647375298], [79.05424069611418, 11.08494666184869], [78.75955486547245, 11.121520652807943], [78.71161460149307, 11.055577512777752], [78.65108869683198, 11.168246211121389], [78.75110053607376, 11.284772047804374], [78.6341379658499, 11.333925229821917], [78.65122633007982, 11.422401362927765], [78.79873145210827, 11.384212150966617], [78.85984628782914, 11.521903970944503]]]}}, {"type": "Feature", "properties": {"id": 565, "objectid": 565, "state": "TN", "stcode": "33", "district": "Tiruchirappalli", "dtcode": "591", "shape_length": 819534.6663504126, "shape_area": 4549561040.171747, "ds_name": " Administrative Boundary", "src_agency": "Survey of India (SOI)", "state_name": "Tamil Nadu", "id_final": "d583"}, "geometry": {"type": "MultiPolygon", "coordinates": [[[[78.5047904681566, 11.38308003952849], [78.57144523765749, 11.315229714961962], [78.68899864429724, 11.381673705441202], [78.6341379658499, 11.333925229821917], [78.75110053607376, 11.284772047804374], [78.65108869683198, 11.168246211121389], [78.70091924771474, 11.068553451160875], [78.9802686880244, 11.090965918619032], [79.01220240756285, 11.010065245515223], [78.94315941994219, 10.960802289906756], [79.00534450500253, 10.90060727074748], [78.7763587611055, 10.833078108262653], [78.86865210629792, 10.825558440599682], [78.8719766346424, 10.688106330477723], [78.74870147167364, 10.641966764275809], [78.68918505229502, 10.734587655671682], [78.66507340428392, 10.654762477887102], [78.63506455209463, 10.707341033017245], [78.44671044396694, 10.60851714609091], [78.58494071920575, 10.440906633622173], [78.36312383715841, 10.293695067289816], [78.27920674553786, 10.372630592781782], [78.31496220117947, 10.439451055754331], [78.17648525988594, 10.517421363524079], [78.26244368193622, 10.578921268927479], [78.28332878572179, 10.745862595806527], [78.51333250254935, 10.69488760316189], [78.58769270265901, 10.828556769655169], [78.40105780021067, 10.961304066119935], [78.19777784649487, 10.961445656554975], [78.16245817866044, 11.0467192987225], [78.23868423869338, 11.094425827877293], [78.34451433916158, 11.026228474970466], [78.5047904681566, 11.38308003952849]], [[78.58480823985978, 10.712905919991314], [78.56562299794749, 10.703570655781599], [78.5820466795971, 10.695770280511336], [78.58480823985978, 10.712905919991314]]], [[[78.63720696042888, 10.420050600637639], [78.61730940032494, 10.421628029150039], [78.62288651956696, 10.430537221282016], [78.63720696042888, 10.420050600637639]]], [[[78.6237335998598, 10.442666068965728], [78.61432643936533, 10.43359569160313], [78.61351788043186, 10.44593910006245], [78.6237335998598, 10.442666068965728]]], [[[78.60710160027617, 10.448163000667906], [78.60391992008108, 10.442828161599508], [78.60368339939825, 10.44884205113183], [78.60710160027617, 10.448163000667906]]], [[[78.61797323992462, 10.672412850097292], [78.63311015952779, 10.661117579805856], [78.6236878789791, 10.65384863922915], [78.61797323992462, 10.672412850097292]]]]}}, {"type": "Feature", "properties": {"id": 566, "objectid": 566, "state": "TN", "stcode": "33", "district": "Tirunelveli", "dtcode": "592", "shape_length": 459678.3958893345, "shape_area": 4008188735.4426675, "ds_name": " Administrative Boundary", "src_agency": "Survey of India (SOI)", "state_name": "Tamil Nadu", "id_final": "d584"}, "geometry": {"type": "Polygon", "coordinates": [[[77.65368450001202, 8.949599399679615], [77.84785928031816, 8.80936205084959], [77.78089876828815, 8.58347547418057], [77.83484941463566, 8.378273075222813], [77.97342931723446, 8.337972274049616], [77.58894609626, 8.141111919548308], [77.53780332592733, 8.385373127080205], [77.2675430981961, 8.57925863177106], [77.17000598478234, 8.745424471113777], [77.26040840026262, 8.881679698934203], [77.38490579923945, 8.870061699870071], [77.44391429976997, 8.766501200591438], [77.56493560007844, 8.789319299408787], [77.56244650001585, 8.912122199184283], [77.65368450001202, 8.949599399679615]]]}}, {"type": "Feature", "properties": {"id": 567, "objectid": 567, "state": "TN", "stcode": "33", "district": "Tiruvannamalai", "dtcode": "593", "shape_length": 713718.5843886391, "shape_area": 6191479427.605586, "ds_name": " Administrative Boundary", "src_agency": "Survey of India (SOI)", "state_name": "Tamil Nadu", "id_final": "d585"}, "geometry": {"type": "Polygon", "coordinates": [[[79.47732012727731, 12.872905684146723], [79.74475463625426, 12.743817986201254], [79.63023814791727, 12.630974415759304], [79.72453606073056, 12.587344896687734], [79.73615681554085, 12.428405756029509], [79.49656322483726, 12.344890609143091], [79.40153376729663, 12.435669841532887], [79.23167582535761, 12.442926009587373], [79.19807091791553, 12.343010987891411], [79.28924559381383, 12.31789842412795], [79.21077979986168, 12.193953932855692], [79.27849192809143, 12.123325141252721], [79.23352835855717, 12.05912653652408], [78.70271136291939, 11.986201937730192], [78.74508818056486, 12.123845534984842], [78.63135108969809, 12.127839982366377], [78.64797420327578, 12.258437594805503], [78.896207385274, 12.689886472902774], [79.01208453530425, 12.657239032095772], [79.25017969584246, 12.823866979074202], [79.34505202855999, 12.694853381277879], [79.39539800247162, 12.729344090028295], [79.38283955647336, 12.628229735434381], [79.46538788619682, 12.700502775907601], [79.47732012727731, 12.872905684146723]]]}}, {"type": "Feature", "properties": {"id": 568, "objectid": 568, "state": "TN", "stcode": "33", "district": "Tuticorin", "dtcode": "594", "shape_length": 521460.12158653873, "shape_area": 4897709179.685982, "ds_name": " Administrative Boundary", "src_agency": "Survey of India (SOI)", "state_name": "Tamil Nadu", "id_final": "d586"}, "geometry": {"type": "MultiPolygon", "coordinates": [[[[78.05344488012287, 9.360503065475307], [78.28038497749704, 9.289931865296962], [78.27378308061881, 9.141478164748936], [78.3853922820807, 9.093119538019472], [78.18664195207789, 8.923590914392852], [78.16335523173359, 8.789106706156648], [78.2289085267263, 8.749012144922203], [78.13720810767568, 8.68913449393522], [78.06832981911425, 8.372414528858814], [77.89252008443998, 8.322065843115759], [77.78089876828815, 8.58347547418057], [77.85149111233096, 8.802142505375913], [77.69493852491601, 8.927434753077389], [77.74462700155598, 9.079861736744796], [77.67394270264705, 9.138070287361295], [77.74553318737978, 9.267745706063158], [77.9150055333618, 9.200575496026685], [78.05344488012287, 9.360503065475307]]], [[[78.20525024117735, 8.841780615389332], [78.21578727637338, 8.842005242118748], [78.21921643038159, 8.833899909098546], [78.20525024117735, 8.841780615389332]]], [[[78.22180957614066, 8.8720367991867], [78.22739909158646, 8.870817288199806], [78.22665661694191, 8.866255878773556], [78.22180957614066, 8.8720367991867]]], [[[78.27022859015828, 8.943166864155113], [78.27130612550728, 8.939611003338092], [78.26955110113869, 8.939142239482582], [78.27022859015828, 8.943166864155113]]], [[[78.25521815022307, 8.954573930850911], [78.25057096649664, 8.952854864148279], [78.25188646203928, 8.95639427031308], [78.25521815022307, 8.954573930850911]]]]}}, {"type": "Feature", "properties": {"id": 569, "objectid": 569, "state": "TN", "stcode": "33", "district": "Vellore", "dtcode": "595", "shape_length": 428438.4070710159, "shape_area": 2132274793.0525372, "ds_name": " Administrative Boundary", "src_agency": "Survey of India (SOI)", "state_name": "Tamil Nadu", "id_final": "d587"}, "geometry": {"type": "Polygon", "coordinates": [[[79.2439350104053, 13.155606194586548], [79.2946814998186, 13.05272360065382], [79.26803109927968, 12.941702400687324], [79.18962470011098, 12.929279999704072], [79.20751597856409, 12.741909332679825], [78.80808589982429, 12.637595500539295], [78.7741398995565, 12.69837080048412], [78.91367327971146, 12.784051889339525], [78.91687629997611, 12.910896201150779], [78.7489486007996, 12.819103500285314], [78.60269559579149, 12.84529874295294], [78.71445060519405, 13.068656911014555], [79.1630537973447, 13.020238115635834], [79.2439350104053, 13.155606194586548]]]}}, {"type": "Feature", "properties": {"id": 570, "objectid": 570, "state": "TN", "stcode": "33", "district": "Villupuram", "dtcode": "596", "shape_length": 555725.1942441267, "shape_area": 3407379705.561508, "ds_name": " Administrative Boundary", "src_agency": "Survey of India (SOI)", "state_name": "Tamil Nadu", "id_final": "d588"}, "geometry": {"type": "Polygon", "coordinates": [[[79.22995519864568, 12.44152554166988], [79.49656322483726, 12.344890609143091], [79.79914248393102, 12.33735176351771], [79.9002211262812, 12.229514628066381], [80.00859205755103, 12.254762915444338], [79.82801064008802, 12.043762199341446], [79.84059193367943, 11.955739682260573], [79.6956005238044, 11.963863184127701], [79.68574423043476, 11.812444212789064], [79.35873407967743, 11.92636584047043], [79.36904915973498, 12.03797816935071], [79.21052735777572, 12.166057335694997], [79.28924559381383, 12.31789842412795], [79.19807091791553, 12.343010987891411], [79.22995519864568, 12.44152554166988]], [[79.71745519536412, 11.993237551674541], [79.66164384014228, 11.99045177976558], [79.68377541610566, 11.979215802621939], [79.71745519536412, 11.993237551674541]], [[79.77806856002819, 12.01680657103687], [79.7927169599851, 12.021066630821203], [79.77837384034387, 12.024395911313704], [79.77806856002819, 12.01680657103687]], [[79.62482448072817, 11.965038301111719], [79.65520532005559, 12.018635678572654], [79.62384024002117, 12.031386390024128], [79.62482448072817, 11.965038301111719]], [[79.67900087894272, 11.942958870567942], [79.6674729598365, 11.963367450107235], [79.65740952001993, 11.951662051019426], [79.67900087894272, 11.942958870567942]], [[79.67382804046973, 11.914276140318494], [79.62389387971527, 11.940649018912623], [79.63214111936638, 11.899339650655035], [79.67382804046973, 11.914276140318494]], [[79.64627076020469, 11.881431199321444], [79.60663620075948, 11.853503190981526], [79.66331496055622, 11.851586369610093], [79.64627076020469, 11.881431199321444]]]}}, {"type": "Feature", "properties": {"id": 571, "objectid": 571, "state": "TN", "stcode": "33", "district": "Virudhunagar", "dtcode": "597", "shape_length": 571407.9971414804, "shape_area": 4341514879.234571, "ds_name": " Administrative Boundary", "src_agency": "Survey of India (SOI)", "state_name": "Tamil Nadu", "id_final": "d589"}, "geometry": {"type": "Polygon", "coordinates": [[[78.11219393664959, 9.779091044576258], [78.21007918645043, 9.782525771717316], [78.29151005828429, 9.67463425412565], [78.32457655653901, 9.74267424658453], [78.42718809040723, 9.616247666083353], [78.35175047822189, 9.460971312970521], [78.21846580423353, 9.447394866342858], [78.29766150841462, 9.325966560284769], [78.36249655986501, 9.349184650411173], [78.32846311040403, 9.27527655163227], [78.05680146738801, 9.362547082941411], [77.90902706274223, 9.200056223494629], [77.33921771221625, 9.420152007166873], [77.60808254884832, 9.696574425545032], [77.97512204054846, 9.629601639606083], [78.08165728697051, 9.663201379347353], [78.11219393664959, 9.779091044576258]]]}}, {"type": "Feature", "properties": {"id": 572, "objectid": 572, "state": "TN", "stcode": "33", "district": "Ariyalur", "dtcode": "610", "shape_length": 259928.49727816155, "shape_area": 1957309655.542329, "ds_name": " Administrative Boundary", "src_agency": "Survey of India (SOI)", "state_name": "Tamil Nadu", "id_final": "d590"}, "geometry": {"type": "Polygon", "coordinates": [[[79.32258339021351, 11.419186945001], [79.49819278680059, 11.31385078460412], [79.50170739403448, 11.203309000331952], [79.22196976148236, 10.946367082556472], [79.00437180331366, 10.89383937317491], [78.94165713890887, 10.97303444347628], [79.1306691448566, 11.332356747258425], [79.32258339021351, 11.419186945001]]]}}, {"type": "Feature", "properties": {"id": 573, "objectid": 573, "state": "TN", "stcode": "33", "district": "Tiruppur", "dtcode": "634", "shape_length": 678686.7911406385, "shape_area": 5241066643.081378, "ds_name": " Administrative Boundary", "src_agency": "Survey of India (SOI)", "state_name": "Tamil Nadu", "id_final": "d591"}, "geometry": {"type": "Polygon", "coordinates": [[[77.23401792419594, 11.35118294615615], [77.20326333403116, 11.300068577521317], [77.28883185314393, 11.343760946903076], [77.33121794967361, 11.256796756906342], [77.36322220502673, 11.341834608751332], [77.45305644033999, 11.311450920026218], [77.50144893622223, 11.106942134997361], [77.77645390947674, 11.05833752162863], [77.76071765836798, 10.901582880514136], [77.89287016195765, 10.780495767414614], [77.7778407936142, 10.789838125171503], [77.82442070888027, 10.714928494942422], [77.73016831500287, 10.630365464696679], [77.69347092824559, 10.73523397940137], [77.5426706087542, 10.609765023619216], [77.40155818079907, 10.613375569805314], [77.38528358109875, 10.449371987356256], [77.32130220893168, 10.43400608315597], [77.34966999064156, 10.264326202807679], [77.25904202361689, 10.230382861115777], [77.23517682552018, 10.35279537553698], [77.09560977417723, 10.30867530790027], [77.04118831997052, 10.426816221968496], [77.08535954307754, 10.578331807797685], [77.17054290700234, 10.599721417364512], [77.16110323651488, 10.793225686362732], [77.29746263977347, 10.810544940936426], [77.15748599950416, 10.988506348912352], [77.26180913783993, 11.099229670942659], [77.17717728019349, 11.124988560063027], [77.12596908115411, 11.297306068811421], [77.23401792419594, 11.35118294615615]]]}}, {"type": "Feature", "properties": {"id": 574, "objectid": 574, "state": "TN", "stcode": "33", "district": "Kallakurichi", "dtcode": "729", "shape_length": 430193.5234869507, "shape_area": 3807771509.2464, "ds_name": " Administrative Boundary", "src_agency": "Survey of India (SOI)", "state_name": "Tamil Nadu", "id_final": "d592"}, "geometry": {"type": "Polygon", "coordinates": [[[79.27024067974709, 12.083785018571447], [79.48066626395222, 11.836783579684425], [79.44417712328134, 11.665971180680534], [79.18358692840388, 11.58594482431337], [79.06738082428384, 11.63018725389442], [78.89952327915357, 11.504551044802037], [78.77524280993632, 11.60596153950585], [78.780547601571, 11.703319725963945], [78.64577301519473, 11.66042153708488], [78.695108304666, 11.851210713766012], [78.6270425961114, 11.871044063274661], [78.71797947157253, 11.987467448904697], [79.27024067974709, 12.083785018571447]]]}}, {"type": "Feature", "properties": {"id": 575, "objectid": 575, "state": "TN", "stcode": "33", "district": "Chengalpattu", "dtcode": "730", "shape_length": 327608.5214727299, "shape_area": 2741231745.652062, "ds_name": " Administrative Boundary", "src_agency": "Survey of India (SOI)", "state_name": "Tamil Nadu", "id_final": "d593"}, "geometry": {"type": "Polygon", "coordinates": [[[80.19581959032048, 13.029688087616318], [80.2677764745764, 12.975033131835762], [80.25556327321021, 12.774252677143368], [80.00859205755103, 12.254762915444338], [79.66054876402795, 12.323055084598856], [79.80550279996204, 12.626937900541137], [79.92875570011903, 12.636862699006487], [79.87764359945868, 12.779974799201453], [80.05381110016806, 12.839586201017989], [80.19581959032048, 13.029688087616318]]]}}, {"type": "Feature", "properties": {"id": 576, "objectid": 576, "state": "TN", "stcode": "33", "district": "Ranipet", "dtcode": "731", "shape_length": 363309.3456335871, "shape_area": 1842415502.897802, "ds_name": " Administrative Boundary", "src_agency": "Survey of India (SOI)", "state_name": "Tamil Nadu", "id_final": "d594"}, "geometry": {"type": "Polygon", "coordinates": [[[79.65662307998913, 13.21034280228767], [79.78986328015078, 13.02457555919987], [79.56431224902333, 12.85575385747455], [79.47248754596544, 12.874227299475516], [79.46538788619682, 12.700502775907601], [79.36925364851719, 12.632189083181421], [79.39539800247162, 12.729344090028295], [79.19644830038035, 12.792467300817842], [79.18962470011098, 12.929279999704072], [79.26927559981654, 12.943333599247648], [79.29236579296338, 13.102770022535994], [79.59432250793895, 13.12194091407353], [79.65662307998913, 13.21034280228767]]]}}, {"type": "Feature", "properties": {"id": 577, "objectid": 577, "state": "TN", "stcode": "33", "district": "Tirupathur", "dtcode": "732", "shape_length": 332781.39526605565, "shape_area": 2085180677.7114506, "ds_name": " Administrative Boundary", "src_agency": "Survey of India (SOI)", "state_name": "Tamil Nadu", "id_final": "d595"}, "geometry": {"type": "Polygon", "coordinates": [[[78.90576119989497, 12.888181299495262], [78.91367327971146, 12.784051889339525], [78.7684535993429, 12.681456500591297], [78.85879928682564, 12.632006043083114], [78.7605998790821, 12.402098133834684], [78.60363166740905, 12.26265487084455], [78.56738767725771, 12.388982793435924], [78.43574738103973, 12.393806176265123], [78.40677556888429, 12.620244462777084], [78.49301996847065, 12.747019288092687], [78.55577007105946, 12.700111605567482], [78.60269559579149, 12.84529874295294], [78.90576119989497, 12.888181299495262]]]}}, {"type": "Feature", "properties": {"id": 578, "objectid": 578, "state": "TN", "stcode": "33", "district": "Tenkasi", "dtcode": "733", "shape_length": 362633.62915546, "shape_area": 2877743457.477795, "ds_name": " Administrative Boundary", "src_agency": "Survey of India (SOI)", "state_name": "Tamil Nadu", "id_final": "d596"}, "geometry": {"type": "Polygon", "coordinates": [[[77.34945251341736, 9.413430628124154], [77.7413716770204, 9.274993830763496], [77.67300411595245, 9.126418172645892], [77.73981578249358, 9.106789889209322], [77.72906108319442, 8.983064226805933], [77.56244650001585, 8.912122199184283], [77.56493560007844, 8.789319299408787], [77.44151110021221, 8.767773700120225], [77.14919803638155, 9.009631404128852], [77.34945251341736, 9.413430628124154]]]}}, {"type": "Feature", "properties": {"id": 579, "objectid": 579, "state": "TR", "stcode": "16", "district": "Dhalai", "dtcode": "269", "shape_length": 359945.1595042043, "shape_area": 2166058358.1766763, "ds_name": " Administrative Boundary", "src_agency": "Survey of India (SOI)", "state_name": "Tripura", "id_final": "d597"}, "geometry": {"type": "MultiPolygon", "coordinates": [[[[91.86373042677072, 23.4082304691513], [91.75248272807261, 23.57510235485859], [91.80858638259474, 23.8250751451712], [91.7450284776885, 24.24697481973736], [91.97028851363143, 24.069789740204623], [92.08047482664203, 24.104952287603254], [92.17356771018456, 23.751891567092603], [92.06333561302682, 23.6450153882788], [91.95056290331156, 23.726065562278798], [91.9430856872948, 23.435298512130323], [91.86373042677072, 23.4082304691513]]], [[[91.82117609802941, 23.497572845469193], [91.8227883752024, 23.49552739112632], [91.82262720637023, 23.494051673742597], [91.82117609802941, 23.497572845469193]]]]}}, {"type": "Feature", "properties": {"id": 580, "objectid": 580, "state": "TR", "stcode": "16", "district": "North Tripura", "dtcode": "270", "shape_length": 313870.9156788592, "shape_area": 1293399952.49178, "ds_name": " Administrative Boundary", "src_agency": "Survey of India (SOI)", "state_name": "Tripura", "id_final": "d598"}, "geometry": {"type": "Polygon", "coordinates": [[[92.1709286461466, 24.530643393682276], [92.27408991745533, 24.38831741189963], [92.21287240337303, 24.249926838079908], [92.33205744603666, 24.179561224388], [92.31673141458363, 23.864347402840767], [92.2193656119175, 23.651899624995263], [92.09166955431874, 23.935723227549524], [92.20336106835673, 24.169922923598907], [92.07261052471647, 24.314128121400373], [92.1709286461466, 24.530643393682276]]]}}, {"type": "Feature", "properties": {"id": 581, "objectid": 581, "state": "TR", "stcode": "16", "district": "South Tripura", "dtcode": "271", "shape_length": 336836.27774896205, "shape_area": 1405461366.596125, "ds_name": " Administrative Boundary", "src_agency": "Survey of India (SOI)", "state_name": "Tripura", "id_final": "d599"}, "geometry": {"type": "Polygon", "coordinates": [[[91.62547277834459, 23.425319875628457], [91.7335934286367, 23.32188708779688], [91.73132656200941, 23.141344654565398], [91.82437118497491, 23.083550220403637], [91.61938273747805, 22.93836106296472], [91.45420315240338, 23.260370144642742], [91.380843995482, 23.208523260370583], [91.39582898576357, 23.0560588979651], [91.30978553847898, 23.27637472874081], [91.62547277834459, 23.425319875628457]]]}}, {"type": "Feature", "properties": {"id": 582, "objectid": 582, "state": "TR", "stcode": "16", "district": "West Tripura", "dtcode": "272", "shape_length": 188858.33164086405, "shape_area": 906718625.1610596, "ds_name": " Administrative Boundary", "src_agency": "Survey of India (SOI)", "state_name": "Tripura", "id_final": "d600"}, "geometry": {"type": "Polygon", "coordinates": [[[91.40173580338782, 24.109520275118378], [91.48488962555673, 24.096434385253893], [91.5675659978437, 23.785649989793026], [91.23356505053654, 23.73233141411964], [91.23301899418561, 23.926957193400813], [91.37952657907104, 23.975326185736336], [91.40173580338782, 24.109520275118378]]]}}, {"type": "Feature", "properties": {"id": 583, "objectid": 583, "state": "TR", "stcode": "16", "district": "Khowai", "dtcode": "652", "shape_length": 226888.06383552172, "shape_area": 1011186797.1886029, "ds_name": " Administrative Boundary", "src_agency": "Survey of India (SOI)", "state_name": "Tripura", "id_final": "d601"}, "geometry": {"type": "Polygon", "coordinates": [[[91.66779549991476, 24.22891272185983], [91.76053131525603, 24.140680651891778], [91.80647143059949, 23.86821011537297], [91.749262747311, 23.675098536306155], [91.71720388904494, 23.768951966001435], [91.57251079388713, 23.76273999046089], [91.47308300125952, 24.07610804690587], [91.63689253708418, 24.102062031259084], [91.66779549991476, 24.22891272185983]]]}}, {"type": "Feature", "properties": {"id": 584, "objectid": 584, "state": "TR", "stcode": "16", "district": "Sepahijala", "dtcode": "653", "shape_length": 246909.94616034013, "shape_area": 1002811647.379776, "ds_name": " Administrative Boundary", "src_agency": "Survey of India (SOI)", "state_name": "Tripura", "id_final": "d602"}, "geometry": {"type": "Polygon", "coordinates": [[[91.56828195708212, 23.7823170907501], [91.39762943199737, 23.584652494695195], [91.42005623477236, 23.373515802830607], [91.30234118156855, 23.286342347280616], [91.15707702612387, 23.742018342137445], [91.56828195708212, 23.7823170907501]]]}}, {"type": "Feature", "properties": {"id": 585, "objectid": 585, "state": "TR", "stcode": "16", "district": "Gomati", "dtcode": "654", "shape_length": 330104.2045210918, "shape_area": 1597284690.8461814, "ds_name": " Administrative Boundary", "src_agency": "Survey of India (SOI)", "state_name": "Tripura", "id_final": "d603"}, "geometry": {"type": "Polygon", "coordinates": [[[91.71720388904494, 23.768951966001435], [91.86373042677072, 23.4082304691513], [91.75983453378112, 23.28340118936091], [91.82437118497491, 23.083550220403637], [91.73132656200941, 23.141344654565398], [91.7335934286367, 23.32188708779688], [91.62848879133696, 23.42453259740646], [91.44246719709648, 23.365370803609835], [91.37687014121941, 23.444398043905977], [91.39762943199737, 23.584652494695195], [91.61949078979889, 23.768483907492524], [91.71720388904494, 23.768951966001435]]]}}, {"type": "Feature", "properties": {"id": 586, "objectid": 586, "state": "TR", "stcode": "16", "district": "Unakoti", "dtcode": "655", "shape_length": 181962.70087447678, "shape_area": 662730278.6953458, "ds_name": " Administrative Boundary", "src_agency": "Survey of India (SOI)", "state_name": "Tripura", "id_final": "d604"}, "geometry": {"type": "Polygon", "coordinates": [[[91.99812920565424, 24.392321867930377], [92.20230772856848, 24.19021262200461], [92.10597004996495, 24.010645748345535], [92.08047482664203, 24.104952287603254], [91.97028851363143, 24.069789740204623], [91.90270287790571, 24.13779638032683], [91.91998876417743, 24.337460945967123], [91.99595060785029, 24.32205448576644], [91.99812920565424, 24.392321867930377]]]}}, {"type": "Feature", "properties": {"id": 587, "objectid": 587, "state": "TS", "stcode": "36", "district": "Adilabad", "dtcode": "501", "shape_length": 395373.7846240376, "shape_area": 3962787884.393152, "ds_name": " Administrative Boundary", "src_agency": "Survey of India (SOI)", "state_name": "Telangana", "id_final": "d605"}, "geometry": {"type": "Polygon", "coordinates": [[[78.28544272192578, 19.854369150256115], [78.49023814871244, 19.792684456025327], [78.84096345335251, 19.76189008566284], [79.02948999955535, 19.44508999888065], [78.92253000010166, 19.47837000031089], [78.81095000039834, 19.39664000072854], [78.89944000045419, 19.331490000924845], [78.81262146219602, 19.231324473758775], [78.71403526227398, 19.33221845008135], [78.43793000045437, 19.167600000344784], [78.30610000022645, 19.219429999764564], [78.17172945640098, 19.357651707046212], [78.30450801678275, 19.456517958252025], [78.26264904730972, 19.665064243194365], [78.34309222839481, 19.713250319402253], [78.28544272192578, 19.854369150256115]]]}}, {"type": "Feature", "properties": {"id": 588, "objectid": 588, "state": "TS", "stcode": "36", "district": "Hyderabad", "dtcode": "507", "shape_length": 100349.43925353842, "shape_area": 205588535.55565196, "ds_name": " Administrative Boundary", "src_agency": "Survey of India (SOI)", "state_name": "Telangana", "id_final": "d606"}, "geometry": {"type": "Polygon", "coordinates": [[[78.52411999970799, 17.47370000060528], [78.53262999912114, 17.352270000519937], [78.4610939913897, 17.29820845192226], [78.36789065056328, 17.37614230375128], [78.3941769520105, 17.45456294082682], [78.52411999970799, 17.47370000060528]]]}}, {"type": "Feature", "properties": {"id": 589, "objectid": 589, "state": "TS", "stcode": "36", "district": "Karimnagar", "dtcode": "508", "shape_length": 263370.36403554684, "shape_area": 1918027390.8694367, "ds_name": " Administrative Boundary", "src_agency": "Survey of India (SOI)", "state_name": "Telangana", "id_final": "d607"}, "geometry": {"type": "Polygon", "coordinates": [[[78.99143999983453, 18.671560001097625], [79.17364140605204, 18.649626450717577], [79.23642630706523, 18.447128827255934], [79.5691978735483, 18.425931484683336], [79.5690983468709, 18.267828144065156], [79.46569639666107, 18.169144148266916], [79.1574599997695, 18.1686700015731], [79.15365014060525, 18.387065733304354], [78.96860999907143, 18.43713000094838], [78.94712000016546, 18.56048000010587], [78.99143999983453, 18.671560001097625]]]}}, {"type": "Feature", "properties": {"id": 590, "objectid": 590, "state": "TS", "stcode": "36", "district": "Khammam", "dtcode": "509", "shape_length": 593477.9056278088, "shape_area": 4179344904.120868, "ds_name": " Administrative Boundary", "src_agency": "Survey of India (SOI)", "state_name": "Telangana", "id_final": "d608"}, "geometry": {"type": "Polygon", "coordinates": [[[80.3061399997956, 17.57998999941748], [80.33825000023361, 17.488219999467187], [80.47551999945468, 17.548520000627313], [80.39959999975166, 17.425860001147278], [80.52853000009598, 17.237350000528934], [80.86737849407083, 17.33627501355268], [80.85842999935323, 17.21895999924215], [80.92093568683707, 17.201256329339014], [80.84530945288299, 17.03996715519519], [80.57994159316348, 17.152988290677154], [80.46485931121877, 17.030023781449767], [80.3872639818376, 17.07129201482518], [80.36341308315244, 16.97606430291976], [80.60194160744095, 16.91858970521311], [80.5702408012675, 16.76800901778883], [80.38053168501284, 16.81737617208109], [80.19669259436775, 17.04394357691888], [80.05544211652928, 16.97142170708624], [79.80168747813994, 17.312351363420568], [79.96970089602449, 17.406550357732726], [80.16078026677707, 17.376919294503583], [80.22369600074468, 17.567542000021657], [80.3061399997956, 17.57998999941748]]]}}, {"type": "Feature", "properties": {"id": 591, "objectid": 591, "state": "TS", "stcode": "36", "district": "Mahabubnagar", "dtcode": "512", "shape_length": 423040.15222999017, "shape_area": 2729367043.3895054, "ds_name": " Administrative Boundary", "src_agency": "Survey of India (SOI)", "state_name": "Telangana", "id_final": "d609"}, "geometry": {"type": "Polygon", "coordinates": [[[78.05041999975289, 17.00183999945071], [78.27379999959916, 16.95450000002974], [78.33395000008392, 16.793229999720264], [78.44417999964598, 16.82725999962273], [78.4889999990852, 16.748649999443668], [78.36475388590307, 16.635291204489125], [78.16148965128336, 16.72572990134597], [78.12205999986614, 16.605370000078295], [78.0116640002715, 16.616955499440277], [77.94289999917622, 16.48580000176315], [77.88809000058674, 16.52385000143004], [77.9238899995635, 16.455190000228512], [77.8224720006439, 16.377798000632655], [77.73182200016527, 16.459603999723083], [77.7975899995114, 16.632479999958676], [77.67441051159517, 16.776711063448104], [77.73758999988641, 16.797810001806145], [77.76710000009537, 16.99868000025621], [77.97030730289941, 16.86034816475749], [78.05041999975289, 17.00183999945071]]]}}, {"type": "Feature", "properties": {"id": 592, "objectid": 592, "state": "TS", "stcode": "36", "district": "Medak", "dtcode": "513", "shape_length": 362037.59807707655, "shape_area": 2805277137.2474604, "ds_name": " Administrative Boundary", "src_agency": "Survey of India (SOI)", "state_name": "Telangana", "id_final": "d610"}, "geometry": {"type": "Polygon", "coordinates": [[[78.21706000033339, 18.20682000189799], [78.38458999958226, 18.122829998556558], [78.56920999975222, 18.178220000592336], [78.49263286547618, 17.684956400908714], [78.33943450634906, 17.764180273826426], [78.32474999956854, 17.68025000084396], [78.23914000025457, 17.69739999973459], [78.06904999959178, 17.921840000795605], [77.91711022922776, 17.821638147081494], [77.79353000095087, 17.927219999094167], [77.85911400031092, 18.084960000104154], [78.14472999990622, 18.068570000927572], [78.21706000033339, 18.20682000189799]]]}}, {"type": "Feature", "properties": {"id": 593, "objectid": 593, "state": "TS", "stcode": "36", "district": "Nalgonda", "dtcode": "514", "shape_length": 462799.13796218357, "shape_area": 7029490433.133174, "ds_name": " Administrative Boundary", "src_agency": "Survey of India (SOI)", "state_name": "Telangana", "id_final": "d611"}, "geometry": {"type": "Polygon", "coordinates": [[[79.23430400078385, 17.334489999587216], [79.47525000015267, 17.32809000035145], [79.68924950132475, 16.69340835480296], [79.25683795722651, 16.565818557090786], [79.21059445229177, 16.356174748044868], [78.90938944591902, 16.551478013060837], [78.68766394685696, 16.536643340526417], [78.66737844277931, 16.651720393410336], [78.80209729013058, 16.826197745515117], [78.7020998966535, 16.96454326749269], [78.89806000066407, 17.05400000135816], [78.97076000084286, 17.280749998366684], [79.17838000072403, 17.256749998348337], [79.30441000046451, 17.291100000995797], [79.23430400078385, 17.334489999587216]]]}}, {"type": "Feature", "properties": {"id": 594, "objectid": 594, "state": "TS", "stcode": "36", "district": "Nizamabad", "dtcode": "516", "shape_length": 320483.06805174606, "shape_area": 4101995224.454837, "ds_name": " Administrative Boundary", "src_agency": "Survey of India (SOI)", "state_name": "Telangana", "id_final": "d612"}, "geometry": {"type": "Polygon", "coordinates": [[[78.2718899999303, 18.997730000355368], [78.28583999968237, 18.94205000135865], [78.5208699991655, 18.960289999432003], [78.65244000078762, 18.593140000615843], [78.48373000065735, 18.43575000046751], [78.17226000066506, 18.513860000804605], [78.02680000017656, 18.433250001085575], [77.7626500001454, 18.496010000060924], [77.72997424759811, 18.666936907917794], [77.83995480281592, 18.804821513049504], [78.2718899999303, 18.997730000355368]]]}}, {"type": "Feature", "properties": {"id": 595, "objectid": 595, "state": "TS", "stcode": "36", "district": "Ranga Reddy", "dtcode": "518", "shape_length": 524999.3801279827, "shape_area": 4886302760.119281, "ds_name": " Administrative Boundary", "src_agency": "Survey of India (SOI)", "state_name": "Telangana", "id_final": "d613"}, "geometry": {"type": "Polygon", "coordinates": [[[78.08338000030056, 17.507689999905544], [78.26227999938403, 17.426019998545826], [78.3414560000953, 17.510353999885094], [78.4610939913897, 17.29820845192226], [78.5356600000639, 17.38477000007272], [78.73755813612551, 17.385577995193394], [78.84420664968631, 17.068464082084557], [78.69619044070666, 16.93882890028318], [78.80209729013058, 16.826197745515117], [78.78080940435983, 16.746076795224003], [78.6527051071379, 16.766972053401084], [78.68311071995686, 16.788829650219967], [78.6667100120639, 16.832430084383347], [78.63298004594978, 16.77647938766317], [78.33920999932951, 16.789450001312627], [78.27379999959916, 16.95450000002974], [77.93773999974302, 17.02738999987419], [78.05727999972154, 17.205190000958936], [77.99329000015999, 17.355260000152892], [78.08338000030056, 17.507689999905544]]]}}, {"type": "Feature", "properties": {"id": 596, "objectid": 596, "state": "TS", "stcode": "36", "district": "Warangal", "dtcode": "522", "shape_length": 296136.02371479286, "shape_area": 2068922222.8274562, "ds_name": " Administrative Boundary", "src_agency": "Survey of India (SOI)", "state_name": "Telangana", "id_final": "d614"}, "geometry": {"type": "Polygon", "coordinates": [[[79.58149353284429, 18.24551565869837], [79.84670239445097, 18.1523588930205], [79.8145047677655, 18.091923819895836], [79.98212000067774, 18.079950001109594], [79.97989999956461, 17.89267000045385], [79.86900800058754, 17.81524200100755], [79.89550000033539, 17.73453000108775], [79.56027000000827, 17.61996000002149], [79.4793899998018, 17.74354000124319], [79.66361999961715, 18.025760000625077], [79.58149353284429, 18.24551565869837]]]}}, {"type": "Feature", "properties": {"id": 597, "objectid": 597, "state": "TS", "stcode": "36", "district": "Nirmal", "dtcode": "680", "shape_length": 451190.07804894604, "shape_area": 3616018097.7085586, "ds_name": " Administrative Boundary", "src_agency": "Survey of India (SOI)", "state_name": "Telangana", "id_final": "d615"}, "geometry": {"type": "Polygon", "coordinates": [[[77.96218847239737, 19.33520897408115], [78.0556752499153, 19.237121712229058], [78.22475000034859, 19.30700000054057], [78.41809572014519, 19.164861743900126], [78.62039918535807, 19.315906018484693], [78.71869549694239, 19.331314693440454], [78.80976930490455, 19.230965408858946], [78.8918099996951, 19.288549999204605], [78.96054999926726, 19.25025000142133], [78.8754499996252, 19.103729999328575], [78.94984000086983, 19.072139999075567], [78.54453999995256, 18.944580000123764], [78.17203999910573, 18.997290000528015], [77.93477564143366, 18.845144787558926], [77.76190224146518, 19.03617837800548], [77.85039502637738, 19.088556894890694], [77.86347389826204, 19.304186200418016], [77.96218847239737, 19.33520897408115]]]}}, {"type": "Feature", "properties": {"id": 598, "objectid": 598, "state": "TS", "stcode": "36", "district": "Jagitial", "dtcode": "681", "shape_length": 263511.4798277354, "shape_area": 2789977883.989475, "ds_name": " Administrative Boundary", "src_agency": "Survey of India (SOI)", "state_name": "Telangana", "id_final": "d616"}, "geometry": {"type": "Polygon", "coordinates": [[[78.9924100002685, 19.07135999954929], [79.30392000017507, 18.816500001431912], [79.29260000060789, 18.751450000141208], [79.15788000048327, 18.754250001096636], [79.1099293391276, 18.64663259499479], [78.99143999983453, 18.671560001097625], [78.98490000015381, 18.57559999901349], [78.66820999948365, 18.624020000789148], [78.53013999944262, 18.940260000723942], [78.9924100002685, 19.07135999954929]]]}}, {"type": "Feature", "properties": {"id": 599, "objectid": 599, "state": "TS", "stcode": "36", "district": "Peddapalli", "dtcode": "682", "shape_length": 221402.7302092907, "shape_area": 2112741539.2575986, "ds_name": " Administrative Boundary", "src_agency": "Survey of India (SOI)", "state_name": "Telangana", "id_final": "d617"}, "geometry": {"type": "Polygon", "coordinates": [[[79.40321797252234, 18.856466183417403], [79.67962400871478, 18.67282092321144], [79.80842563230479, 18.70895061389871], [79.78695639222869, 18.56668893252846], [79.48948689828323, 18.391468654745417], [79.23642630706523, 18.447128827255934], [79.11108000096785, 18.700880000115824], [79.40321797252234, 18.856466183417403]]]}}, {"type": "Feature", "properties": {"id": 600, "objectid": 600, "state": "TS", "stcode": "36", "district": "Rajanna Sircilla", "dtcode": "683", "shape_length": 206874.50435334162, "shape_area": 1752531848.5001764, "ds_name": " Administrative Boundary", "src_agency": "Survey of India (SOI)", "state_name": "Telangana", "id_final": "d618"}, "geometry": {"type": "Polygon", "coordinates": [[[78.71381000012055, 18.626850000993375], [78.95335000101454, 18.583660001038403], [79.02071999952223, 18.37086000077726], [78.97195000017601, 18.21805000065242], [78.5674839995834, 18.221016000651648], [78.52314599955204, 18.279078000459606], [78.55153999925888, 18.522892000486888], [78.71381000012055, 18.626850000993375]]]}}, {"type": "Feature", "properties": {"id": 601, "objectid": 601, "state": "TS", "stcode": "36", "district": "Mancherial", "dtcode": "684", "shape_length": 423395.23048768716, "shape_area": 3635796954.5634804, "ds_name": " Administrative Boundary", "src_agency": "Survey of India (SOI)", "state_name": "Telangana", "id_final": "d619"}, "geometry": {"type": "Polygon", "coordinates": [[[79.51092524612865, 19.283275509755235], [79.66572714023506, 19.16780341798576], [79.93051972180733, 19.155121697838133], [79.85836095631515, 19.095854384706985], [79.9380922455529, 19.04105767066917], [79.96129726761028, 18.864701753919476], [79.83309508358575, 18.867258616610627], [79.79761554969309, 18.69628798112627], [79.67962400871478, 18.67282092321144], [79.42040026074696, 18.85342486743092], [79.28291000007415, 18.818330001612253], [79.06756000008205, 19.04745000131112], [78.8754499996252, 19.103729999328575], [78.95969486077644, 19.24628058753264], [79.23008631972704, 19.03348004322408], [79.36193162064764, 19.13467792946638], [79.35435125023508, 19.221319710348972], [79.5358197218864, 19.19175961987636], [79.51092524612865, 19.283275509755235]]]}}, {"type": "Feature", "properties": {"id": 602, "objectid": 602, "state": "TS", "stcode": "36", "district": "Kamareddy", "dtcode": "685", "shape_length": 434666.7194360128, "shape_area": 3616412404.4250245, "ds_name": " Administrative Boundary", "src_agency": "Survey of India (SOI)", "state_name": "Telangana", "id_final": "d620"}, "geometry": {"type": "Polygon", "coordinates": [[[77.65058829072923, 18.546297088909935], [78.02680000017656, 18.433250001085575], [78.07912999976814, 18.50726999948528], [78.53268000053623, 18.47596000102899], [78.57053000032691, 18.180129999222938], [78.38458999958226, 18.122829998556558], [78.20712999991662, 18.215330000020113], [78.14472999990622, 18.068570000927572], [77.89674500073305, 18.08954500093491], [77.90568000032285, 18.192259999652062], [77.55147817877143, 18.291895856492367], [77.52772708274448, 18.44270279285888], [77.65058829072923, 18.546297088909935]]]}}, {"type": "Feature", "properties": {"id": 603, "objectid": 603, "state": "TS", "stcode": "36", "district": "Hanumakonda", "dtcode": "686", "shape_length": 184963.64437737834, "shape_area": 1133756810.7924085, "ds_name": " Administrative Boundary", "src_agency": "Survey of India (SOI)", "state_name": "Telangana", "id_final": "d621"}, "geometry": {"type": "Polygon", "coordinates": [[[79.5674868620697, 18.250361488472894], [79.66362500049839, 18.02617000024112], [79.61566999928617, 17.899399998659373], [79.45972000032317, 17.873599998284266], [79.23160000028328, 17.991799999713745], [79.29985399998475, 18.137908000853457], [79.5674868620697, 18.250361488472894]]]}}, {"type": "Feature", "properties": {"id": 604, "objectid": 604, "state": "TS", "stcode": "36", "district": "Jayashankar Bhupalapally", "dtcode": "687", "shape_length": 328995.69550703163, "shape_area": 2869749465.875323, "ds_name": " Administrative Boundary", "src_agency": "Survey of India (SOI)", "state_name": "Telangana", "id_final": "d622"}, "geometry": {"type": "Polygon", "coordinates": [[[79.82796204783833, 18.860418266578783], [80.11812186994487, 18.680516793029792], [80.27844082801533, 18.72161269291592], [80.3431402282829, 18.598082381052823], [80.22973999974789, 18.55207000030903], [80.17263172615723, 18.34928899915786], [79.88634999978673, 18.39405999920219], [79.94362999958273, 18.295419998943796], [79.87828000000977, 18.299240000065144], [79.8027358256092, 18.144685845702757], [79.69644827623067, 18.27715364172745], [79.5674868620697, 18.250361488472894], [79.5691978735483, 18.425931484683336], [79.78695639222869, 18.56668893252846], [79.82796204783833, 18.860418266578783]]]}}, {"type": "Feature", "properties": {"id": 605, "objectid": 605, "state": "TS", "stcode": "36", "district": "Mahabubabad", "dtcode": "688", "shape_length": 361637.74283183523, "shape_area": 3467050531.1109233, "ds_name": " Administrative Boundary", "src_agency": "Survey of India (SOI)", "state_name": "Telangana", "id_final": "d623"}, "geometry": {"type": "Polygon", "coordinates": [[[79.98212000067774, 18.079950001109594], [80.31840999997952, 17.99427000112747], [80.20259800023976, 17.77368600082469], [80.25446000054468, 17.693240001260357], [80.20935200012279, 17.43436800042953], [79.79535081092227, 17.325806564787698], [79.56828000035878, 17.620479999921557], [79.896370001013, 17.735190000585153], [79.98212000067774, 18.079950001109594]]]}}, {"type": "Feature", "properties": {"id": 606, "objectid": 606, "state": "TS", "stcode": "36", "district": "Jangoan", "dtcode": "689", "shape_length": 280158.1559822876, "shape_area": 2171612887.298317, "ds_name": " Administrative Boundary", "src_agency": "Survey of India (SOI)", "state_name": "Telangana", "id_final": "d624"}, "geometry": {"type": "Polygon", "coordinates": [[[79.23464681730839, 17.989066724583434], [79.53670000052931, 17.891680000140376], [79.47948999943603, 17.70285000116409], [79.59456000000685, 17.498630001489225], [79.16519999973552, 17.578550000995765], [78.99178000038836, 17.79227000073357], [78.86633999965045, 17.80830000032032], [79.23464681730839, 17.989066724583434]]]}}, {"type": "Feature", "properties": {"id": 607, "objectid": 607, "state": "TS", "stcode": "36", "district": "Bhadradri Kothagudem", "dtcode": "690", "shape_length": 575248.406039222, "shape_area": 6984241973.972966, "ds_name": " Administrative Boundary", "src_agency": "Survey of India (SOI)", "state_name": "Telangana", "id_final": "d625"}, "geometry": {"type": "Polygon", "coordinates": [[[80.84191791137926, 18.237357259489393], [80.86726437670177, 18.14008743068308], [80.97902776952566, 18.178746874590306], [81.00828517061463, 17.798159868470126], [81.10420590997636, 17.77197292542335], [80.92785046625215, 17.761775185703087], [80.84950600026824, 17.61740600087654], [81.32110209272778, 17.38797400447578], [81.03120995210787, 17.190332338786813], [80.8605000003614, 17.21616999960452], [80.86737849407083, 17.33627501355268], [80.52853000009598, 17.237350000528934], [80.39959999975166, 17.425860001147278], [80.47551999945468, 17.548520000627313], [80.33825000023361, 17.488219999467187], [80.31984999882995, 17.576970001228947], [80.20213000011233, 17.61132999998543], [80.25446000054468, 17.693240001260357], [80.20259800023976, 17.77368600082469], [80.3606899998228, 18.049790000646077], [80.73958999904394, 18.103070000869497], [80.84191791137926, 18.237357259489393]]]}}, {"type": "Feature", "properties": {"id": 608, "objectid": 608, "state": "TS", "stcode": "36", "district": "Sangareddy", "dtcode": "691", "shape_length": 577314.6531653284, "shape_area": 4206537363.1014953, "ds_name": " Administrative Boundary", "src_agency": "Survey of India (SOI)", "state_name": "Telangana", "id_final": "d626"}, "geometry": {"type": "Polygon", "coordinates": [[[77.67505000060763, 18.275549999240518], [77.93764000013279, 18.14832000049592], [77.79226999932459, 17.933360000030508], [77.83978999912642, 17.861840000103907], [77.9375800003332, 17.824250001183895], [78.06904999959178, 17.921840000795605], [78.23914000025457, 17.69739999973459], [78.32474999956854, 17.68025000084396], [78.33943450634906, 17.764180273826426], [78.44387999957168, 17.71875000138792], [78.28988999916169, 17.429650000619304], [77.96527000033784, 17.48428000060352], [77.82457088886498, 17.640374633552042], [77.68342071828872, 17.508175980145918], [77.44309267810843, 17.584001249790635], [77.65574870945976, 17.96817220525573], [77.55288299407944, 18.038798584752968], [77.5718471961537, 18.243909690359775], [77.67505000060763, 18.275549999240518]]]}}, {"type": "Feature", "properties": {"id": 609, "objectid": 609, "state": "TS", "stcode": "36", "district": "Siddipet", "dtcode": "692", "shape_length": 383117.7530628456, "shape_area": 3656482158.143353, "ds_name": " Administrative Boundary", "src_agency": "Survey of India (SOI)", "state_name": "Telangana", "id_final": "d627"}, "geometry": {"type": "Polygon", "coordinates": [[[79.1194866265579, 18.398436340580883], [79.1114300002976, 18.215020000556482], [79.29985399998475, 18.137908000853457], [79.23764999927529, 17.998620000621642], [79.09019000024739, 17.865339999932306], [78.93047000010068, 17.868100000142736], [78.81492999951705, 17.70001000100682], [78.49263286547618, 17.684956400908714], [78.58964500022809, 18.246965000240944], [78.95632666707368, 18.209566666861154], [78.99630636555912, 18.404709387858677], [79.1194866265579, 18.398436340580883]]]}}, {"type": "Feature", "properties": {"id": 610, "objectid": 610, "state": "TS", "stcode": "36", "district": "Wanaparthy", "dtcode": "693", "shape_length": 313077.7810444658, "shape_area": 2134690263.8144639, "ds_name": " Administrative Boundary", "src_agency": "Survey of India (SOI)", "state_name": "Telangana", "id_final": "d628"}, "geometry": {"type": "Polygon", "coordinates": [[[78.0772900002342, 16.62778000008004], [78.10357999985776, 16.478769998891945], [78.31796999934282, 16.393540001998733], [78.26069999954937, 16.284269999719164], [78.16277000052918, 16.282880001014934], [78.22148074207952, 15.943890101630563], [77.69125000021432, 16.344820000324862], [77.76714999955021, 16.429120000238196], [77.85824600022173, 16.36971999941488], [77.88809000058674, 16.52385000143004], [77.98482600025653, 16.50160600013621], [78.0772900002342, 16.62778000008004]]]}}, {"type": "Feature", "properties": {"id": 611, "objectid": 611, "state": "TS", "stcode": "36", "district": "Nagarkurnool", "dtcode": "694", "shape_length": 515248.972793908, "shape_area": 6072817330.886749, "ds_name": " Administrative Boundary", "src_agency": "Survey of India (SOI)", "state_name": "Telangana", "id_final": "d629"}, "geometry": {"type": "Polygon", "coordinates": [[[78.6667100120639, 16.832430084383347], [78.75955112925223, 16.730626453703], [78.66737844277931, 16.651720393410336], [78.68766394685696, 16.536643340526417], [78.9103959849566, 16.551101137787096], [79.23381023160299, 16.335803587999305], [79.21945783933793, 16.23175019098535], [79.00940507807198, 16.2401496969062], [78.74081783722822, 16.008653883970315], [78.62123952191, 16.08803317762774], [78.24277000047859, 16.01266000023241], [78.16277000052918, 16.282880001014934], [78.32341999974972, 16.357050000924104], [78.1020899998026, 16.481160001335383], [78.16075876072486, 16.724458264749963], [78.36475388590307, 16.635291204489125], [78.49642200075728, 16.819520000370186], [78.63298004594978, 16.77647938766317], [78.6667100120639, 16.832430084383347]]]}}, {"type": "Feature", "properties": {"id": 612, "objectid": 612, "state": "TS", "stcode": "36", "district": "Jogulamba Gadwal", "dtcode": "695", "shape_length": 271466.5938424114, "shape_area": 2516123198.7720294, "ds_name": " Administrative Boundary", "src_agency": "Survey of India (SOI)", "state_name": "Telangana", "id_final": "d630"}, "geometry": {"type": "Polygon", "coordinates": [[[77.69125000021432, 16.344820000324862], [78.15409863097457, 15.951588339355329], [78.25161714250181, 15.935224717832096], [78.13395763045085, 15.836281426989373], [78.03188956905265, 15.907346114908204], [77.51342447003962, 15.926797167999927], [77.49018467064451, 16.25534596922633], [77.69125000021432, 16.344820000324862]]]}}, {"type": "Feature", "properties": {"id": 613, "objectid": 613, "state": "TS", "stcode": "36", "district": "Suryapet", "dtcode": "696", "shape_length": 336393.1235225527, "shape_area": 3503321927.5786633, "ds_name": " Administrative Boundary", "src_agency": "Survey of India (SOI)", "state_name": "Telangana", "id_final": "d631"}, "geometry": {"type": "Polygon", "coordinates": [[[79.36157999984033, 17.505910000037762], [79.76037084189777, 17.43201748457155], [79.90059153581096, 17.2538826460687], [79.88104648981047, 17.173626436704605], [80.04034154379964, 17.0499705124525], [79.99876148261679, 16.865214053502026], [80.07060194458336, 16.8016922773115], [79.94975405971732, 16.635900804330376], [79.78409418840897, 16.730539953988295], [79.68924950132475, 16.69340835480296], [79.60069599950484, 17.066450000355054], [79.36157999984033, 17.505910000037762]]]}}, {"type": "Feature", "properties": {"id": 614, "objectid": 614, "state": "TS", "stcode": "36", "district": "Yadadri Bhuvanagiri", "dtcode": "697", "shape_length": 369996.0394091424, "shape_area": 3303444678.597668, "ds_name": " Administrative Boundary", "src_agency": "Survey of India (SOI)", "state_name": "Telangana", "id_final": "d632"}, "geometry": {"type": "Polygon", "coordinates": [[[78.91639000012088, 17.804300000592917], [79.16519999973552, 17.578550000995765], [79.37198600072904, 17.513122000094743], [79.46205999996945, 17.343400000062747], [79.2398299993637, 17.359789999122302], [79.30441000046451, 17.291100000995797], [79.10343099802974, 17.242715635978115], [78.97076000084286, 17.280749998366684], [78.98302000027107, 17.157310000234347], [78.88665000013619, 17.05200000104608], [78.77446431865732, 17.152942012833805], [78.82114999919088, 17.2281599997183], [78.75327999953277, 17.2617800005148], [78.6822100004178, 17.574980001472973], [78.91639000012088, 17.804300000592917]]]}}, {"type": "Feature", "properties": {"id": 615, "objectid": 615, "state": "TS", "stcode": "36", "district": "Vikarabad", "dtcode": "698", "shape_length": 413892.471175773, "shape_area": 3609567818.1608315, "ds_name": " Administrative Boundary", "src_agency": "Survey of India (SOI)", "state_name": "Telangana", "id_final": "d633"}, "geometry": {"type": "Polygon", "coordinates": [[[77.79758711017973, 17.636654136502454], [78.06836999910713, 17.425779999925133], [77.99329000015999, 17.355260000152892], [78.04456999989863, 17.167409999221743], [77.92472000038259, 17.06377999935572], [78.01388080868648, 16.948552851443804], [77.98207244910697, 16.862509051755122], [77.73096000017252, 17.034420001035024], [77.5525999999723, 16.907019998660346], [77.46621482805675, 16.95410130299279], [77.46363790780143, 17.10996443482119], [77.36339182260006, 17.15983642392803], [77.45361022473611, 17.37399412117877], [77.68861826347793, 17.47534107441778], [77.79758711017973, 17.636654136502454]]]}}, {"type": "Feature", "properties": {"id": 616, "objectid": 616, "state": "TS", "stcode": "36", "district": "Kumuram Bheem Asifabad", "dtcode": "699", "shape_length": 451861.1007976155, "shape_area": 4385915525.641571, "ds_name": " Administrative Boundary", "src_agency": "Survey of India (SOI)", "state_name": "Telangana", "id_final": "d634"}, "geometry": {"type": "Polygon", "coordinates": [[[79.2833189423938, 19.59559876392194], [79.47142489012094, 19.500191724882434], [79.78085987262166, 19.59822963965227], [79.974456660397, 19.411847443045286], [79.94501162944452, 19.16766598672797], [79.66572714023506, 19.16780341798576], [79.50126146828295, 19.284669084727966], [79.53047192875869, 19.187045673605557], [79.35435125023508, 19.221319710348972], [79.31145207020913, 19.08266913876018], [79.14718396598026, 19.071352466301786], [78.81095000039834, 19.39664000072854], [78.92253000010166, 19.47837000031089], [79.02948999955535, 19.44508999888065], [78.99120194006142, 19.553808726716376], [79.21568456511379, 19.464635585681336], [79.2833189423938, 19.59559876392194]]]}}, {"type": "Feature", "properties": {"id": 617, "objectid": 617, "state": "TS", "stcode": "36", "district": "Medchal Malkajgiri", "dtcode": "700", "shape_length": 196096.92343267053, "shape_area": 1006727467.2965342, "ds_name": " Administrative Boundary", "src_agency": "Survey of India (SOI)", "state_name": "Telangana", "id_final": "d635"}, "geometry": {"type": "Polygon", "coordinates": [[[78.3968199996328, 17.675019999630212], [78.72494999937643, 17.66654000127146], [78.73930000079307, 17.385690000644868], [78.55647000090167, 17.364069999468757], [78.53314000020515, 17.5002500007128], [78.34692999998009, 17.481780000266987], [78.3968199996328, 17.675019999630212]]]}}, {"type": "Feature", "properties": {"id": 618, "objectid": 618, "state": "TS", "stcode": "36", "district": "Mulugu", "dtcode": "720", "shape_length": 348865.8366783844, "shape_area": 4218073358.4736085, "ds_name": " Administrative Boundary", "src_agency": "Survey of India (SOI)", "state_name": "Telangana", "id_final": "d636"}, "geometry": {"type": "Polygon", "coordinates": [[[80.49479715313277, 18.626679544739414], [80.7348352479615, 18.412821360420615], [80.79417642384556, 18.25688818151272], [80.73958999904394, 18.103070000869497], [80.69381000067837, 18.14404999851985], [80.51655000014111, 18.03291999864154], [80.39407000031179, 18.081120001016743], [80.31840999997952, 17.99427000112747], [79.8145047677655, 18.091923819895836], [79.87732999964325, 18.297760001064237], [79.94362999958273, 18.295419998943796], [79.88634999978673, 18.39405999920219], [80.17263172615723, 18.34928899915786], [80.26549999900938, 18.584299999838468], [80.49479715313277, 18.626679544739414]]]}}, {"type": "Feature", "properties": {"id": 619, "objectid": 619, "state": "TS", "stcode": "36", "district": "Narayanpet", "dtcode": "721", "shape_length": 343482.666356584, "shape_area": 2356489384.32641, "ds_name": " Administrative Boundary", "src_agency": "Survey of India (SOI)", "state_name": "Telangana", "id_final": "d637"}, "geometry": {"type": "Polygon", "coordinates": [[[77.68759999913219, 17.021150000188484], [77.76710000009537, 16.99868000025621], [77.73758999988641, 16.797810001806145], [77.67441051159517, 16.776711063448104], [77.7975899995114, 16.632479999958676], [77.74438000085449, 16.388780001573863], [77.57338236709843, 16.340743417448586], [77.28820155038545, 16.408713089933073], [77.23588992776521, 16.472853769825942], [77.46729330509325, 16.598549523634926], [77.46621482805675, 16.95410130299279], [77.57888722901598, 16.90579918291941], [77.68759999913219, 17.021150000188484]]]}}, {"type": "Feature", "properties": {"id": 620, "objectid": 620, "state": "UK", "stcode": "05", "district": "Almora", "dtcode": "045", "shape_length": 388410.7393517917, "shape_area": 3056821454.7587085, "ds_name": " Administrative Boundary", "src_agency": "Survey of India (SOI)", "state_name": "Uttarakhand", "id_final": "d638"}, "geometry": {"type": "Polygon", "coordinates": [[[79.06771371868655, 29.86471119394797], [79.484696776721, 29.97505663341002], [79.50776107559359, 29.87353423531088], [79.70794786171145, 29.825910545912823], [79.75836823702868, 29.70095455280308], [79.95091058474844, 29.683384123202387], [80.07784229119513, 29.52086624817139], [79.82923620111858, 29.42552546018306], [79.62125118505088, 29.555857782889106], [79.48191492530643, 29.496697826662537], [79.33446514645335, 29.612034570218913], [79.2230641251844, 29.522143443584138], [79.10860426690873, 29.54416430086914], [79.03710214289336, 29.584588798019595], [79.12111108839117, 29.71782438746902], [79.06771371868655, 29.86471119394797]]]}}, {"type": "Feature", "properties": {"id": 621, "objectid": 621, "state": "UK", "stcode": "05", "district": "Bageshwar", "dtcode": "046", "shape_length": 315406.7731955871, "shape_area": 2173107225.908763, "ds_name": " Administrative Boundary", "src_agency": "Survey of India (SOI)", "state_name": "Uttarakhand", "id_final": "d639"}, "geometry": {"type": "Polygon", "coordinates": [[[79.99842650608848, 30.316471486461797], [80.11613131735596, 30.226632671923287], [80.06750589087292, 30.01897583595275], [80.15864637084331, 29.90440809049053], [80.0127940471335, 29.88761750765882], [80.03809132199049, 29.78515990492279], [79.82207020076538, 29.78157080354938], [79.89398916400103, 29.712266679164966], [79.75836823702868, 29.70095455280308], [79.70794786171145, 29.825910545912823], [79.50776107559359, 29.87353423531088], [79.48408157950493, 30.02327274370201], [79.81294729825846, 30.02278945461089], [79.7995348766595, 30.284350882125327], [79.99842650608848, 30.316471486461797]]]}}, {"type": "Feature", "properties": {"id": 622, "objectid": 622, "state": "UK", "stcode": "05", "district": "Chamoli", "dtcode": "047", "shape_length": 521562.5429406418, "shape_area": 7618336799.435648, "ds_name": " Administrative Boundary", "src_agency": "Survey of India (SOI)", "state_name": "Uttarakhand", "id_final": "d640"}, "geometry": {"type": "Polygon", "coordinates": [[[79.42456785422922, 31.071074485461633], [79.60345524382011, 30.932654535305396], [79.86271454828382, 30.975357082845974], [80.10191376507484, 30.727938348222768], [79.97951503261714, 30.709380645826332], [80.0428033692065, 30.598363439904855], [79.97694224867273, 30.298937519578416], [79.79743741129927, 30.280561149427623], [79.81294729825846, 30.02278945461089], [79.48448455962038, 30.02339555206076], [79.42465649737368, 29.934730532336655], [79.28229443149569, 29.92562240123706], [79.07606346909297, 30.221214300764522], [79.17054160630988, 30.295381180848537], [79.11043846532483, 30.38123625059768], [79.3560214266578, 30.63153791506383], [79.22485304838166, 30.811010460274204], [79.2635201365395, 30.954934877028116], [79.42456785422922, 31.071074485461633]]]}}, {"type": "Feature", "properties": {"id": 623, "objectid": 623, "state": "UK", "stcode": "05", "district": "Champawat", "dtcode": "048", "shape_length": 265684.9385686121, "shape_area": 1712845625.1553748, "ds_name": " Administrative Boundary", "src_agency": "Survey of India (SOI)", "state_name": "Uttarakhand", "id_final": "d641"}, "geometry": {"type": "MultiPolygon", "coordinates": [[[[80.10912879617702, 29.519516945434003], [80.31851562668201, 29.303009561772537], [80.27245694500402, 29.141885477925857], [80.16632629101262, 29.12466283834685], [80.07713508184838, 28.94599171017585], [79.79354273424549, 29.336385901840956], [79.89994986425135, 29.3482027046063], [79.83283345537423, 29.39791750633969], [79.88694208801603, 29.48357499481211], [80.10912879617702, 29.519516945434003]]], [[[80.074949304763, 28.94240482047599], [80.07290761936021, 28.93942956352844], [80.07376701653207, 28.941785234883497], [80.074949304763, 28.94240482047599]]]]}}, {"type": "Feature", "properties": {"id": 624, "objectid": 624, "state": "UK", "stcode": "05", "district": "Dehradun", "dtcode": "049", "shape_length": 502384.9318625169, "shape_area": 3019084275.622921, "ds_name": " Administrative Boundary", "src_agency": "Survey of India (SOI)", "state_name": "Uttarakhand", "id_final": "d642"}, "geometry": {"type": "Polygon", "coordinates": [[[77.8222917092653, 31.02955701878257], [77.87076397519004, 30.944256999243567], [78.00023186123795, 30.95177886067835], [78.08362675342018, 30.721975807153104], [77.9387971305467, 30.503389105725716], [78.23942021216494, 30.423197065266248], [78.13345211940344, 30.343851888731773], [78.2988508601772, 30.24558259458557], [78.23373079364475, 30.184360684363476], [78.3101886198449, 30.108168843216227], [78.20207023881458, 29.96615844460222], [78.06914336818467, 30.04202904976377], [77.96084020270571, 30.243767725304348], [77.57456178185508, 30.400628514853217], [77.8268129679112, 30.527804465255137], [77.70243002082569, 30.746132442626077], [77.75821932544083, 30.87685266462128], [77.8055332764956, 30.853305173417304], [77.74878406538839, 30.95223634115872], [77.83758954479896, 30.95322768174118], [77.8222917092653, 31.02955701878257]]]}}, {"type": "Feature", "properties": {"id": 625, "objectid": 625, "state": "UK", "stcode": "05", "district": "Haridwar", "dtcode": "050", "shape_length": 285077.3792038776, "shape_area": 2225537228.2181015, "ds_name": " Administrative Boundary", "src_agency": "Survey of India (SOI)", "state_name": "Uttarakhand", "id_final": "d643"}, "geometry": {"type": "Polygon", "coordinates": [[[77.96171018959153, 30.242069047869684], [78.33562817302536, 29.7966387775272], [78.02159598068165, 29.58089818679884], [77.93329896618394, 29.60056034818327], [77.9470190902681, 29.71253043500625], [77.79904916406409, 29.686237514779126], [77.71412777735713, 29.870265857002504], [77.80119041964628, 30.09552646810422], [77.96171018959153, 30.242069047869684]]]}}, {"type": "Feature", "properties": {"id": 626, "objectid": 626, "state": "UK", "stcode": "05", "district": "Nainital", "dtcode": "051", "shape_length": 434074.07175730326, "shape_area": 3869865356.0671096, "ds_name": " Administrative Boundary", "src_agency": "Survey of India (SOI)", "state_name": "Uttarakhand", "id_final": "d644"}, "geometry": {"type": "Polygon", "coordinates": [[[79.34212301836129, 29.606568982154332], [79.48191492530643, 29.496697826662537], [79.62125118505088, 29.555857782889106], [79.73581702086595, 29.431506679735286], [79.85631896484011, 29.432768968683256], [79.89994986425135, 29.3482027046063], [79.79354273424549, 29.336385901840956], [79.97245819451871, 29.054800890936065], [79.87600632720961, 28.97843549823788], [79.65194439386887, 29.07742733752502], [79.41596218868156, 29.051477999473864], [79.27715605438192, 29.239599566720845], [78.85251626542905, 29.35271825350396], [79.00898622812512, 29.586092697874957], [79.21769724991, 29.521627633075774], [79.34212301836129, 29.606568982154332]]]}}, {"type": "Feature", "properties": {"id": 627, "objectid": 627, "state": "UK", "stcode": "05", "district": "Pauri Garhwal", "dtcode": "052", "shape_length": 413951.03447980067, "shape_area": 5131550703.741554, "ds_name": " Administrative Boundary", "src_agency": "Survey of India (SOI)", "state_name": "Uttarakhand", "id_final": "d645"}, "geometry": {"type": "Polygon", "coordinates": [[[78.89215026788858, 30.252474940648543], [78.89886520781847, 30.180017855358734], [79.10122669370915, 30.211159808738895], [79.23187805178993, 29.96294587597913], [79.07858304791435, 29.885899985693268], [79.11622725944916, 29.68288564642014], [78.9210739799773, 29.434311854927067], [78.61667261815832, 29.558814824971968], [78.20207023881458, 29.96615844460222], [78.33290295431794, 30.134525621418977], [78.58800252209078, 30.052578182614933], [78.68289113050893, 30.238610115767205], [78.89215026788858, 30.252474940648543]]]}}, {"type": "Feature", "properties": {"id": 628, "objectid": 628, "state": "UK", "stcode": "05", "district": "Pithoragarh", "dtcode": "053", "shape_length": 595740.9729416065, "shape_area": 7034296377.933597, "ds_name": " Administrative Boundary", "src_agency": "Survey of India (SOI)", "state_name": "Uttarakhand", "id_final": "d646"}, "geometry": {"type": "Polygon", "coordinates": [[[80.1875609671896, 30.789854727672136], [80.25043763666704, 30.74234995489298], [80.22682915352003, 30.57903109904317], [80.59800884166806, 30.478766267940735], [81.04660553730716, 30.210873549593465], [80.9027326667086, 30.215380753081444], [80.74455545492769, 30.003852905189635], [80.4070288406838, 29.79481841836509], [80.4079390334654, 29.595971862548886], [80.24243860174523, 29.44381498506671], [79.9994315324859, 29.559634886000634], [79.8209975870242, 29.773234088570987], [79.99843217986921, 29.76434414240503], [80.0127940471335, 29.88761750765882], [80.15864637084331, 29.90440809049053], [80.06750589087292, 30.01897583595275], [80.11613131735596, 30.226632671923287], [79.98686671462451, 30.31651469060605], [80.0428033692065, 30.598363439904855], [79.97951503261714, 30.709380645826332], [80.1875609671896, 30.789854727672136]]]}}, {"type": "Feature", "properties": {"id": 629, "objectid": 629, "state": "UK", "stcode": "05", "district": "Rudra Prayag", "dtcode": "054", "shape_length": 249531.56069643932, "shape_area": 1936407048.5620008, "ds_name": " Administrative Boundary", "src_agency": "Survey of India (SOI)", "state_name": "Uttarakhand", "id_final": "d647"}, "geometry": {"type": "Polygon", "coordinates": [[[79.03720026202905, 30.807269185512677], [79.29614609261026, 30.720210608738327], [79.35413026182076, 30.62541700147844], [79.11043846532483, 30.38123625059768], [79.17054160630988, 30.295381180848537], [78.89886520781847, 30.180017855358734], [78.82418819341497, 30.48012785154921], [78.9250840947818, 30.71602153977477], [79.03720026202905, 30.807269185512677]]]}}, {"type": "Feature", "properties": {"id": 630, "objectid": 630, "state": "UK", "stcode": "05", "district": "Tehri Garhwal", "dtcode": "055", "shape_length": 545532.324016215, "shape_area": 3807051816.41324, "ds_name": " Administrative Boundary", "src_agency": "Survey of India (SOI)", "state_name": "Uttarakhand", "id_final": "d648"}, "geometry": {"type": "Polygon", "coordinates": [[[78.84938251257982, 30.847424801511185], [79.03532197773168, 30.806200247378477], [78.82381415828384, 30.478499554147668], [78.92008429362642, 30.261396180081906], [78.68289113050893, 30.238610115767205], [78.58915369834706, 30.052884719203714], [78.25471932716984, 30.1382569183756], [78.28391818129852, 30.292381002454523], [78.13345211940344, 30.343851888731773], [78.23901476607462, 30.42377160035319], [77.93798553016148, 30.50487328444476], [78.12518565813038, 30.640672757110597], [78.27861642078274, 30.611517311047546], [78.28648187535049, 30.55260814608356], [78.41357604983124, 30.468505768479062], [78.44681637080696, 30.614024855399048], [78.53891267332331, 30.527070909608025], [78.58788807319416, 30.687322751159336], [78.84792395009978, 30.737811450049644], [78.84938251257982, 30.847424801511185]]]}}, {"type": "Feature", "properties": {"id": 631, "objectid": 631, "state": "UK", "stcode": "05", "district": "Udam Singh Nagar", "dtcode": "056", "shape_length": 565339.4334914824, "shape_area": 2588015392.888069, "ds_name": " Administrative Boundary", "src_agency": "Survey of India (SOI)", "state_name": "Uttarakhand", "id_final": "d649"}, "geometry": {"type": "Polygon", "coordinates": [[[78.83026488140727, 29.36805591439147], [79.01866740621465, 29.325452313232674], [79.04177737825387, 29.254218057718326], [79.27715605438192, 29.239599566720845], [79.41596218868156, 29.051477999473864], [79.65194439386887, 29.07742733752502], [79.87600632720961, 28.97843549823788], [80.01474552124614, 29.093062114588896], [80.06174933228696, 28.78323455503104], [79.95430326549308, 28.722893506777698], [79.88818510678271, 28.8365763658899], [79.84922589580768, 28.7996265487038], [79.8088005421384, 28.800018596025918], [79.81803569107574, 28.887846510628414], [79.42550516212631, 28.86656102606049], [79.37236758101722, 28.98741208277093], [79.17098123101107, 29.011988376160705], [79.1268726817041, 29.13272703890891], [78.90632190571672, 29.125122832923342], [78.87444862404824, 29.230257315599744], [78.7184028435872, 29.303455161067095], [78.83026488140727, 29.36805591439147]]]}}, {"type": "Feature", "properties": {"id": 632, "objectid": 632, "state": "UK", "stcode": "05", "district": "Uttar Kashi", "dtcode": "057", "shape_length": 678678.0328519477, "shape_area": 7794567983.169275, "ds_name": " Administrative Boundary", "src_agency": "Survey of India (SOI)", "state_name": "Uttarakhand", "id_final": "d650"}, "geometry": {"type": "Polygon", "coordinates": [[[79.06424459515168, 31.462079481866887], [79.41046419201582, 31.075350491586168], [79.2635201365395, 30.954934877028116], [79.27475661558752, 30.724303504610987], [78.87256965262148, 30.87536421282127], [78.84792395009978, 30.737811450049644], [78.58896799568122, 30.68827467692471], [78.53891267332331, 30.527070909608025], [78.44681637080696, 30.614024855399048], [78.41266994971036, 30.46827599772169], [78.27762529824236, 30.61193858356448], [78.00895022771327, 30.61978022412545], [78.08370356011422, 30.719814367781208], [77.97398990304927, 30.889520796981156], [78.01930928919627, 30.92341812031195], [77.85407206336895, 30.953496037342795], [77.81151583122745, 31.059043892593287], [77.90130726410216, 31.15188154091685], [78.37031540008458, 31.286392503912328], [78.48375294465812, 31.19899468103613], [78.80991688675671, 31.198342168014882], [78.8854385417396, 31.098779325743333], [79.00892180736764, 31.10998097523573], [78.88117372867623, 31.28425518730833], [78.93269269790294, 31.252941606233342], [79.06424459515168, 31.462079481866887]]]}}, {"type": "Feature", "properties": {"id": 633, "objectid": 633, "state": "UP", "stcode": "09", "district": "Agra", "dtcode": "118", "shape_length": 778637.9801687713, "shape_area": 3888499703.21728, "ds_name": " Administrative Boundary", "src_agency": "Survey of India (SOI)", "state_name": "Uttar Pradesh", "id_final": "d651"}, "geometry": {"type": "Polygon", "coordinates": [[[78.18116789551038, 27.40700170071805], [78.29532533216822, 27.382941641039814], [78.19398187338467, 27.307821050836065], [78.22411265604003, 27.07658713131757], [78.3674952120969, 27.124162193865924], [78.31132845312901, 27.053557210360488], [78.42346696122806, 27.05334901590576], [78.6392879842036, 26.88195223516849], [78.73844929737528, 26.922556880669347], [78.84764057972502, 26.79940759149985], [78.57754241018068, 26.748499869944105], [78.35692236721927, 26.869237698082042], [78.26228957930573, 26.81312663035277], [78.19652487640133, 26.881043645827106], [78.2715917872373, 26.921234147465775], [78.12556203300625, 26.949399421106694], [78.02645141084975, 26.849544415925106], [77.75984736250885, 26.932469273252536], [77.61033242803533, 26.828587129892526], [77.50116538363756, 26.844464402402814], [77.50255568230547, 26.768743733447945], [77.45456441360554, 26.74192710384429], [77.42727638697869, 26.864097093499208], [77.76223740046645, 27.00096995857941], [77.5056578715024, 27.09177618998457], [77.6738419612725, 27.182867586180322], [77.6455197145709, 27.242465480951743], [77.8785191619899, 27.296133783596396], [77.92754114625274, 27.233413802910242], [78.18116789551038, 27.40700170071805]]]}}, {"type": "Feature", "properties": {"id": 634, "objectid": 634, "state": "UP", "stcode": "09", "district": "Aligarh", "dtcode": "119", "shape_length": 496030.83020855417, "shape_area": 3585235930.82933, "ds_name": " Administrative Boundary", "src_agency": "Survey of India (SOI)", "state_name": "Uttar Pradesh", "id_final": "d652"}, "geometry": {"type": "Polygon", "coordinates": [[[77.84596491908474, 28.17346857311973], [78.12452404106963, 28.059296115760812], [78.33945753751708, 28.146616329310906], [78.47944270077542, 28.113611801710224], [78.59963267773585, 27.981400744986793], [78.51036201869275, 27.802108973362177], [78.40848043236531, 27.84795158687506], [78.24035562614014, 27.665076461346747], [78.06142508247125, 27.793184493282684], [78.00182661974968, 27.605251577205305], [77.86878607831085, 27.572056453686113], [77.78851260183531, 27.68446330734041], [77.80889078744097, 27.859267114606777], [77.65635979597891, 27.965863434619674], [77.52804638397019, 27.92094955844013], [77.47566546728078, 28.085049665785082], [77.71223025944934, 28.0871681947719], [77.84596491908474, 28.17346857311973]]]}}, {"type": "Feature", "properties": {"id": 635, "objectid": 635, "state": "UP", "stcode": "09", "district": "Prayagraj", "dtcode": "120", "shape_length": 607924.385339209, "shape_area": 5252369241.723733, "ds_name": " Administrative Boundary", "src_agency": "Survey of India (SOI)", "state_name": "Uttar Pradesh", "id_final": "d653"}, "geometry": {"type": "Polygon", "coordinates": [[[81.7549065374317, 25.73578367697775], [82.15562203232174, 25.678375459562886], [82.15440273669374, 25.60100798006182], [82.32578910817365, 25.542871809183833], [82.33904947229517, 25.50940803390571], [82.28353625643392, 25.491979740324243], [82.35277749968124, 25.422304181392743], [82.3142104140014, 25.33020799590133], [82.19564370445315, 25.217492295388233], [82.3255030160824, 25.071537149292002], [82.10674597153161, 24.804549340989418], [81.94423176698005, 24.841304644577146], [81.90146272898907, 25.009746519065867], [81.61167075019759, 25.056304583105213], [81.62624764389133, 25.16059403406151], [81.51705691838369, 25.196096308417744], [81.71338856094067, 25.38968957933762], [81.65852865604542, 25.381289387968117], [81.596604599228, 25.660726459895525], [81.72515204726363, 25.622040765281696], [81.7549065374317, 25.73578367697775]], [[81.78190284926733, 25.474886212650897], [81.75291865590118, 25.464541795525555], [81.78255468414798, 25.468705696956146], [81.78190284926733, 25.474886212650897]], [[81.69779680785875, 25.42929116875291], [81.70414758981804, 25.41534091964093], [81.7207532703513, 25.422977193009288], [81.69779680785875, 25.42929116875291]], [[81.68617004336092, 25.408627963842367], [81.67529834398066, 25.415410343456088], [81.66989041317137, 25.404304003712515], [81.68617004336092, 25.408627963842367]], [[81.81153036907509, 25.35232358814802], [81.7869857578459, 25.325423054222078], [81.81353689956289, 25.33453291497352], [81.81153036907509, 25.35232358814802]]]}}, {"type": "Feature", "properties": {"id": 636, "objectid": 636, "state": "UP", "stcode": "09", "district": "Ambedkar Nagar", "dtcode": "121", "shape_length": 379076.6381386059, "shape_area": 2236761830.196828, "ds_name": " Administrative Boundary", "src_agency": "Survey of India (SOI)", "state_name": "Uttar Pradesh", "id_final": "d654"}, "geometry": {"type": "Polygon", "coordinates": [[[82.49762931114681, 26.637278851946384], [83.01954630498867, 26.47447356300026], [83.13222581935996, 26.385409169965012], [83.10901504745165, 26.283478807607878], [82.91399290059383, 26.410737098296522], [82.86625640069025, 26.156625319767066], [82.74879367124139, 26.264706961840698], [82.45479075158964, 26.28167500665406], [82.37792315716885, 26.379587970681946], [82.22218384889445, 26.405295261520028], [82.3361618752056, 26.578469828258765], [82.42884303870183, 26.546924550937433], [82.49762931114681, 26.637278851946384]]]}}, {"type": "Feature", "properties": {"id": 637, "objectid": 637, "state": "UP", "stcode": "09", "district": "Auraiya", "dtcode": "122", "shape_length": 278760.9715318184, "shape_area": 1944774447.5073683, "ds_name": " Administrative Boundary", "src_agency": "Survey of India (SOI)", "state_name": "Uttar Pradesh", "id_final": "d655"}, "geometry": {"type": "Polygon", "coordinates": [[[79.37692549553614, 26.93748313298522], [79.647929069191, 26.89481405782033], [79.75569097105368, 26.795354295694434], [79.50579279987097, 26.364244565678014], [79.46884995595039, 26.433230766159767], [79.21254712679111, 26.437193894193996], [79.3062241659651, 26.51643044563467], [79.20526496739959, 26.54383882202457], [79.31859654394059, 26.656786087327248], [79.37692549553614, 26.93748313298522]]]}}, {"type": "Feature", "properties": {"id": 638, "objectid": 638, "state": "UP", "stcode": "09", "district": "Azamgarh", "dtcode": "123", "shape_length": 496815.57696739706, "shape_area": 4057576389.130526, "ds_name": " Administrative Boundary", "src_agency": "Survey of India (SOI)", "state_name": "Uttar Pradesh", "id_final": "d656"}, "geometry": {"type": "Polygon", "coordinates": [[[83.35450194924212, 25.820086745091935], [83.14237057165379, 25.636040316733084], [82.75454047925687, 25.83684953255937], [82.68927920479561, 26.267450789241796], [82.86625640069025, 26.156625319767066], [82.92547012228167, 26.411739868729956], [83.06410605720191, 26.279594823518583], [83.1829947151098, 26.397577770024174], [83.46834734367249, 26.279515979532455], [83.41899820775404, 26.11064846198623], [83.31970156122689, 26.049336682808924], [83.35450194924212, 25.820086745091935]]]}}, {"type": "Feature", "properties": {"id": 639, "objectid": 639, "state": "UP", "stcode": "09", "district": "Baghpat", "dtcode": "124", "shape_length": 217884.26295910616, "shape_area": 1282051944.6388538, "ds_name": " Administrative Boundary", "src_agency": "Survey of India (SOI)", "state_name": "Uttar Pradesh", "id_final": "d657"}, "geometry": {"type": "Polygon", "coordinates": [[[77.15901040207112, 29.294403751582454], [77.50449419319301, 29.19135092857887], [77.42260379233939, 29.092029513717115], [77.47526554783407, 28.96600074433374], [77.39511988538025, 28.77668238558458], [77.18927652507875, 28.868148903139065], [77.15901040207112, 29.294403751582454]]]}}, {"type": "Feature", "properties": {"id": 640, "objectid": 640, "state": "UP", "stcode": "09", "district": "Bahraich", "dtcode": "125", "shape_length": 582805.8368910302, "shape_area": 4760726475.611123, "ds_name": " Administrative Boundary", "src_agency": "Survey of India (SOI)", "state_name": "Uttar Pradesh", "id_final": "d658"}, "geometry": {"type": "Polygon", "coordinates": [[[81.21059687782171, 28.360833495791514], [81.31803071351649, 28.133671647451326], [81.42672298466242, 28.17068062246396], [81.7429744313607, 27.95267254895863], [81.59765312638966, 27.868509694808413], [81.69590012656926, 27.72658443801148], [81.67642955164423, 27.574181795990704], [81.9904169183273, 27.474913296281326], [81.92228871296444, 27.312876688008085], [81.68334446535302, 27.315995912823947], [81.64137549815314, 27.157759609918354], [81.50496724115897, 27.059040394250047], [81.2616190957668, 27.60423585619702], [81.30552466936582, 27.907722390691376], [81.06208692452851, 28.230603282181427], [81.05089971338981, 28.40183442625585], [81.21059687782171, 28.360833495791514]]]}}, {"type": "Feature", "properties": {"id": 641, "objectid": 641, "state": "UP", "stcode": "09", "district": "Ballia", "dtcode": "126", "shape_length": 437237.7124038854, "shape_area": 2880827739.4418993, "ds_name": " Administrative Boundary", "src_agency": "Survey of India (SOI)", "state_name": "Uttar Pradesh", "id_final": "d659"}, "geometry": {"type": "Polygon", "coordinates": [[[83.85259186851675, 26.18862651716676], [84.10392332730184, 26.0926765736655], [84.17008253250458, 25.987663571236965], [84.5340469710407, 25.87621795186061], [84.63471514900608, 25.727905784536595], [84.49924542382857, 25.674818723586537], [84.33666577568707, 25.743521338604083], [84.27648006567682, 25.659294525830937], [84.1398688119939, 25.73167852290431], [83.93032730233679, 25.55740468422255], [83.94962437259892, 25.75672384207109], [83.73525924758248, 25.841083318897333], [83.78829436775985, 25.976923677517753], [83.67706898229565, 26.010830927195233], [83.85259186851675, 26.18862651716676]]]}}, {"type": "Feature", "properties": {"id": 642, "objectid": 642, "state": "UP", "stcode": "09", "district": "Balrampur", "dtcode": "127", "shape_length": 459217.06783036375, "shape_area": 3226218329.1572003, "ds_name": " Administrative Boundary", "src_agency": "Survey of India (SOI)", "state_name": "Uttar Pradesh", "id_final": "d660"}, "geometry": {"type": "Polygon", "coordinates": [[[82.20504878549616, 27.842876693337168], [82.44867031257267, 27.679315056130076], [82.70788266226249, 27.72189539218869], [82.75576695315547, 27.587799189328543], [82.76442573755787, 27.412107734577802], [82.49230045170577, 27.35879150985725], [82.56693516761942, 27.18477456209049], [82.44503222059176, 27.181841184243545], [82.36646893667381, 27.051723134393995], [82.22792969809647, 27.169039365498204], [82.29687456354502, 27.246767913175134], [82.07287592184215, 27.400448409898573], [82.02171894183387, 27.579770312729202], [82.20504878549616, 27.842876693337168]]]}}, {"type": "Feature", "properties": {"id": 643, "objectid": 643, "state": "UP", "stcode": "09", "district": "Banda", "dtcode": "128", "shape_length": 669512.0928991326, "shape_area": 4228426840.91771, "ds_name": " Administrative Boundary", "src_agency": "Survey of India (SOI)", "state_name": "Uttar Pradesh", "id_final": "d661"}, "geometry": {"type": "Polygon", "coordinates": [[[80.42964403766659, 25.90848534805708], [80.5520580262454, 25.87157406462789], [80.46577325256722, 25.823311141371647], [80.56720270353662, 25.718936984110893], [80.83797065393544, 25.7262395856467], [81.03665837819105, 25.61587578111063], [81.02461327573272, 25.505406487166262], [80.62970020762113, 25.199738452803395], [80.71811549984619, 25.06269277359566], [80.60186561562928, 25.150404205005557], [80.61327549104341, 25.065702801962384], [80.48068864469508, 25.09866944082097], [80.5495098857034, 25.00245715142557], [80.47863004530547, 24.973921449528675], [80.4490122286425, 25.078642624144873], [80.38734918964047, 25.004306319592143], [80.27361867989995, 25.026089306122742], [80.4317106801977, 25.176787918685637], [80.3108345181503, 25.2864057736101], [80.29966122338747, 25.406427498272716], [80.10374562786652, 25.35006399885649], [80.35077385384454, 25.703691387939507], [80.23173184545047, 25.799073576601014], [80.42964403766659, 25.90848534805708]]]}}, {"type": "Feature", "properties": {"id": 644, "objectid": 644, "state": "UP", "stcode": "09", "district": "Barabanki", "dtcode": "129", "shape_length": 489941.38520981866, "shape_area": 3699392938.808577, "ds_name": " Administrative Boundary", "src_agency": "Survey of India (SOI)", "state_name": "Uttar Pradesh", "id_final": "d662"}, "geometry": {"type": "Polygon", "coordinates": [[[81.29528538884855, 27.353268996397265], [81.34118222379671, 27.25374294414203], [81.43227405750912, 27.324085319425265], [81.47872905455277, 27.07556833648405], [81.72852730212807, 26.967296328285908], [81.76120376018746, 26.879945918128673], [81.57649746634536, 26.83432228272221], [81.54369684926607, 26.525334944009323], [81.16612169400452, 26.595467835048602], [81.21382042192789, 26.783652638302147], [81.08967827311895, 26.836280622810936], [80.97207965238404, 27.055147900783293], [81.04861020994231, 27.092756788855638], [80.93049524440823, 27.158217255782773], [80.96934805616574, 27.240258890480277], [81.20723367187202, 27.23719114686114], [81.29528538884855, 27.353268996397265]]]}}, {"type": "Feature", "properties": {"id": 645, "objectid": 645, "state": "UP", "stcode": "09", "district": "Bareilly", "dtcode": "130", "shape_length": 509064.0548022971, "shape_area": 3987086429.303236, "ds_name": " Administrative Boundary", "src_agency": "Survey of India (SOI)", "state_name": "Uttar Pradesh", "id_final": "d663"}, "geometry": {"type": "Polygon", "coordinates": [[[79.42315471975971, 28.89336368253163], [79.68359634555421, 28.85543380149557], [79.62548487176838, 28.612114039656543], [79.79143830550628, 28.44365811872041], [79.69628291014257, 28.38557782523163], [79.7415436141395, 28.255442689249033], [79.65268656572502, 28.076714729378946], [79.50418794180865, 28.015385881686548], [79.4241554277209, 28.17373758529781], [79.11202898465648, 28.20185006776999], [79.06749829054822, 28.371944005464748], [78.96954579338532, 28.419086818884846], [79.20500525799608, 28.571817185376787], [79.42315471975971, 28.89336368253163]]]}}, {"type": "Feature", "properties": {"id": 646, "objectid": 646, "state": "UP", "stcode": "09", "district": "Basti", "dtcode": "131", "shape_length": 374986.4839123508, "shape_area": 2676352492.674907, "ds_name": " Administrative Boundary", "src_agency": "Survey of India (SOI)", "state_name": "Uttar Pradesh", "id_final": "d664"}, "geometry": {"type": "Polygon", "coordinates": [[[82.65955634076337, 27.114698190512197], [82.91092629862659, 26.99585130060347], [82.93015044017936, 26.92237326421007], [82.82247592675255, 26.850135125276566], [82.97593413502858, 26.697089035726627], [82.8382267594046, 26.56314912154025], [82.40244255071319, 26.656491406367216], [82.23625817896882, 26.781175549352483], [82.2410483230745, 26.931857410000706], [82.31596111543041, 26.978294791485265], [82.48839418234725, 26.903393517899747], [82.61366074922877, 27.000239240393668], [82.55911695415612, 27.081985491059125], [82.65955634076337, 27.114698190512197]], [[82.83326696819633, 26.599739802259954], [82.8410211713206, 26.592033681567468], [82.83967536876547, 26.60108660238644], [82.83326696819633, 26.599739802259954]]]}}, {"type": "Feature", "properties": {"id": 647, "objectid": 647, "state": "UP", "stcode": "09", "district": "Bijnor", "dtcode": "132", "shape_length": 380388.04069841816, "shape_area": 4465317245.691791, "ds_name": " Administrative Boundary", "src_agency": "Survey of India (SOI)", "state_name": "Uttar Pradesh", "id_final": "d665"}, "geometry": {"type": "Polygon", "coordinates": [[[78.34162724731358, 29.793154009291705], [78.50675946890993, 29.72948546597646], [78.70037470307525, 29.505778751726744], [78.94312243577227, 29.434733606140806], [78.71859077494237, 29.3066840880712], [78.77140983418548, 29.26476031953254], [78.58845502923822, 29.068543629097057], [78.13453750873562, 29.044221411727403], [77.98736594510902, 29.534203479635316], [78.34162724731358, 29.793154009291705]]]}}, {"type": "Feature", "properties": {"id": 648, "objectid": 648, "state": "UP", "stcode": "09", "district": "Budaun", "dtcode": "133", "shape_length": 445747.39485178475, "shape_area": 4101291196.4850144, "ds_name": " Administrative Boundary", "src_agency": "Survey of India (SOI)", "state_name": "Uttar Pradesh", "id_final": "d666"}, "geometry": {"type": "Polygon", "coordinates": [[[78.88558566691978, 28.470186097088366], [79.0590536387117, 28.38326161710061], [79.11285057625925, 28.201347571679907], [79.49656445145361, 28.121085574490074], [79.48545091383149, 27.848795979711294], [79.35913371942681, 27.80331978940222], [79.35200017083537, 27.657816988235563], [79.18143806592168, 27.715339062519078], [79.12191210122334, 27.847095931609907], [78.91759419369679, 27.850090502462635], [78.5730979887143, 28.049836668774994], [78.65251416002711, 28.318064221655465], [78.88558566691978, 28.470186097088366]]]}}, {"type": "Feature", "properties": {"id": 649, "objectid": 649, "state": "UP", "stcode": "09", "district": "Bulandshahr", "dtcode": "134", "shape_length": 435067.1983288157, "shape_area": 3566680567.898515, "ds_name": " Administrative Boundary", "src_agency": "Survey of India (SOI)", "state_name": "Uttar Pradesh", "id_final": "d667"}, "geometry": {"type": "Polygon", "coordinates": [[[77.9697286581214, 28.71200039332139], [78.21057041232199, 28.62687472153529], [78.44466924784007, 28.081718673816905], [78.33945753751708, 28.146616329310906], [78.13459757551132, 28.059761081205338], [78.03183245735157, 28.128986299328552], [77.93437883348166, 28.085242684582944], [77.83988376298049, 28.179751767131073], [77.67280267559782, 28.1029641830425], [77.71514895765107, 28.19433162173027], [77.61555713473604, 28.291235376612605], [77.68291309332787, 28.419417197540245], [77.62294026042255, 28.478822725401024], [77.9697286581214, 28.71200039332139]], [[77.67084977262022, 28.323654842179742], [77.67554593670195, 28.302766342555074], [77.6828888182708, 28.31595680566201], [77.67084977262022, 28.323654842179742]], [[77.65836480147159, 28.289931638581308], [77.64645787205362, 28.295249588117873], [77.65682354173417, 28.28684213777834], [77.65836480147159, 28.289931638581308]], [[77.69200197932634, 28.276433192863863], [77.67275866721279, 28.278171001777075], [77.68632641350476, 28.267657382160355], [77.69200197932634, 28.276433192863863]]]}}, {"type": "Feature", "properties": {"id": 650, "objectid": 650, "state": "UP", "stcode": "09", "district": "Chandauli", "dtcode": "135", "shape_length": 385948.32115291053, "shape_area": 2448705430.199229, "ds_name": " Administrative Boundary", "src_agency": "Survey of India (SOI)", "state_name": "Uttar Pradesh", "id_final": "d668"}, "geometry": {"type": "Polygon", "coordinates": [[[83.191413447637, 25.533424915897175], [83.40475889134083, 25.49347162508925], [83.55430986893843, 25.308856619704905], [83.34980426618716, 25.184799006861333], [83.39356803519645, 24.78225973242857], [83.18309327194596, 24.717619168532405], [83.08631301331722, 24.781581975708416], [83.12885060761145, 24.835576406578276], [83.05580813686868, 24.969473881821553], [83.18097539182386, 25.178502369166583], [83.00972310956507, 25.30213937762307], [83.16846215820102, 25.347412548031862], [83.1252346657295, 25.450124826263433], [83.191413447637, 25.533424915897175]]]}}, {"type": "Feature", "properties": {"id": 651, "objectid": 651, "state": "UP", "stcode": "09", "district": "Chitrakoot", "dtcode": "136", "shape_length": 538132.9014134464, "shape_area": 3125895202.5300426, "ds_name": " Administrative Boundary", "src_agency": "Survey of India (SOI)", "state_name": "Uttar Pradesh", "id_final": "d669"}, "geometry": {"type": "Polygon", "coordinates": [[[81.02583948148265, 25.53950140814984], [81.18988078792782, 25.489771506768975], [81.14993900574778, 25.39709746603798], [81.2650168679514, 25.32590165803065], [81.55001315460872, 25.292159262958535], [81.50124657967223, 25.077427992188937], [81.27756416173202, 25.1659819133852], [81.21016510869644, 24.92252433984872], [80.81217427663763, 24.922504708436573], [80.91283783731834, 25.159066452412556], [80.84310821875852, 25.186439929961665], [80.82990578485202, 25.100457075812656], [80.73042651893536, 25.146598093178252], [80.78753236061435, 25.061693037157603], [80.73694086176745, 25.052946530275477], [80.62970020762113, 25.199738452803395], [81.02583948148265, 25.53950140814984]]]}}, {"type": "Feature", "properties": {"id": 652, "objectid": 652, "state": "UP", "stcode": "09", "district": "Deoria", "dtcode": "137", "shape_length": 399193.45096601633, "shape_area": 2441461594.384291, "ds_name": " Administrative Boundary", "src_agency": "Survey of India (SOI)", "state_name": "Uttar Pradesh", "id_final": "d670"}, "geometry": {"type": "Polygon", "coordinates": [[[83.84184235659025, 26.75120453490667], [84.05663068027243, 26.54878609784809], [83.90814186086085, 26.519051931943427], [83.90807573370937, 26.44706354493168], [84.17696541289229, 26.370634234272522], [84.16631008295803, 26.24103449139235], [84.01228721620507, 26.23227319820658], [84.05287536702504, 26.089506932192574], [83.74262517515832, 26.266063015383242], [83.63145341407485, 26.224907493915314], [83.66533927414133, 26.31427969820844], [83.48717564120747, 26.393716266386967], [83.62673735616357, 26.664502516281935], [83.84184235659025, 26.75120453490667]]]}}, {"type": "Feature", "properties": {"id": 653, "objectid": 653, "state": "UP", "stcode": "09", "district": "Etah", "dtcode": "138", "shape_length": 493503.6500551424, "shape_area": 2338703336.217434, "ds_name": " Administrative Boundary", "src_agency": "Survey of India (SOI)", "state_name": "Uttar Pradesh", "id_final": "d671"}, "geometry": {"type": "Polygon", "coordinates": [[[79.27723864702574, 27.350525662468918], [78.88706116755361, 27.47339746022712], [78.73460817409456, 27.331965730606303], [78.60639867124634, 27.510737030925203], [78.46367421917851, 27.424870254952424], [78.47768031455979, 27.342953407096687], [78.17393340405303, 27.42971043321809], [78.2141092988368, 27.52465056078111], [78.4998607916908, 27.617587456583074], [78.55207977884108, 27.786199348853067], [78.89097318328474, 27.550750990819605], [78.99529058676997, 27.64731543970105], [79.07592053685572, 27.55795922148199], [79.21579307009986, 27.578976017530362], [79.27723864702574, 27.350525662468918]]]}}, {"type": "Feature", "properties": {"id": 654, "objectid": 654, "state": "UP", "stcode": "09", "district": "Etawah", "dtcode": "139", "shape_length": 324773.95527203754, "shape_area": 2240072253.006664, "ds_name": " Administrative Boundary", "src_agency": "Survey of India (SOI)", "state_name": "Uttar Pradesh", "id_final": "d672"}, "geometry": {"type": "Polygon", "coordinates": [[[79.18067079975394, 27.00616540721831], [79.34965759637193, 26.928420289005558], [79.31921356531336, 26.65840411657501], [79.20526496739959, 26.54383882202457], [79.30654677485352, 26.51741326163297], [79.19549195808335, 26.424997699695716], [79.05266368404962, 26.453809355157333], [79.00802707733064, 26.670527830053732], [78.7800791054097, 26.766989238391385], [78.85390182157006, 26.810470603616437], [78.74134491144441, 26.898264491294743], [79.18067079975394, 27.00616540721831]]]}}, {"type": "Feature", "properties": {"id": 655, "objectid": 655, "state": "UP", "stcode": "09", "district": "Ayodhya", "dtcode": "140", "shape_length": 375863.812763732, "shape_area": 2611234789.8418813, "ds_name": " Administrative Boundary", "src_agency": "Survey of India (SOI)", "state_name": "Uttar Pradesh", "id_final": "d673"}, "geometry": {"type": "Polygon", "coordinates": [[[81.76240945131265, 26.861580555937383], [81.97778171297219, 26.78110547897728], [82.19143218893993, 26.83703922390094], [82.47600469613522, 26.610578823640996], [82.42815047737461, 26.546739759711084], [82.3361618752056, 26.578469828258765], [82.21587443603703, 26.407682399375595], [81.87982797707937, 26.537607666163346], [81.6821926815356, 26.52536417465967], [81.66327356002596, 26.62585726589278], [81.54463729368725, 26.64510063308086], [81.60502031558994, 26.723708870281968], [81.55304910369897, 26.786086540738957], [81.76240945131265, 26.861580555937383]]]}}, {"type": "Feature", "properties": {"id": 656, "objectid": 656, "state": "UP", "stcode": "09", "district": "Farrukhabad", "dtcode": "141", "shape_length": 342277.74532941653, "shape_area": 2104556415.4380362, "ds_name": " Administrative Boundary", "src_agency": "Survey of India (SOI)", "state_name": "Uttar Pradesh", "id_final": "d674"}, "geometry": {"type": "Polygon", "coordinates": [[[79.20607681439698, 27.706267586473494], [79.49384493151292, 27.588807147666508], [79.65060865142216, 27.633223026850818], [79.65407075327957, 27.504848612659373], [79.73720416840295, 27.444845445385916], [79.71812206186814, 27.211690433260806], [79.5565130144926, 27.15679219141735], [79.3362377295988, 27.21497107468856], [79.22385759562135, 27.411188827990056], [79.2732645665458, 27.51461513835424], [79.1284548914122, 27.63469554769715], [79.20607681439698, 27.706267586473494]]]}}, {"type": "Feature", "properties": {"id": 657, "objectid": 657, "state": "UP", "stcode": "09", "district": "Fatehpur", "dtcode": "142", "shape_length": 436172.6507073898, "shape_area": 4012837063.0220065, "ds_name": " Administrative Boundary", "src_agency": "Survey of India (SOI)", "state_name": "Uttar Pradesh", "id_final": "d675"}, "geometry": {"type": "Polygon", "coordinates": [[[80.6062300892443, 26.200856383031017], [80.8254028911214, 26.019573405285175], [81.01413163219078, 26.07460631474083], [81.33841797165822, 25.81068977148306], [81.19849317143994, 25.720386445151806], [81.26983060472304, 25.504852809749984], [81.22137249812891, 25.438347744938753], [81.031346240932, 25.53366911396482], [81.0337958148571, 25.62865715497221], [80.95555246733142, 25.6089049640823], [80.93755110754172, 25.69100777400567], [80.57548971029432, 25.715708449085042], [80.46595662297628, 25.82183067149994], [80.54753572915139, 25.87546437314425], [80.23698255444918, 25.923483649756932], [80.34265553065347, 26.128355276378322], [80.6062300892443, 26.200856383031017]]]}}, {"type": "Feature", "properties": {"id": 658, "objectid": 658, "state": "UP", "stcode": "09", "district": "Firozabad", "dtcode": "143", "shape_length": 388438.49530659575, "shape_area": 2333884502.648895, "ds_name": " Administrative Boundary", "src_agency": "Survey of India (SOI)", "state_name": "Uttar Pradesh", "id_final": "d676"}, "geometry": {"type": "Polygon", "coordinates": [[[78.60915669461096, 27.510175709957736], [78.71813510312553, 27.368762734184504], [78.72545820483721, 27.194495027515746], [78.82142416816379, 27.13972516167834], [78.76490646132545, 27.105902499183617], [78.80974671617324, 26.95755273134711], [78.67178742921338, 26.8780425827881], [78.31132845312901, 27.053557210360488], [78.37053931955023, 27.12273108323637], [78.19990366469297, 27.121419054246616], [78.19460861804279, 27.30846591107989], [78.26742000978767, 27.303214620601395], [78.29878503737345, 27.393470798627295], [78.47768031455979, 27.342953407096687], [78.46367421917851, 27.424870254952424], [78.60915669461096, 27.510175709957736]]]}}, {"type": "Feature", "properties": {"id": 659, "objectid": 659, "state": "UP", "stcode": "09", "district": "Gautam Buddha Nagar", "dtcode": "144", "shape_length": 342661.0146117149, "shape_area": 1206710194.129155, "ds_name": " Administrative Boundary", "src_agency": "Survey of India (SOI)", "state_name": "Uttar Pradesh", "id_final": "d677"}, "geometry": {"type": "MultiPolygon", "coordinates": [[[[77.29708643455477, 28.56600736550858], [77.5468627720692, 28.652904150612596], [77.67772725966667, 28.573744423169106], [77.62155110725169, 28.475022235941246], [77.68215223733934, 28.413984800169175], [77.61080299049581, 28.354900758799403], [77.66692249548615, 28.173559810552337], [77.71514895765107, 28.19433162173027], [77.67371255148264, 28.109695338454802], [77.47434735805614, 28.08675547545435], [77.5496201062019, 28.17987491925975], [77.50471506511215, 28.36993865539818], [77.29708643455477, 28.56600736550858]]], [[[77.72442221737244, 28.13694342513657], [77.71531212551498, 28.114265835788657], [77.70722742565316, 28.125067502448246], [77.72442221737244, 28.13694342513657]]], [[[77.67275866721279, 28.278171001777075], [77.69314208253371, 28.27221534102691], [77.68632641350476, 28.267657382160355], [77.67275866721279, 28.278171001777075]]], [[[77.64453057015419, 28.29878664422016], [77.65836480147159, 28.289931638581308], [77.65682354173417, 28.28684213777834], [77.64453057015419, 28.29878664422016]]], [[[77.66806311683052, 28.31970345008752], [77.68299975848244, 28.31278942453544], [77.66770780914165, 28.30151785696187], [77.66806311683052, 28.31970345008752]]]]}}, {"type": "Feature", "properties": {"id": 660, "objectid": 660, "state": "UP", "stcode": "09", "district": "Ghaziabad", "dtcode": "145", "shape_length": 216103.4846846063, "shape_area": 882190236.9332061, "ds_name": " Administrative Boundary", "src_agency": "Survey of India (SOI)", "state_name": "Uttar Pradesh", "id_final": "d678"}, "geometry": {"type": "Polygon", "coordinates": [[[77.45692282960933, 28.926052746691795], [77.68024194233296, 28.87713941476154], [77.70798339917744, 28.789682754038175], [77.54236306368384, 28.633861879687615], [77.34217068177864, 28.609593342287848], [77.33112023628715, 28.71305539656559], [77.20084936364202, 28.812161998663004], [77.39511988538025, 28.77668238558458], [77.45692282960933, 28.926052746691795]]]}}, {"type": "Feature", "properties": {"id": 661, "objectid": 661, "state": "UP", "stcode": "09", "district": "Ghazipur", "dtcode": "146", "shape_length": 414147.6218879316, "shape_area": 3251874971.6072397, "ds_name": " Administrative Boundary", "src_agency": "Survey of India (SOI)", "state_name": "Uttar Pradesh", "id_final": "d679"}, "geometry": {"type": "MultiPolygon", "coordinates": [[[[83.21660309193642, 25.760501337910252], [83.64559505216657, 25.90013516532576], [83.9392107598528, 25.76422806681075], [83.9626258909062, 25.6870888664208], [83.84678983487306, 25.434679524259924], [83.57246289356993, 25.306090507517276], [83.40391356986176, 25.493959199234354], [83.08401246579643, 25.496224546956142], [83.0662874343699, 25.652348301981043], [83.15291974387428, 25.63810418692783], [83.21660309193642, 25.760501337910252]]], [[[83.2136784810355, 25.772211983297776], [83.1890563625499, 25.766330633286113], [83.19199064887096, 25.776777572201144], [83.2136784810355, 25.772211983297776]]]]}}, {"type": "Feature", "properties": {"id": 662, "objectid": 662, "state": "UP", "stcode": "09", "district": "Gonda", "dtcode": "147", "shape_length": 512467.58897197415, "shape_area": 3846576452.310838, "ds_name": " Administrative Boundary", "src_agency": "Survey of India (SOI)", "state_name": "Uttar Pradesh", "id_final": "d680"}, "geometry": {"type": "Polygon", "coordinates": [[[81.97077253399458, 27.43624550079823], [82.29687456354502, 27.246767913175134], [82.22782432994896, 27.169653163947473], [82.3252061527398, 27.06582085598315], [82.48978554692764, 27.164941814902797], [82.61366074922877, 27.000239240393668], [82.48803853179689, 26.903335527325748], [82.31596111543041, 26.978294791485265], [82.23391779327218, 26.91980557583778], [82.25349928484401, 26.811476888668178], [81.97778171297219, 26.78110547897728], [81.50514183587781, 27.059663355797237], [81.64137549815314, 27.157759609918354], [81.68334446535302, 27.315995912823947], [81.8142847389229, 27.265833686826532], [81.97077253399458, 27.43624550079823]]]}}, {"type": "Feature", "properties": {"id": 663, "objectid": 663, "state": "UP", "stcode": "09", "district": "Gorakhpur", "dtcode": "148", "shape_length": 547353.5685382896, "shape_area": 3206468687.196712, "ds_name": " Administrative Boundary", "src_agency": "Survey of India (SOI)", "state_name": "Uttar Pradesh", "id_final": "d681"}, "geometry": {"type": "Polygon", "coordinates": [[[83.15294532838993, 27.1073993585634], [83.2698505469734, 27.029989453892625], [83.4075158582122, 27.088113782947378], [83.32411687566926, 26.9685284108326], [83.47351766692935, 26.94247413279977], [83.62215047975499, 26.754448247028353], [83.62811104673608, 26.56999418316551], [83.4768052155574, 26.458754839618447], [83.66643533628321, 26.312767518031627], [83.62966101813132, 26.21872757340557], [83.06781537413063, 26.408135774112996], [83.2047359243807, 26.52446389700341], [83.08277698490883, 26.701981803192293], [83.12993956145726, 26.877046659830988], [83.22665017267039, 26.936580495030842], [83.2139974742506, 27.014826004699174], [83.14076358035103, 27.00501883952533], [83.15294532838993, 27.1073993585634]]]}}, {"type": "Feature", "properties": {"id": 664, "objectid": 664, "state": "UP", "stcode": "09", "district": "Hamirpur", "dtcode": "149", "shape_length": 520494.5970375077, "shape_area": 3774629051.6478868, "ds_name": " Administrative Boundary", "src_agency": "Survey of India (SOI)", "state_name": "Uttar Pradesh", "id_final": "d682"}, "geometry": {"type": "Polygon", "coordinates": [[[79.95685243692327, 26.075122836534362], [80.34582892456892, 25.900025727976185], [80.23173184545047, 25.799073576601014], [80.35077385384454, 25.703691387939507], [80.22329369318034, 25.499411276612452], [80.14189754979839, 25.479013783739934], [79.95513134258475, 25.639754804573105], [79.70910721280117, 25.592894123331792], [79.63997431428919, 25.484954560531307], [79.39306761456224, 25.519610289893258], [79.35867466715801, 25.77138360603702], [79.55112076581214, 25.82159591638991], [79.52186114366653, 25.88847822315979], [79.61461174948911, 25.932111836147175], [79.86757832032225, 25.880735062468336], [79.94198297781679, 26.16266957028216], [79.95685243692327, 26.075122836534362]]]}}, {"type": "Feature", "properties": {"id": 665, "objectid": 665, "state": "UP", "stcode": "09", "district": "Hardoi", "dtcode": "150", "shape_length": 578478.4322968244, "shape_area": 5776839646.410123, "ds_name": " Administrative Boundary", "src_agency": "Survey of India (SOI)", "state_name": "Uttar Pradesh", "id_final": "d683"}, "geometry": {"type": "Polygon", "coordinates": [[[80.09088721043848, 27.78389682768894], [80.28430455130513, 27.73070577437061], [80.4959927996413, 27.255125651468486], [80.74752068992952, 27.228020110896665], [80.82699889760818, 27.09995118759862], [80.64669059666282, 27.078266893153803], [80.4137444418351, 26.889731803846647], [80.28463386329241, 27.029398477513457], [80.04403667447171, 26.92484515787772], [79.93089388834898, 27.143189123251837], [79.69613243777447, 27.230013081068787], [79.73555008729966, 27.71868422578801], [79.86211507956305, 27.648364348582792], [80.09088721043848, 27.78389682768894]]]}}, {"type": "Feature", "properties": {"id": 666, "objectid": 666, "state": "UP", "stcode": "09", "district": "Jalaun", "dtcode": "151", "shape_length": 492558.3482390947, "shape_area": 4393810606.561041, "ds_name": " Administrative Boundary", "src_agency": "Survey of India (SOI)", "state_name": "Uttar Pradesh", "id_final": "d684"}, "geometry": {"type": "Polygon", "coordinates": [[[79.09507293859663, 26.412317502645323], [79.47343024501149, 26.431684260439997], [79.56816059985707, 26.357103291444616], [79.55210815991903, 26.27040287707747], [79.92722937159697, 26.084820989800154], [79.87067744611431, 25.882459160745267], [79.61461174948911, 25.932111836147175], [79.52186114366653, 25.88847822315979], [79.55112076581214, 25.82159591638991], [79.32406403062772, 25.766406600945356], [78.93429961727779, 25.95314930112701], [79.01206396700518, 26.083188509230467], [78.94892550798988, 26.128716806559833], [79.02639300436763, 26.19134391207751], [78.98940677414784, 26.23500357919579], [79.13494083494416, 26.32488881051708], [79.09507293859663, 26.412317502645323]]]}}, {"type": "Feature", "properties": {"id": 667, "objectid": 667, "state": "UP", "stcode": "09", "district": "Jaunpur", "dtcode": "152", "shape_length": 536423.7190414129, "shape_area": 3882284801.5702434, "ds_name": " Administrative Boundary", "src_agency": "Survey of India (SOI)", "state_name": "Uttar Pradesh", "id_final": "d685"}, "geometry": {"type": "Polygon", "coordinates": [[[82.60082617153533, 26.198352119670986], [82.70662631358496, 26.09489965348801], [82.75454047925687, 25.83684953255937], [83.07936933800772, 25.681904176540876], [83.04854998192906, 25.54191934882641], [82.72427985401971, 25.541512310486702], [82.69346624460624, 25.39382186379262], [82.12256605386729, 25.64494003922653], [82.17863342853764, 25.82640693939729], [82.39320987166748, 25.909293945308264], [82.36894387220653, 25.98230620818726], [82.50693001768352, 25.98136010709686], [82.44366932595474, 26.13240974545414], [82.60082617153533, 26.198352119670986]]]}}, {"type": "Feature", "properties": {"id": 668, "objectid": 668, "state": "UP", "stcode": "09", "district": "Jhansi", "dtcode": "153", "shape_length": 974364.2598555194, "shape_area": 4845420303.07871, "ds_name": " Administrative Boundary", "src_agency": "Survey of India (SOI)", "state_name": "Uttar Pradesh", "id_final": "d686"}, "geometry": {"type": "Polygon", "coordinates": [[[78.95409878498185, 25.94595480328928], [79.08228234830412, 25.918953769800915], [79.03846324495186, 25.8682304788716], [79.10661922082703, 25.891529649225223], [79.13516973443019, 25.808904226969148], [79.40184994668785, 25.788974664204773], [79.35527068965054, 25.643898706796957], [79.41090643973091, 25.537383221112062], [79.26282460258555, 25.273393020516767], [79.32324688130798, 25.149692741912194], [79.13095106300295, 25.10941898776258], [79.09047362160558, 25.190964966261603], [79.03100304676934, 25.13839022072941], [79.01331850079428, 25.273993992346366], [79.00585525524437, 25.195174568551572], [78.88039446528057, 25.157614875491845], [78.96061491955673, 25.345083012495735], [78.88200283317893, 25.34363654860533], [78.8496520349462, 25.22878435818564], [78.78778517171894, 25.29603986237706], [78.88030738940326, 25.385882970392178], [78.98929398995989, 25.373991954326687], [78.90887195193379, 25.44242057052905], [78.93936567907737, 25.55722049808705], [78.83495829194267, 25.505821351192495], [78.86617008380836, 25.465668929595026], [78.84414912171896, 25.427752573021856], [78.738049819856, 25.494835116407415], [78.82132781531567, 25.42259677242484], [78.74826204090257, 25.409787954786367], [78.77463147117908, 25.353094243189833], [78.65828067009915, 25.441036931972654], [78.44061845487055, 25.29570748085668], [78.57799634729679, 25.25319675181653], [78.44682002807274, 25.12178377774206], [78.30592802657303, 25.377984326947622], [78.44360095274833, 25.56320970974022], [78.81046292336939, 25.61945195829977], [78.75295304866442, 25.750882117669804], [78.95409878498185, 25.94595480328928]]]}}, {"type": "Feature", "properties": {"id": 669, "objectid": 669, "state": "UP", "stcode": "09", "district": "Amroha", "dtcode": "154", "shape_length": 333939.35653477337, "shape_area": 2097094087.6109037, "ds_name": " Administrative Boundary", "src_agency": "Survey of India (SOI)", "state_name": "Uttar Pradesh", "id_final": "d687"}, "geometry": {"type": "Polygon", "coordinates": [[[78.04959912309587, 29.069743319720807], [78.34678979911982, 29.017443785184525], [78.52465881261388, 29.067254208526922], [78.53288340926044, 28.936427713547005], [78.64367019700833, 28.926110749433107], [78.60109098889987, 28.787819921998388], [78.40633116589512, 28.780730075645543], [78.41133589689262, 28.46245318316576], [78.30374129378725, 28.437828750159653], [78.20937443220195, 28.529366090016403], [78.07425886079977, 28.935590096531488], [78.04959912309587, 29.069743319720807]]]}}, {"type": "Feature", "properties": {"id": 670, "objectid": 670, "state": "UP", "stcode": "09", "district": "Kannauj", "dtcode": "155", "shape_length": 309258.291765425, "shape_area": 2015199125.4188812, "ds_name": " Administrative Boundary", "src_agency": "Survey of India (SOI)", "state_name": "Uttar Pradesh", "id_final": "d688"}, "geometry": {"type": "Polygon", "coordinates": [[[79.42408683979974, 27.225588589871183], [79.925202037134, 27.146083819157425], [80.02165154582424, 26.962939491011333], [79.77681112878139, 26.768934390176824], [79.647929069191, 26.89481405782033], [79.3398121070457, 26.932340529489462], [79.43316134591046, 27.068543122446023], [79.42408683979974, 27.225588589871183]]]}}, {"type": "Feature", "properties": {"id": 671, "objectid": 671, "state": "UP", "stcode": "09", "district": "Kanpur Dehat", "dtcode": "156", "shape_length": 370327.8521730077, "shape_area": 3041316871.8018694, "ds_name": " Administrative Boundary", "src_agency": "Survey of India (SOI)", "state_name": "Uttar Pradesh", "id_final": "d689"}, "geometry": {"type": "Polygon", "coordinates": [[[79.88464813228178, 26.814437486239207], [80.02150672368305, 26.609412138243194], [80.17756746539924, 26.528164303185438], [80.11966247437199, 26.46519332632863], [80.18978752651968, 26.343738164147897], [80.00820479396496, 26.260924489267953], [79.91637651171958, 26.09010432948592], [79.78157457382518, 26.110637724904162], [79.50579279987097, 26.364244565678014], [79.71705935511692, 26.658250926495203], [79.6746769619795, 26.743892117191905], [79.88464813228178, 26.814437486239207]]]}}, {"type": "Feature", "properties": {"id": 672, "objectid": 672, "state": "UP", "stcode": "09", "district": "Kanpur Nagar", "dtcode": "157", "shape_length": 457234.5823244076, "shape_area": 2876699366.2988954, "ds_name": " Administrative Boundary", "src_agency": "Survey of India (SOI)", "state_name": "Uttar Pradesh", "id_final": "d690"}, "geometry": {"type": "Polygon", "coordinates": [[[80.00583252326666, 26.95360844822409], [80.59147860255173, 26.23122641268718], [80.32526538947833, 26.115257024066782], [80.2375766062123, 25.922458687640972], [80.08453462572203, 25.997682095957632], [80.09860284502261, 26.059770720265153], [79.95477249050882, 26.07809007171111], [80.00820479396496, 26.260924489267953], [80.1897871567197, 26.343151463874207], [80.11966247437199, 26.46519332632863], [80.17756746539924, 26.528164303185438], [80.02150672368305, 26.609412138243194], [79.89147222093256, 26.828398073515576], [80.00583252326666, 26.95360844822409]]]}}, {"type": "Feature", "properties": {"id": 673, "objectid": 673, "state": "UP", "stcode": "09", "district": "Kaushambi", "dtcode": "158", "shape_length": 295646.8553343832, "shape_area": 1735038398.207037, "ds_name": " Administrative Boundary", "src_agency": "Survey of India (SOI)", "state_name": "Uttar Pradesh", "id_final": "d691"}, "geometry": {"type": "MultiPolygon", "coordinates": [[[[81.35013062112664, 25.791428919803796], [81.46472274019388, 25.6223442020135], [81.63796580643483, 25.58965243688735], [81.64596799734109, 25.418418411510643], [81.69806692964804, 25.357480230650502], [81.455925997039, 25.25834205861277], [81.15149387373515, 25.394181185623005], [81.26983060472304, 25.504852809749984], [81.19849317143994, 25.720386445151806], [81.35013062112664, 25.791428919803796]]], [[[81.7869857578459, 25.325423054222078], [81.81153036907509, 25.35232358814802], [81.81353689956289, 25.33453291497352], [81.7869857578459, 25.325423054222078]]], [[[81.68617004336092, 25.408627963842367], [81.67529834398066, 25.415410343456088], [81.68362328935439, 25.41524426183805], [81.68617004336092, 25.408627963842367]]], [[[81.69787153326914, 25.416140159639887], [81.71595198765488, 25.425129607799995], [81.7207532703513, 25.422977193009288], [81.69787153326914, 25.416140159639887]]], [[[81.75362323613055, 25.482294124642923], [81.78255468414798, 25.468705696956146], [81.75028643094774, 25.466187282453703], [81.75362323613055, 25.482294124642923]]]]}}, {"type": "Feature", "properties": {"id": 674, "objectid": 674, "state": "UP", "stcode": "09", "district": "Kheri", "dtcode": "159", "shape_length": 689221.9172241206, "shape_area": 7440812969.51315, "ds_name": " Administrative Boundary", "src_agency": "Survey of India (SOI)", "state_name": "Uttar Pradesh", "id_final": "d692"}, "geometry": {"type": "Polygon", "coordinates": [[[80.5061277215982, 28.671179972145147], [81.02942435109077, 28.438794624799925], [81.06208692452851, 28.230603282181427], [81.30552466936582, 27.907722390691376], [81.2871945676065, 27.685144314348545], [80.98949898084295, 27.824639092264874], [80.9716244072684, 27.90629429587039], [80.82574623879538, 27.790828384484143], [80.64174535735742, 27.839120185338388], [80.60511723656273, 27.75069707822873], [80.5173799864747, 27.81037278989463], [80.31027433438135, 27.680060292079776], [80.23217699628627, 27.77150127418442], [80.05819428265396, 27.770616463521176], [80.03282617950971, 27.92441102600114], [80.23779350162718, 28.05967027169413], [80.37851560233413, 28.343315227526993], [80.30828307242706, 28.463401673827573], [80.44998713409902, 28.515117229703385], [80.32565268942263, 28.66643317360211], [80.5182883909337, 28.55186372335221], [80.5061277215982, 28.671179972145147]]]}}, {"type": "Feature", "properties": {"id": 675, "objectid": 675, "state": "UP", "stcode": "09", "district": "Kushi Nagar", "dtcode": "160", "shape_length": 460673.8514666389, "shape_area": 2795328770.6125965, "ds_name": " Administrative Boundary", "src_agency": "Survey of India (SOI)", "state_name": "Uttar Pradesh", "id_final": "d693"}, "geometry": {"type": "Polygon", "coordinates": [[[83.87878877204072, 27.29129842872938], [83.98737531395169, 27.196989658439144], [83.94653206999065, 27.090798137279094], [84.03039833839283, 27.097606163216874], [84.06037027646568, 26.888048588821775], [84.25411820989738, 26.856529951239327], [84.24072772722927, 26.73869713683641], [84.41956930792934, 26.625998538516516], [84.08658309672646, 26.63907094212834], [84.05192805351311, 26.551297793004693], [83.84002224794071, 26.759152365182395], [83.62418636607636, 26.66684298013069], [83.52688466646872, 26.85949998534355], [83.72811175636846, 26.954054758980195], [83.79496255685228, 27.2441987243232], [83.87878877204072, 27.29129842872938]]]}}, {"type": "Feature", "properties": {"id": 676, "objectid": 676, "state": "UP", "stcode": "09", "district": "Lalitpur", "dtcode": "161", "shape_length": 434173.03580683, "shape_area": 4851597729.092682, "ds_name": " Administrative Boundary", "src_agency": "Survey of India (SOI)", "state_name": "Uttar Pradesh", "id_final": "d694"}, "geometry": {"type": "Polygon", "coordinates": [[[78.56826913422344, 25.22473011930494], [78.6317595225056, 24.957713047339873], [78.789836601116, 24.810974714130495], [78.75202717041606, 24.60017558009169], [78.8831692705901, 24.64131011499263], [78.97151964132532, 24.49423647891366], [78.91421457184363, 24.459668665436684], [78.99364581238615, 24.42274429934333], [78.80636447764306, 24.178372516326817], [78.51861728044594, 24.38781803002973], [78.38838167122434, 24.26332565029322], [78.22517642134586, 24.522370121587276], [78.27677046041642, 24.662506743947546], [78.17229128213506, 24.87778874732562], [78.33397165446925, 24.994915928463147], [78.33950745532884, 25.08724387965403], [78.56826913422344, 25.22473011930494]]]}}, {"type": "Feature", "properties": {"id": 677, "objectid": 677, "state": "UP", "stcode": "09", "district": "Lucknow", "dtcode": "162", "shape_length": 367776.0819540517, "shape_area": 2438620280.6898766, "ds_name": " Administrative Boundary", "src_agency": "Survey of India (SOI)", "state_name": "Uttar Pradesh", "id_final": "d695"}, "geometry": {"type": "Polygon", "coordinates": [[[80.93110130528497, 27.157277614166794], [81.04861020994231, 27.092756788855638], [80.97207965238404, 27.055147900783293], [81.08967827311895, 26.836280622810936], [81.21388050674163, 26.78332771783976], [81.18235814031918, 26.619478513930435], [81.0466514498649, 26.503849648501486], [80.84160480224358, 26.66547037008497], [80.71653252086115, 26.6646752684798], [80.74028771676169, 26.790239842534888], [80.56127076267981, 26.93707655229089], [80.64597972370294, 27.077853883017323], [80.93110130528497, 27.157277614166794]]]}}, {"type": "Feature", "properties": {"id": 678, "objectid": 678, "state": "UP", "stcode": "09", "district": "Hathras", "dtcode": "163", "shape_length": 347560.78476999846, "shape_area": 1720341094.6530669, "ds_name": " Administrative Boundary", "src_agency": "Survey of India (SOI)", "state_name": "Uttar Pradesh", "id_final": "d696"}, "geometry": {"type": "Polygon", "coordinates": [[[78.41437626876444, 27.845726180738772], [78.52728292236134, 27.72464367721289], [78.4998607916908, 27.617587456583074], [78.2133727363348, 27.524205051365897], [78.13567498197267, 27.36458966976335], [77.90965505517059, 27.31547799474727], [77.87383751329718, 27.530149634406985], [78.00182661974968, 27.605251577205305], [78.02462806292827, 27.768511986290957], [78.16963168861403, 27.761853874606885], [78.24035562614014, 27.665076461346747], [78.41437626876444, 27.845726180738772]]]}}, {"type": "Feature", "properties": {"id": 679, "objectid": 679, "state": "UP", "stcode": "09", "district": "Maharajganj", "dtcode": "164", "shape_length": 403042.2278152935, "shape_area": 2840101850.3140182, "ds_name": " Administrative Boundary", "src_agency": "Survey of India (SOI)", "state_name": "Uttar Pradesh", "id_final": "d697"}, "geometry": {"type": "Polygon", "coordinates": [[[83.41268200503728, 27.47846864986177], [83.61425345055235, 27.469443319492576], [83.93308037362709, 27.311042198744452], [83.79496255685228, 27.2441987243232], [83.7245217986083, 26.951677018815584], [83.49798700187733, 26.89695497548005], [83.32411687566926, 26.9685284108326], [83.4075158582122, 27.088113782947378], [83.2698505469734, 27.029989453892625], [83.12984537706514, 27.13409323663218], [83.41268200503728, 27.47846864986177]]]}}, {"type": "Feature", "properties": {"id": 680, "objectid": 680, "state": "UP", "stcode": "09", "district": "Mahoba", "dtcode": "165", "shape_length": 563767.2268083764, "shape_area": 3118133729.3456154, "ds_name": " Administrative Boundary", "src_agency": "Survey of India (SOI)", "state_name": "Uttar Pradesh", "id_final": "d698"}, "geometry": {"type": "MultiPolygon", "coordinates": [[[[79.9854379738868, 25.62595055979107], [80.22673034996728, 25.473174351543307], [80.00480853393003, 25.267230252184756], [79.85137669390085, 25.235501548599984], [79.86154101924971, 25.096226563790726], [79.56909645995155, 25.171809026140746], [79.49151038533199, 25.079611269492336], [79.39330573160669, 25.117204386413512], [79.49449176477864, 25.26678953239595], [79.27897920770448, 25.323969586147417], [79.38787622984664, 25.52209099645409], [79.63906929564742, 25.484765086330274], [79.70989049174862, 25.59322816638174], [79.9854379738868, 25.62595055979107]]], [[[79.36695965265406, 25.144346351846423], [79.42591134925404, 25.05858888371133], [79.40975286428582, 25.033931736493273], [79.35610712676512, 25.0404694071334], [79.36695965265406, 25.144346351846423]]], [[[79.37255587931944, 25.180015906821925], [79.35446584987123, 25.175891803899116], [79.3594413258738, 25.188469383682612], [79.37255587931944, 25.180015906821925]]], [[[79.30847227935402, 25.198211984502066], [79.29221418637016, 25.184152632225743], [79.30151684670454, 25.201371391074883], [79.30847227935402, 25.198211984502066]]], [[[79.27722187310479, 25.248016840225795], [79.35079819907502, 25.263829301293978], [79.3384604584715, 25.19797852058202], [79.27722187310479, 25.248016840225795]]]]}}, {"type": "Feature", "properties": {"id": 681, "objectid": 681, "state": "UP", "stcode": "09", "district": "Mainpuri", "dtcode": "166", "shape_length": 374057.64348550537, "shape_area": 2642871210.605553, "ds_name": " Administrative Boundary", "src_agency": "Survey of India (SOI)", "state_name": "Uttar Pradesh", "id_final": "d699"}, "geometry": {"type": "MultiPolygon", "coordinates": [[[[79.20512916122857, 27.342259182738847], [79.43686795086418, 27.094359966742974], [79.35509201848022, 26.958340130593026], [78.80974671617324, 26.95755273134711], [78.76490646132545, 27.105902499183617], [78.82038676801605, 27.144936475520332], [78.72545820483721, 27.194495027515746], [78.71185983026977, 27.342755677956756], [78.82757789110218, 27.35514715966358], [78.88706116755361, 27.47339746022712], [79.20512916122857, 27.342259182738847]]], [[[79.20645665471814, 27.341917537877954], [79.20727348319127, 27.343440358300427], [79.20779853891298, 27.34300758870664], [79.20645665471814, 27.341917537877954]]]]}}, {"type": "Feature", "properties": {"id": 682, "objectid": 682, "state": "UP", "stcode": "09", "district": "Mathura", "dtcode": "167", "shape_length": 403362.9145108982, "shape_area": 3226126508.7177644, "ds_name": " Administrative Boundary", "src_agency": "Survey of India (SOI)", "state_name": "Uttar Pradesh", "id_final": "d700"}, "geometry": {"type": "Polygon", "coordinates": [[[77.64638791405335, 27.966867718033498], [77.80889078744097, 27.859267114606777], [77.78851260183531, 27.68446330734041], [77.92808437684155, 27.473352905753345], [77.88794246836505, 27.33828567180045], [77.98800946885491, 27.302096958826592], [77.92754114625274, 27.233413802910242], [77.8785191619899, 27.296133783596396], [77.6455197145709, 27.242465480951743], [77.6227040534106, 27.336198537288144], [77.4399701973159, 27.39034391613602], [77.33998607342623, 27.526634038728997], [77.29647222135121, 27.825252523551136], [77.64638791405335, 27.966867718033498]]]}}, {"type": "Feature", "properties": {"id": 683, "objectid": 683, "state": "UP", "stcode": "09", "district": "Mau", "dtcode": "168", "shape_length": 294561.1969442645, "shape_area": 1648384398.0143554, "ds_name": " Administrative Boundary", "src_agency": "Survey of India (SOI)", "state_name": "Uttar Pradesh", "id_final": "d701"}, "geometry": {"type": "Polygon", "coordinates": [[[83.50315235153708, 26.277363209600825], [83.79098811741008, 26.229796981448523], [83.7950716399693, 26.1075108342485], [83.6760716864899, 26.02025964857003], [83.80714356050727, 25.915652458081365], [83.37114139763705, 25.797368795111147], [83.31970156122689, 26.049336682808924], [83.50315235153708, 26.277363209600825]]]}}, {"type": "Feature", "properties": {"id": 684, "objectid": 684, "state": "UP", "stcode": "09", "district": "Meerut", "dtcode": "169", "shape_length": 309073.2310868468, "shape_area": 2482302475.742887, "ds_name": " Administrative Boundary", "src_agency": "Survey of India (SOI)", "state_name": "Uttar Pradesh", "id_final": "d702"}, "geometry": {"type": "Polygon", "coordinates": [[[77.59746833403958, 29.256970421529648], [77.7956467914261, 29.184983804112072], [78.11378566406513, 29.25632442529886], [78.04955993493581, 29.06911817878954], [78.11310496829051, 28.878139878096135], [77.86794276561122, 28.864432474028785], [77.76637859361814, 28.76123097713141], [77.68024194233296, 28.87713941476154], [77.45655549441702, 28.90679552330482], [77.42275015344849, 29.092413000505665], [77.59746833403958, 29.256970421529648]]]}}, {"type": "Feature", "properties": {"id": 685, "objectid": 685, "state": "UP", "stcode": "09", "district": "Mirzapur", "dtcode": "170", "shape_length": 571509.5241225706, "shape_area": 4247244848.852254, "ds_name": " Administrative Boundary", "src_agency": "Survey of India (SOI)", "state_name": "Uttar Pradesh", "id_final": "d703"}, "geometry": {"type": "Polygon", "coordinates": [[[82.77988050914846, 25.2667149958865], [82.80349966522786, 25.169863784517506], [83.03030575366256, 25.24360061335514], [83.18097539182386, 25.178502369166583], [82.95433953150253, 24.836692251508836], [82.65771566352134, 24.781099011109923], [82.58171239569748, 24.83018950843773], [82.54717825129715, 24.690647686157345], [82.407239845662, 24.682835707637626], [82.41612559450377, 24.591115550574546], [82.23899186923654, 24.66107024366324], [82.20358665542166, 24.819121837659374], [82.08020272811594, 24.831809734570776], [82.30163702146396, 25.01112189050722], [82.26699997112912, 25.268534382950232], [82.34922365209748, 25.206679251742603], [82.77988050914846, 25.2667149958865]]]}}, {"type": "Feature", "properties": {"id": 686, "objectid": 686, "state": "UP", "stcode": "09", "district": "Moradabad", "dtcode": "171", "shape_length": 419571.5697126359, "shape_area": 2188021823.7611475, "ds_name": " Administrative Boundary", "src_agency": "Survey of India (SOI)", "state_name": "Uttar Pradesh", "id_final": "d704"}, "geometry": {"type": "Polygon", "coordinates": [[[78.76152819825302, 29.262251056718043], [78.98370313498305, 29.123582470422228], [78.90256653720472, 28.996369353844916], [79.0010846786296, 28.764260660979456], [78.867857833763, 28.717659143880844], [78.93609900146141, 28.56221118994989], [78.70941916786768, 28.491187706389436], [78.64367019700833, 28.926110749433107], [78.51440638812754, 28.97074297546093], [78.52465881261388, 29.067254208526922], [78.76152819825302, 29.262251056718043]]]}}, {"type": "Feature", "properties": {"id": 687, "objectid": 687, "state": "UP", "stcode": "09", "district": "Muzaffarnagar", "dtcode": "172", "shape_length": 360953.6799792339, "shape_area": 2656206771.3083963, "ds_name": " Administrative Boundary", "src_agency": "Survey of India (SOI)", "state_name": "Uttar Pradesh", "id_final": "d705"}, "geometry": {"type": "MultiPolygon", "coordinates": [[[[77.3162343237147, 29.250377812706894], [77.46400690929882, 29.451718802276368], [77.48697690702068, 29.63394519677022], [77.65674308882532, 29.56470065239651], [77.938147167655, 29.714530497361682], [78.1148362667158, 29.258186032332095], [77.77679923793703, 29.185269319940677], [77.58538255353388, 29.26652680777582], [77.50449419319301, 29.19135092857887], [77.3162343237147, 29.250377812706894]]], [[[77.25144005415501, 29.27062252826153], [77.27776933871226, 29.293383224420786], [77.27706491150458, 29.266726498993368], [77.25144005415501, 29.27062252826153]]], [[[77.32016695099959, 29.384747500556525], [77.33022461477672, 29.36698109982876], [77.3187430486906, 29.365543016081396], [77.32016695099959, 29.384747500556525]]]]}}, {"type": "Feature", "properties": {"id": 688, "objectid": 688, "state": "UP", "stcode": "09", "district": "Pilibhit", "dtcode": "173", "shape_length": 598972.9798899918, "shape_area": 3634040792.4514775, "ds_name": " Administrative Boundary", "src_agency": "Survey of India (SOI)", "state_name": "Uttar Pradesh", "id_final": "d706"}, "geometry": {"type": "Polygon", "coordinates": [[[79.82734386736536, 28.884644119997102], [79.80804423046033, 28.800947795287318], [79.88818510678271, 28.8365763658899], [79.95430326549308, 28.722893506777698], [80.06502552405239, 28.837337500822557], [80.25104802078737, 28.7575174647036], [80.44941236105767, 28.520887284601265], [80.30828307242706, 28.463401673827573], [80.3662028186198, 28.395927356005437], [80.35869185440632, 28.328844002156185], [80.00864035015222, 28.37985133630811], [79.96702974306481, 28.100878295110455], [79.85523196779697, 28.233633186686514], [79.82373303759506, 28.16644378910529], [79.73036366961817, 28.182184159086802], [79.69628291014257, 28.38557782523163], [79.78269423509325, 28.501945401387637], [79.62367777816752, 28.619942787750123], [79.67418309090188, 28.84641551992295], [79.82734386736536, 28.884644119997102]]]}}, {"type": "Feature", "properties": {"id": 689, "objectid": 689, "state": "UP", "stcode": "09", "district": "Pratapgarh", "dtcode": "174", "shape_length": 528803.5967628786, "shape_area": 3575615216.6337724, "ds_name": " Administrative Boundary", "src_agency": "Survey of India (SOI)", "state_name": "Uttar Pradesh", "id_final": "d707"}, "geometry": {"type": "Polygon", "coordinates": [[[81.63240219565527, 26.162883123511953], [81.78428775658791, 26.02811729802396], [82.09914874588372, 26.077369426586912], [82.43443307598855, 25.98518251121519], [82.17863342853764, 25.82640693939729], [82.1148874467046, 25.651804577972968], [82.02099280767725, 25.743700701723967], [81.78853461075279, 25.75010566905885], [81.72515204726363, 25.622040765281696], [81.60684012491056, 25.66842721242369], [81.56533981146505, 25.57239373872857], [81.37385978697795, 25.694872565090133], [81.32501330851422, 25.85729073981743], [81.59208311693715, 25.969384301200673], [81.53706519527351, 26.117590670295545], [81.63240219565527, 26.162883123511953]]]}}, {"type": "Feature", "properties": {"id": 690, "objectid": 690, "state": "UP", "stcode": "09", "district": "Rae Bareli", "dtcode": "175", "shape_length": 502830.9824439757, "shape_area": 3781213826.8635354, "ds_name": " Administrative Boundary", "src_agency": "Survey of India (SOI)", "state_name": "Uttar Pradesh", "id_final": "d708"}, "geometry": {"type": "Polygon", "coordinates": [[[81.18561397546888, 26.605010343206132], [81.3608757008018, 26.525483388427094], [81.40902004185246, 26.31815159768625], [81.35356545389669, 26.22782708999138], [81.61583805429946, 26.20401052532147], [81.53513521894133, 26.103560581665317], [81.59208311693715, 25.969384301200673], [81.37123884165504, 25.89664921801274], [81.33841797165822, 25.81068977148306], [81.01413163219078, 26.07460631474083], [80.82884973468612, 26.018789217484564], [80.66997103728829, 26.101472488116627], [80.88142498809589, 26.281220015746598], [80.84218670037461, 26.370802586233168], [80.998293371587, 26.31304931465275], [81.04990708605001, 26.375704318139547], [80.99435600974653, 26.513798060240067], [81.18561397546888, 26.605010343206132]]]}}, {"type": "Feature", "properties": {"id": 691, "objectid": 691, "state": "UP", "stcode": "09", "district": "Rampur", "dtcode": "176", "shape_length": 401126.88293392956, "shape_area": 2291259372.226032, "ds_name": " Administrative Boundary", "src_agency": "Survey of India (SOI)", "state_name": "Uttar Pradesh", "id_final": "d709"}, "geometry": {"type": "Polygon", "coordinates": [[[79.048042860205, 29.160046648489672], [79.15342156686546, 29.115271116951373], [79.17098123101107, 29.011988376160705], [79.42765014262167, 28.91273108130226], [79.20500525799608, 28.571817185376787], [78.95961654159719, 28.417437968059946], [78.85851048703378, 28.677323868632126], [79.0010846786296, 28.764260660979456], [78.90256653720472, 28.996369353844916], [79.048042860205, 29.160046648489672]]]}}, {"type": "Feature", "properties": {"id": 692, "objectid": 692, "state": "UP", "stcode": "09", "district": "Saharanpur", "dtcode": "177", "shape_length": 371644.4616301071, "shape_area": 3615159307.496096, "ds_name": " Administrative Boundary", "src_agency": "Survey of India (SOI)", "state_name": "Uttar Pradesh", "id_final": "d710"}, "geometry": {"type": "Polygon", "coordinates": [[[77.6011859629658, 30.39995790098613], [77.96169335945748, 30.242395613335106], [77.7333396037087, 29.955965121382064], [77.80935552534385, 29.65610437845615], [77.65674308882532, 29.56470065239651], [77.45080236650873, 29.673689551406106], [77.14968649755494, 29.688414419595496], [77.1879765618212, 29.91139563360752], [77.42257606452421, 30.103458358253114], [77.6011859629658, 30.39995790098613]]]}}, {"type": "Feature", "properties": {"id": 693, "objectid": 693, "state": "UP", "stcode": "09", "district": "Sant Kabeer Nagar", "dtcode": "178", "shape_length": 394810.55345589615, "shape_area": 1565026272.8866525, "ds_name": " Administrative Boundary", "src_agency": "Survey of India (SOI)", "state_name": "Uttar Pradesh", "id_final": "d711"}, "geometry": {"type": "MultiPolygon", "coordinates": [[[[83.12553699671685, 27.092364560486264], [83.22665017267039, 26.936580495030842], [83.12993956145726, 26.877046659830988], [83.08277698490883, 26.701981803192293], [83.2047359243807, 26.52446389700341], [83.06781537413063, 26.408135774112996], [82.8382267594046, 26.56314912154025], [82.97757731031385, 26.708554632106775], [82.82247592675255, 26.850135125276566], [82.93015044017936, 26.92237326421007], [82.90988116889466, 27.02019532021992], [83.12553699671685, 27.092364560486264]]], [[[82.84002999655455, 26.600720759507517], [82.83320028184036, 26.59067074965873], [82.83326696819633, 26.599739802259954], [82.84002999655455, 26.600720759507517]]]]}}, {"type": "Feature", "properties": {"id": 694, "objectid": 694, "state": "UP", "stcode": "09", "district": "Bhadohi", "dtcode": "179", "shape_length": 271443.3630691452, "shape_area": 976423430.3602332, "ds_name": " Administrative Boundary", "src_agency": "Survey of India (SOI)", "state_name": "Uttar Pradesh", "id_final": "d712"}, "geometry": {"type": "Polygon", "coordinates": [[[82.33702915432757, 25.53575741273561], [82.70991978721597, 25.38878018927817], [82.6884897205814, 25.278351804795747], [82.34922365209748, 25.206679251742603], [82.27981403166251, 25.271896747225597], [82.23023820340022, 25.223567117288912], [82.2855915172753, 25.1906984291631], [82.20738914131863, 25.187456318838134], [82.22227062002582, 25.2777180948707], [82.34909215235538, 25.41057301238005], [82.2827707484067, 25.48488400957326], [82.33702915432757, 25.53575741273561]]]}}, {"type": "Feature", "properties": {"id": 695, "objectid": 695, "state": "UP", "stcode": "09", "district": "Shahjahanpur", "dtcode": "180", "shape_length": 700011.9657327264, "shape_area": 4175814143.576277, "ds_name": " Administrative Boundary", "src_agency": "Survey of India (SOI)", "state_name": "Uttar Pradesh", "id_final": "d713"}, "geometry": {"type": "Polygon", "coordinates": [[[80.02956240347272, 28.374071694996587], [80.35869185440632, 28.328844002156185], [80.23779350162718, 28.05967027169413], [80.03282617950971, 27.92441102600114], [80.07288526434887, 27.7481236495571], [79.86211507956305, 27.648364348582792], [79.73846884189471, 27.72270035520202], [79.68437943371237, 27.626059968126242], [79.73720416840295, 27.444845445385916], [79.64620129743561, 27.63676270831889], [79.49384493151292, 27.588807147666508], [79.34679294534817, 27.64999543929876], [79.35913371942681, 27.80331978940222], [79.48403548197751, 27.845392006917667], [79.4721156340866, 27.990292913562268], [79.65268656572502, 28.076714729378946], [79.70181194130095, 28.256560409419237], [79.73429881508814, 28.179553887183644], [79.85523196779697, 28.233633186686514], [79.89692435613817, 28.11504620238838], [79.98468631763394, 28.1050357175677], [80.02956240347272, 28.374071694996587]]]}}, {"type": "Feature", "properties": {"id": 696, "objectid": 696, "state": "UP", "stcode": "09", "district": "Shravasti", "dtcode": "181", "shape_length": 305355.96994547785, "shape_area": 1871617753.7297711, "ds_name": " Administrative Boundary", "src_agency": "Survey of India (SOI)", "state_name": "Uttar Pradesh", "id_final": "d714"}, "geometry": {"type": "Polygon", "coordinates": [[[81.75416866319568, 27.943820278494886], [81.90011690612523, 27.8535764051085], [81.99130408233906, 27.929164101023314], [82.20830675079128, 27.843578803020694], [82.02267255462027, 27.58379339443396], [82.05548034490238, 27.554344601751936], [82.07376893173638, 27.404295088750324], [81.67642955164423, 27.574181795990704], [81.69590012656926, 27.72658443801148], [81.59765312638966, 27.868509694808413], [81.75416866319568, 27.943820278494886]]]}}, {"type": "Feature", "properties": {"id": 716, "objectid": 716, "state": "WB", "stcode": "19", "district": "Dinajpur Uttar", "dtcode": "311", "shape_length": 728161.7643713771, "shape_area": 3002888304.229237, "ds_name": " Administrative Boundary", "src_agency": "Survey of India (SOI)", "state_name": "West Bengal", "id_final": "d715"}, "geometry": {"type": "Polygon", "coordinates": [[[88.24036873757342, 26.458645738862593], [88.48524556215874, 26.460256697888326], [88.52335198030008, 26.36082389867401], [88.17726033987573, 26.147957565514186], [88.08591587448741, 25.915243536021816], [88.11449306463632, 25.797991942027757], [88.2596559078514, 25.813826505588597], [88.45580512259082, 25.628580787592178], [88.16459589764253, 25.408012430997495], [88.16794203784227, 25.325757394507242], [88.26884520691827, 25.30231115663398], [88.12706910874525, 25.2429230071785], [88.02090820241082, 25.570438599253738], [88.05535054023603, 25.691436395946706], [87.81084211484281, 25.927881707743907], [87.97519239932286, 26.143015518678293], [88.28532649950425, 26.32948616204459], [88.24036873757342, 26.458645738862593]]]}}, {"type": "Feature", "properties": {"id": 717, "objectid": 717, "state": "WB", "stcode": "19", "district": "Hooghly", "dtcode": "312", "shape_length": 482608.8994691853, "shape_area": 3021768340.7034025, "ds_name": " Administrative Boundary", "src_agency": "Survey of India (SOI)", "state_name": "West Bengal", "id_final": "d716"}, "geometry": {"type": "Polygon", "coordinates": [[[88.46937720902443, 23.208986630609388], [88.5036299982549, 23.087819997987644], [88.3302010597335, 22.78120749127709], [88.35009996601569, 22.654992891715235], [88.01004356046454, 22.686650011431706], [87.98065544938875, 22.78129183954267], [87.93832110994278, 22.630451224933175], [87.85260222648711, 22.59399161948577], [87.74095661801518, 22.777384045485217], [87.51566794803297, 22.866044439966345], [87.52302083440593, 22.930526050471883], [87.63115945469379, 22.898650073419653], [87.68649831181332, 23.025321239537494], [87.94006454078975, 22.94281329224808], [88.16933040969823, 23.155470912649466], [88.36026831027222, 23.117608237066793], [88.46937720902443, 23.208986630609388]]]}}, {"type": "Feature", "properties": {"id": 718, "objectid": 718, "state": "WB", "stcode": "19", "district": "Howrah", "dtcode": "313", "shape_length": 254453.71166987307, "shape_area": 1343403679.8076673, "ds_name": " Administrative Boundary", "src_agency": "Survey of India (SOI)", "state_name": "West Bengal", "id_final": "d717"}, "geometry": {"type": "Polygon", "coordinates": [[[87.9820352396955, 22.779052069478762], [88.01004356046454, 22.686650011431706], [88.3617206625229, 22.622845570240976], [88.11462706149118, 22.4685601651824], [88.04905339594058, 22.21789078843531], [87.84488846537316, 22.557971927483624], [87.9820352396955, 22.779052069478762]]]}}, {"type": "Feature", "properties": {"id": 719, "objectid": 719, "state": "WB", "stcode": "19", "district": "Jalpaiguri", "dtcode": "314", "shape_length": 442770.8230038043, "shape_area": 3272095415.332951, "ds_name": " Administrative Boundary", "src_agency": "Survey of India (SOI)", "state_name": "West Bengal", "id_final": "d718"}, "geometry": {"type": "Polygon", "coordinates": [[[88.92168375723206, 26.993927234963383], [89.09569882911241, 26.89167315092546], [89.04204894150243, 26.638060736253987], [89.1196688892279, 26.522479167834724], [88.96213889778514, 26.538670956605866], [88.86041646937929, 26.391425017190944], [88.76959209706676, 26.395397648542087], [88.75857880434408, 26.294759211223884], [88.66622666407389, 26.262656829912974], [88.74587031672701, 26.347066518680872], [88.43227024984881, 26.54840911500177], [88.4308174837426, 26.819390124383876], [88.65870776986397, 26.966984322103546], [88.75930251539617, 26.92546815171002], [88.92168375723206, 26.993927234963383]], [[88.89796000094817, 26.460009998438192], [88.90191272182406, 26.45847650778037], [88.89835000094354, 26.462489997088436], [88.89796000094817, 26.460009998438192]]]}}, {"type": "Feature", "properties": {"id": 720, "objectid": 720, "state": "WB", "stcode": "19", "district": "Kolkata", "dtcode": "315", "shape_length": 97689.26818961719, "shape_area": 188349335.51345176, "ds_name": " Administrative Boundary", "src_agency": "Survey of India (SOI)", "state_name": "West Bengal", "id_final": "d719"}, "geometry": {"type": "Polygon", "coordinates": [[[88.37131338154703, 22.632849146483352], [88.45636999898817, 22.513861999544627], [88.2865954236027, 22.453946647986605], [88.23582139562077, 22.557985477373194], [88.37131338154703, 22.632849146483352]]]}}, {"type": "Feature", "properties": {"id": 721, "objectid": 721, "state": "WB", "stcode": "19", "district": "Maldah", "dtcode": "316", "shape_length": 469460.50461836933, "shape_area": 3536267377.084356, "ds_name": " Administrative Boundary", "src_agency": "Survey of India (SOI)", "state_name": "West Bengal", "id_final": "d720"}, "geometry": {"type": "Polygon", "coordinates": [[[87.96111598413222, 25.53749651881468], [88.1129846751904, 25.435162158229566], [88.12624063985218, 25.243206230541414], [88.21483980344567, 25.3132361622804], [88.46475029296559, 25.271124040135174], [88.39883803538231, 24.945320223192542], [88.33061902206077, 24.87013978954348], [88.2261127439855, 24.959706129153403], [88.13809401942228, 24.936143656844216], [88.1750191361714, 24.860151239782347], [88.00410000021715, 24.65396999975654], [87.76849344028548, 25.21790111979619], [87.85347010793483, 25.28994951027919], [87.77345814437393, 25.428813372826546], [87.96111598413222, 25.53749651881468]]]}}, {"type": "Feature", "properties": {"id": 722, "objectid": 722, "state": "WB", "stcode": "19", "district": "Medinipur East", "dtcode": "317", "shape_length": 561674.7802175742, "shape_area": 3927805192.2224464, "ds_name": " Administrative Boundary", "src_agency": "Survey of India (SOI)", "state_name": "West Bengal", "id_final": "d721"}, "geometry": {"type": "Polygon", "coordinates": [[[87.85626085008566, 22.583985960804377], [88.04828219849163, 22.21783042733252], [88.11462706149118, 22.4685601651824], [88.23821773672155, 22.562609448871182], [88.2478510348301, 22.56412356896049], [88.25684815661603, 22.563343001521417], [88.30713169311997, 22.55173586051883], [88.3226115217639, 22.554224989229947], [88.12194527090578, 22.46632803608267], [88.06057129436189, 22.20577053177878], [87.94691180765012, 22.257034682040103], [88.1888978965012, 22.10640122186087], [87.84054792662394, 21.72400255836638], [87.48639050393726, 21.60932564080861], [87.42565318537613, 21.797028006249562], [87.51240182570527, 21.948801684718422], [87.47457725973359, 22.073840112941337], [87.70167578846598, 22.12579920961228], [87.72385195887296, 22.31852263708992], [87.64733468786301, 22.326205374564548], [87.6468231841684, 22.43639384534798], [87.69241250397424, 22.50776406516861], [87.8833663147404, 22.509430840829385], [87.85626085008566, 22.583985960804377]]]}}, {"type": "Feature", "properties": {"id": 723, "objectid": 723, "state": "WB", "stcode": "19", "district": "Medinipur West", "dtcode": "318", "shape_length": 556588.6532563952, "shape_area": 6032351583.245164, "ds_name": " Administrative Boundary", "src_agency": "Survey of India (SOI)", "state_name": "West Bengal", "id_final": "d722"}, "geometry": {"type": "Polygon", "coordinates": [[[87.35828109603398, 22.954027147473386], [87.74095661801518, 22.777384045485217], [87.88835434314777, 22.518906415604285], [87.65950859582871, 22.462403454214098], [87.72929099062847, 22.190408578113964], [87.67389378721741, 22.103690841665017], [87.47457725973359, 22.073840112941337], [87.51240182570527, 21.948801684718422], [87.44039819831596, 21.76979160053639], [87.37317066672975, 21.76480994412927], [87.26395284574406, 21.818785755172527], [87.13466836747615, 22.08888934089871], [87.22853234640529, 22.247470290627835], [87.15548509364783, 22.342380815986463], [87.25828982765982, 22.402207740086734], [87.08218942492843, 22.47175320835949], [87.12386742811876, 22.684685109627704], [87.05365335548191, 22.822542236064052], [87.35828109603398, 22.954027147473386]]]}}, {"type": "Feature", "properties": {"id": 724, "objectid": 724, "state": "WB", "stcode": "19", "district": "Murshidabad", "dtcode": "319", "shape_length": 594275.7754292873, "shape_area": 5140358426.542107, "ds_name": " Administrative Boundary", "src_agency": "Survey of India (SOI)", "state_name": "West Bengal", "id_final": "d723"}, "geometry": {"type": "Polygon", "coordinates": [[[87.90150000030073, 24.850669999513297], [87.96871000081185, 24.675960000474436], [88.19840139109473, 24.46249546759306], [88.5551348871742, 24.29334134878328], [88.72931063836484, 24.289739817062884], [88.7464813580638, 24.147077839023048], [88.6284801316791, 23.984456088894074], [88.55638935832135, 24.040820481397397], [88.50782163961004, 23.99162265239352], [88.46224894145963, 23.818123704924854], [88.0605197929144, 23.72263211466581], [88.01061555906392, 23.844524486591865], [87.8559133962615, 23.86812685215124], [87.89916959659921, 24.162136174705488], [88.02504011004169, 24.24790759138222], [87.88914801830043, 24.543307599233355], [87.90784997912098, 24.72122934945629], [87.81803004163123, 24.75486303333669], [87.90150000030073, 24.850669999513297]]]}}, {"type": "Feature", "properties": {"id": 725, "objectid": 725, "state": "WB", "stcode": "19", "district": "Nadia", "dtcode": "320", "shape_length": 679364.9261686332, "shape_area": 3762573468.2439404, "ds_name": " Administrative Boundary", "src_agency": "Survey of India (SOI)", "state_name": "West Bengal", "id_final": "d724"}, "geometry": {"type": "Polygon", "coordinates": [[[88.69843778333814, 24.094784810412598], [88.7687113330602, 23.98146245995844], [88.55613392561843, 23.784166492969593], [88.58007392425333, 23.60296693144799], [88.80078695713605, 23.497124098814016], [88.69628140089293, 23.3019981790634], [88.75394175703498, 23.235649850955372], [88.65807941020165, 22.875711053590898], [88.40616915108806, 22.941900059343297], [88.50381999955073, 23.09001999898426], [88.46178369109921, 23.222004903256884], [88.33020047783911, 23.281064237702683], [88.38689958974905, 23.505449774710023], [88.1347662759954, 23.664537509670946], [88.2323191856939, 23.711146533805028], [88.2385167231492, 23.802789843399648], [88.47660952060014, 23.828716657853246], [88.50782163961004, 23.99162265239352], [88.55638935832135, 24.040820481397397], [88.6284801316791, 23.984456088894074], [88.69843778333814, 24.094784810412598]]]}}, {"type": "Feature", "properties": {"id": 726, "objectid": 726, "state": "WB", "stcode": "19", "district": "Purulia", "dtcode": "321", "shape_length": 582669.7292350237, "shape_area": 6006053816.715049, "ds_name": " Administrative Boundary", "src_agency": "Survey of India (SOI)", "state_name": "West Bengal", "id_final": "d725"}, "geometry": {"type": "Polygon", "coordinates": [[[86.4618924941389, 23.629714404969995], [86.90235554311333, 23.639310555666945], [86.90634230040123, 23.493742476050652], [86.82399885251672, 23.4572438158811], [86.70614710319451, 22.88014864380063], [86.55946927288248, 22.71237428259859], [86.41943164689697, 22.790920533300206], [86.43584818032316, 22.925828546630953], [86.52551151855471, 22.94722762169915], [86.5470492461046, 22.98933911481091], [86.1855947268644, 23.005173337426573], [85.83656081832804, 23.22060585056141], [85.86309448810641, 23.462416747639065], [86.05417578601747, 23.486867050230725], [86.04205671849927, 23.586120401884862], [86.3101891974709, 23.411768647727282], [86.4618924941389, 23.629714404969995]]]}}, {"type": "Feature", "properties": {"id": 727, "objectid": 727, "state": "WB", "stcode": "19", "district": "Alipurduar", "dtcode": "664", "shape_length": 335210.99250751775, "shape_area": 2696216641.1781244, "ds_name": " Administrative Boundary", "src_agency": "Survey of India (SOI)", "state_name": "West Bengal", "id_final": "d726"}, "geometry": {"type": "Polygon", "coordinates": [[[89.3836378948233, 26.859076572729652], [89.64986891322098, 26.776738560547905], [89.6237790504025, 26.718448907380086], [89.8624253872938, 26.70146637819927], [89.874251245356, 26.583919083062693], [89.85638325986768, 26.41291930851262], [89.8457127457945, 26.469990090558174], [89.61677434173367, 26.398980930854453], [89.11524652447856, 26.525791816945336], [89.04252669588735, 26.631408320392925], [89.09006671773759, 26.840882174518498], [89.3836378948233, 26.859076572729652]]]}}, {"type": "Feature", "properties": {"id": 728, "objectid": 728, "state": "WB", "stcode": "19", "district": "Kalimpong", "dtcode": "702", "shape_length": 171973.2709144817, "shape_area": 1053967705.0281883, "ds_name": " Administrative Boundary", "src_agency": "Survey of India (SOI)", "state_name": "West Bengal", "id_final": "d727"}, "geometry": {"type": "Polygon", "coordinates": [[[88.59715587136442, 27.188165861265492], [88.86770770910607, 27.112442619988702], [88.87253408154218, 26.964174721644344], [88.4770958409897, 26.880912184019717], [88.39046661814447, 26.988104882041178], [88.41934484368113, 27.067910435268807], [88.59715587136442, 27.188165861265492]]]}}, {"type": "Feature", "properties": {"id": 729, "objectid": 729, "state": "WB", "stcode": "19", "district": "Jhargram", "dtcode": "703", "shape_length": 484138.57721813716, "shape_area": 2977826720.1208706, "ds_name": " Administrative Boundary", "src_agency": "Survey of India (SOI)", "state_name": "West Bengal", "id_final": "d728"}, "geometry": {"type": "Polygon", "coordinates": [[[86.61065909955725, 22.79863372456563], [86.91638040493407, 22.62689042331668], [87.05181058705485, 22.727485947124876], [87.12386742811876, 22.684685109627704], [87.08218942492843, 22.47175320835949], [87.25828982765982, 22.402207740086734], [87.15548509364783, 22.342380815986463], [87.22853234640529, 22.247470290627835], [87.13459783715167, 22.089729113905243], [87.24338410821039, 21.964102938549697], [87.1702380124979, 21.97933471609422], [87.09870662211378, 21.865700602748465], [87.00200585403432, 21.912952096399163], [87.02811276106979, 22.03654869342571], [86.96503822266101, 22.085791397995095], [86.72185608313534, 22.14667075185204], [86.88816401356796, 22.297102458551414], [86.75116518791654, 22.455699153301683], [86.78891970102195, 22.54862200754934], [86.6585907526559, 22.57562257203962], [86.5585203800288, 22.71100229410221], [86.61065909955725, 22.79863372456563]]]}}, {"type": "Feature", "properties": {"id": 730, "objectid": 730, "state": "WB", "stcode": "19", "district": "Paschim Bardhaman", "dtcode": "704", "shape_length": 253562.39286996715, "shape_area": 1544513602.7990255, "ds_name": " Administrative Boundary", "src_agency": "Survey of India (SOI)", "state_name": "West Bengal", "id_final": "d729"}, "geometry": {"type": "Polygon", "coordinates": [[[86.91849929011813, 23.880688744869552], [87.52730665843038, 23.618534195977045], [87.44905686460254, 23.402906716134076], [86.79913069114879, 23.699819345912086], [86.80043150983138, 23.83378533546248], [86.91849929011813, 23.880688744869552]]]}}, {"type": "Feature", "properties": {"id": 731, "objectid": 731, "state": "JK", "stcode": "01", "district": "Mirpur", "dtcode": "999", "shape_length": 435307.39060881134, "shape_area": 3559971080.1472845, "ds_name": " Administrative Boundary", "src_agency": "Survey of India (SOI)", "state_name": "Jammu & Kashmir", "id_final": "d730"}, "geometry": {"type": "Polygon", "coordinates": [[[73.567458699459, 33.6684860675292], [74.0813573465337, 33.56530178912735], [74.02565029829, 33.51832950479335], [74.16571677176186, 33.3524247812906], [74.0066071025476, 33.21372748871346], [74.32457971719062, 33.03160680530654], [74.31260954954712, 32.92906768161184], [74.45897587409297, 32.78765142797548], [74.35504739549464, 32.76700123464818], [73.96464468917675, 32.987123695698365], [73.7904301837068, 32.96681192666047], [73.63773850946185, 33.0846448119418], [73.66800893332218, 33.201857303364555], [73.5651305028816, 33.36932438415563], [73.64177270378339, 33.52850685925426], [73.567458699459, 33.6684860675292]]]}}, {"type": "Feature", "properties": {"id": 732, "objectid": 732, "state": "JK", "stcode": "01", "district": "Muzaffarabad", "dtcode": "999", "shape_length": 593941.9214730354, "shape_area": 4782238670.801928, "ds_name": " Administrative Boundary", "src_agency": "Survey of India (SOI)", "state_name": "Jammu & Kashmir", "id_final": "d731"}, "geometry": {"type": "Polygon", "coordinates": [[[74.53979732314812, 35.0749767356542], [74.56788325872174, 34.88313751456752], [74.13296113585933, 34.6517749244662], [73.97042852174941, 34.68857190097981], [73.88475549959874, 34.44953347545686], [73.7498840429433, 34.36887897697373], [73.91162687596211, 34.34799513797531], [74.00615854612668, 34.229744315740724], [73.90574780136546, 34.04387948677037], [74.25561121771538, 34.00322374689878], [74.02839809687774, 33.95684336265579], [73.49333566996164, 34.146465905130334], [73.39609680728142, 34.371609211866485], [73.4504628607605, 34.5699446390168], [73.65026361795952, 34.561964252618885], [73.72994218130508, 34.772221993414874], [74.02991569939854, 34.87628112892597], [74.10143039123115, 35.09914150935774], [74.53979732314812, 35.0749767356542]]]}}, {"type": "Feature", "properties": {"id": 733, "objectid": 733, "state": "MH", "stcode": "27", "district": "Mumbai", "dtcode": "482", "shape_length": 57256.11534411877, "shape_area": 72447273.10721344, "ds_name": " Administrative Boundary", "src_agency": "Survey of India (SOI)", "state_name": "Maharashtra", "id_final": "d732"}, "geometry": {"type": "Polygon", "coordinates": [[[72.81476791075961, 19.0266176969096], [72.86276732497892, 19.00398957960443], [72.80741151059378, 18.88940656937243], [72.81476791075961, 19.0266176969096]]]}}]}