latitude,longitude,district_id,district_code,district,state_code,state
8.25,77.0,,,,,
8.25,77.25,549,575,Kanniyakumari,33,Tamil Nadu
8.25,77.5,549,575,Kanniyakumari,33,Tamil Nadu
8.25,77.75,566,592,Tirunelveli,33,Tamil Nadu
8.5,76.75,,,,,
8.5,77.0,310,565,Thiruvananthapuram,32,Kerala
8.5,77.25,549,575,Kanniyakumari,33,Tamil Nadu
8.5,77.5,566,592,Tirunelveli,33,Tamil Nadu
8.5,77.75,566,592,Tirunelveli,33,Tamil Nadu
8.5,78.0,568,594,Tuticorin,33,Tamil Nadu
8.75,76.5,,,,,
8.75,76.75,310,565,Thiruvananthapuram,32,Kerala
8.75,77.0,310,565,Thiruvananthapuram,32,Kerala
8.75,77.25,566,592,Tirunelveli,33,Tamil Nadu
8.75,77.5,566,592,Tirunelveli,33,Tamil Nadu
8.75,77.75,566,592,Tirunelveli,33,Tamil Nadu
8.75,78.0,568,594,Tuticorin,33,Tamil Nadu
9.0,76.5,,,,,
9.0,76.75,304,559,Kollam,32,Kerala
9.0,77.0,304,559,Kollam,32,Kerala
9.0,77.25,578,733,Tenkasi,33,Tamil Nadu
9.0,77.5,578,733,Tenkasi,33,Tamil Nadu
9.0,77.75,568,594,Tuticorin,33,Tamil Nadu
9.0,78.0,568,594,Tuticorin,33,Tamil Nadu
9.25,76.25,,,,,
9.25,76.5,299,554,Alappuzha,32,Kerala
9.25,76.75,309,564,Pathanamthitta,32,Kerala
9.25,77.0,309,564,Pathanamthitta,32,Kerala
9.25,77.25,309,564,Pathanamthitta,32,Kerala
9.25,77.5,578,733,Tenkasi,33,Tamil Nadu
9.25,77.75,568,594,Tuticorin,33,Tamil Nadu
9.25,78.0,568,594,Tuticorin,33,Tamil Nadu
9.25,78.25,568,594,Tuticorin,33,Tamil Nadu
9.25,78.5,557,583,Ramanathapuram,33,Tamil Nadu
9.25,78.75,557,583,Ramanathapuram,33,Tamil Nadu
9.25,79.25,,,,,
9.5,76.25,,,,,
9.5,76.5,299,554,Alappuzha,32,Kerala
9.5,76.75,305,560,Kottayam,32,Kerala
9.5,77.0,301,556,Idukki,32,Kerala
9.5,77.25,301,556,Idukki,32,Kerala
9.5,77.5,571,597,Virudhunagar,33,Tamil Nadu
9.5,77.75,571,597,Virudhunagar,33,Tamil Nadu
9.5,78.0,571,597,Virudhunagar,33,Tamil Nadu
9.5,78.25,571,597,Virudhunagar,33,Tamil Nadu
9.5,78.5,557,583,Ramanathapuram,33,Tamil Nadu
9.5,78.75,557,583,Ramanathapuram,33,Tamil Nadu
9.5,79.0,,,,,
9.5,79.25,,,,,
9.75,76.25,,,,,
9.75,76.5,305,560,Kottayam,32,Kerala
9.75,76.75,305,560,Kottayam,32,Kerala
9.75,77.0,301,556,Idukki,32,Kerala
9.75,77.25,562,588,Theni,33,Tamil Nadu
9.75,77.5,562,588,Theni,33,Tamil Nadu
9.75,77.75,552,578,Madurai,33,Tamil Nadu
9.75,78.0,552,578,Madurai,33,Tamil Nadu
9.75,78.25,571,597,Virudhunagar,33,Tamil Nadu
9.75,78.5,559,585,Sivaganga,33,Tamil Nadu
9.75,78.75,557,583,Ramanathapuram,33,Tamil Nadu
10.0,76.0,,,,,
10.0,76.25,300,555,Ernakulam,32,Kerala
10.0,76.5,300,555,Ernakulam,32,Kerala
10.0,76.75,300,555,Ernakulam,32,Kerala
10.0,77.0,301,556,Idukki,32,Kerala
10.0,77.25,301,556,Idukki,32,Kerala
10.0,77.5,562,588,Theni,33,Tamil Nadu
10.0,77.75,552,578,Madurai,33,Tamil Nadu
10.0,78.0,552,578,Madurai,33,Tamil Nadu
10.0,78.25,552,578,Madurai,33,Tamil Nadu
10.0,78.5,559,585,Sivaganga,33,Tamil Nadu
10.0,78.75,559,585,Sivaganga,33,Tamil Nadu
10.0,79.0,556,582,Pudukkottai,33,Tamil Nadu
10.25,76.0,,,,,
10.25,76.25,311,566,Thrissur,32,Kerala
10.25,76.5,300,555,Ernakulam,32,Kerala
10.25,76.75,300,555,Ernakulam,32,Kerala
10.25,77.0,543,569,Coimbatore,33,Tamil Nadu
10.25,77.25,301,556,Idukki,32,Kerala
10.25,77.5,546,572,Dindigul,33,Tamil Nadu
10.25,77.75,546,572,Dindigul,33,Tamil Nadu
10.25,78.0,546,572,Dindigul,33,Tamil Nadu
10.25,78.25,546,572,Dindigul,33,Tamil Nadu
10.25,78.5,556,582,Pudukkottai,33,Tamil Nadu
10.25,78.75,556,582,Pudukkottai,33,Tamil Nadu
10.25,79.0,556,582,Pudukkottai,33,Tamil Nadu
10.25,79.25,560,586,Thanjavur,33,Tamil Nadu
10.5,76.0,,,,,
10.5,76.25,311,566,Thrissur,32,Kerala
10.5,76.5,308,563,Palakkad,32,Kerala
10.5,76.75,308,563,Palakkad,32,Kerala
10.5,77.0,543,569,Coimbatore,33,Tamil Nadu
10.5,77.25,573,634,Tiruppur,33,Tamil Nadu
10.5,77.5,546,572,Dindigul,33,Tamil Nadu
10.5,77.75,546,572,Dindigul,33,Tamil Nadu
10.5,78.0,546,572,Dindigul,33,Tamil Nadu
10.5,78.25,565,591,Tiruchirappalli,33,Tamil Nadu
10.5,78.5,556,582,Pudukkottai,33,Tamil Nadu
10.5,78.75,556,582,Pudukkottai,33,Tamil Nadu
10.5,79.0,556,582,Pudukkottai,33,Tamil Nadu
10.5,79.25,560,586,Thanjavur,33,Tamil Nadu
10.5,79.5,564,590,Thiruvarur,33,Tamil Nadu
10.5,79.75,553,579,Nagapattinam,33,Tamil Nadu
10.75,75.75,,,,,
10.75,76.0,307,562,Malappuram,32,Kerala
10.75,76.25,308,563,Palakkad,32,Kerala
10.75,76.5,308,563,Palakkad,32,Kerala
10.75,76.75,308,563,Palakkad,32,Kerala
10.75,77.0,543,569,Coimbatore,33,Tamil Nadu
10.75,77.25,573,634,Tiruppur,33,Tamil Nadu
10.75,77.5,573,634,Tiruppur,33,Tamil Nadu
10.75,77.75,573,634,Tiruppur,33,Tamil Nadu
10.75,78.0,546,572,Dindigul,33,Tamil Nadu
10.75,78.25,550,576,Karur,33,Tamil Nadu
10.75,78.5,550,576,Karur,33,Tamil Nadu
10.75,78.75,565,591,Tiruchirappalli,33,Tamil Nadu
10.75,79.0,560,586,Thanjavur,33,Tamil Nadu
10.75,79.25,560,586,Thanjavur,33,Tamil Nadu
10.75,79.5,564,590,Thiruvarur,33,Tamil Nadu
10.75,79.75,553,579,Nagapattinam,33,Tamil Nadu
11.0,75.75,,,,,
11.0,76.0,307,562,Malappuram,32,Kerala
11.0,76.25,307,562,Malappuram,32,Kerala
11.0,76.5,308,563,Palakkad,32,Kerala
11.0,76.75,543,569,Coimbatore,33,Tamil Nadu
11.0,77.0,543,569,Coimbatore,33,Tamil Nadu
11.0,77.25,573,634,Tiruppur,33,Tamil Nadu
11.0,77.5,573,634,Tiruppur,33,Tamil Nadu
11.0,77.75,573,634,Tiruppur,33,Tamil Nadu
11.0,78.0,550,576,Karur,33,Tamil Nadu
11.0,78.25,565,591,Tiruchirappalli,33,Tamil Nadu
11.0,78.5,565,591,Tiruchirappalli,33,Tamil Nadu
11.0,78.75,565,591,Tiruchirappalli,33,Tamil Nadu
11.0,79.0,572,610,Ariyalur,33,Tamil Nadu
11.0,79.25,572,610,Ariyalur,33,Tamil Nadu
11.0,79.5,560,586,Thanjavur,33,Tamil Nadu
11.0,79.75,501,598,Karaikal,34,Puducherry
11.25,75.75,,,,,
11.25,76.0,307,562,Malappuram,32,Kerala
11.25,76.25,307,562,Malappuram,32,Kerala
11.25,76.5,561,587,The Nilgiris,33,Tamil Nadu
11.25,76.75,543,569,Coimbatore,33,Tamil Nadu
11.25,77.0,543,569,Coimbatore,33,Tamil Nadu
11.25,77.25,573,634,Tiruppur,33,Tamil Nadu
11.25,77.5,547,573,Erode,33,Tamil Nadu
11.25,77.75,547,573,Erode,33,Tamil Nadu
11.25,78.0,554,580,Namakkal,33,Tamil Nadu
11.25,78.25,554,580,Namakkal,33,Tamil Nadu
11.25,78.5,565,591,Tiruchirappalli,33,Tamil Nadu
11.25,78.75,555,581,Perambalur,33,Tamil Nadu
11.25,79.0,555,581,Perambalur,33,Tamil Nadu
11.25,79.25,572,610,Ariyalur,33,Tamil Nadu
11.25,79.5,544,570,Cuddalore,33,Tamil Nadu
11.25,79.75,553,579,Nagapattinam,33,Tamil Nadu
11.5,75.5,,,,,
11.5,75.75,306,561,Kozhikode,32,Kerala
11.5,76.0,306,561,Kozhikode,32,Kerala
11.5,76.25,307,562,Malappuram,32,Kerala
11.5,76.5,561,587,The Nilgiris,33,Tamil Nadu
11.5,76.75,561,587,The Nilgiris,33,Tamil Nadu
11.5,77.0,547,573,Erode,33,Tamil Nadu
11.5,77.25,547,573,Erode,33,Tamil Nadu
11.5,77.5,547,573,Erode,33,Tamil Nadu
11.5,77.75,558,584,Salem,33,Tamil Nadu
11.5,78.0,554,580,Namakkal,33,Tamil Nadu
11.5,78.25,554,580,Namakkal,33,Tamil Nadu
11.5,78.5,558,584,Salem,33,Tamil Nadu
11.5,78.75,558,584,Salem,33,Tamil Nadu
11.5,79.0,544,570,Cuddalore,33,Tamil Nadu
11.5,79.25,544,570,Cuddalore,33,Tamil Nadu
11.5,79.5,544,570,Cuddalore,33,Tamil Nadu
11.5,79.75,544,570,Cuddalore,33,Tamil Nadu
11.75,75.25,,,,,
11.75,75.5,302,557,Kannur,32,Kerala
11.75,75.75,306,561,Kozhikode,32,Kerala
11.75,76.0,312,567,Wayanad,32,Kerala
11.75,76.25,312,567,Wayanad,32,Kerala
11.75,76.5,276,531,Chamarajanagara,29,Karnataka
11.75,76.75,276,531,Chamarajanagara,29,Karnataka
11.75,77.0,547,573,Erode,33,Tamil Nadu
11.75,77.25,547,573,Erode,33,Tamil Nadu
11.75,77.5,547,573,Erode,33,Tamil Nadu
11.75,77.75,558,584,Salem,33,Tamil Nadu
11.75,78.0,558,584,Salem,33,Tamil Nadu
11.75,78.25,558,584,Salem,33,Tamil Nadu
11.75,78.5,558,584,Salem,33,Tamil Nadu
11.75,78.75,574,729,Kallakurichi,33,Tamil Nadu
11.75,79.0,574,729,Kallakurichi,33,Tamil Nadu
11.75,79.25,574,729,Kallakurichi,33,Tamil Nadu
11.75,79.5,544,570,Cuddalore,33,Tamil Nadu
11.75,79.75,544,570,Cuddalore,33,Tamil Nadu
12.0,75.0,,,,,
12.0,75.25,,,,,
12.0,75.5,302,557,Kannur,32,Kerala
12.0,75.75,302,557,Kannur,32,Kerala
12.0,76.0,286,541,Kodagu,29,Karnataka
12.0,76.25,290,545,Mysuru,29,Karnataka
12.0,76.5,290,545,Mysuru,29,Karnataka
12.0,76.75,276,531,Chamarajanagara,29,Karnataka
12.0,77.0,276,531,Chamarajanagara,29,Karnataka
12.0,77.25,276,531,Chamarajanagara,29,Karnataka
12.0,77.5,276,531,Chamarajanagara,29,Karnataka
12.0,77.75,545,571,Dharmapuri,33,Tamil Nadu
12.0,78.0,545,571,Dharmapuri,33,Tamil Nadu
12.0,78.25,545,571,Dharmapuri,33,Tamil Nadu
12.0,78.5,545,571,Dharmapuri,33,Tamil Nadu
12.0,78.75,574,729,Kallakurichi,33,Tamil Nadu
12.0,79.0,574,729,Kallakurichi,33,Tamil Nadu
12.0,79.25,574,729,Kallakurichi,33,Tamil Nadu
12.0,79.5,570,596,Villupuram,33,Tamil Nadu
12.0,79.75,503,600,Pondicherry,34,Puducherry
12.25,75.0,,,,,
12.25,75.25,303,558,Kasaragod,32,Kerala
12.25,75.5,302,557,Kannur,32,Kerala
12.25,75.75,286,541,Kodagu,29,Karnataka
12.25,76.0,286,541,Kodagu,29,Karnataka
12.25,76.25,290,545,Mysuru,29,Karnataka
12.25,76.5,290,545,Mysuru,29,Karnataka
12.25,76.75,290,545,Mysuru,29,Karnataka
12.25,77.0,289,544,Mandya,29,Karnataka
12.25,77.25,276,531,Chamarajanagara,29,Karnataka
12.25,77.5,551,577,Krishnagiri,33,Tamil Nadu
12.25,77.75,551,577,Krishnagiri,33,Tamil Nadu
12.25,78.0,545,571,Dharmapuri,33,Tamil Nadu
12.25,78.25,545,571,Dharmapuri,33,Tamil Nadu
12.25,78.5,551,577,Krishnagiri,33,Tamil Nadu
12.25,78.75,567,593,Tiruvannamalai,33,Tamil Nadu
12.25,79.0,567,593,Tiruvannamalai,33,Tamil Nadu
12.25,79.25,570,596,Villupuram,33,Tamil Nadu
12.25,79.5,570,596,Villupuram,33,Tamil Nadu
12.25,79.75,570,596,Villupuram,33,Tamil Nadu
12.5,75.0,303,558,Kasaragod,32,Kerala
12.5,75.25,303,558,Kasaragod,32,Kerala
12.5,75.5,279,534,Dakshina Kannada,29,Karnataka
12.5,75.75,286,541,Kodagu,29,Karnataka
12.5,76.0,290,545,Mysuru,29,Karnataka
12.5,76.25,290,545,Mysuru,29,Karnataka
12.5,76.5,289,544,Mandya,29,Karnataka
12.5,76.75,289,544,Mandya,29,Karnataka
12.5,77.0,289,544,Mandya,29,Karnataka
12.5,77.25,297,631,Ramanagara,29,Karnataka
12.5,77.5,297,631,Ramanagara,29,Karnataka
12.5,77.75,551,577,Krishnagiri,33,Tamil Nadu
12.5,78.0,545,571,Dharmapuri,33,Tamil Nadu
12.5,78.25,551,577,Krishnagiri,33,Tamil Nadu
12.5,78.5,577,732,Tirupathur,33,Tamil Nadu
12.5,78.75,577,732,Tirupathur,33,Tamil Nadu
12.5,79.0,567,593,Tiruvannamalai,33,Tamil Nadu
12.5,79.25,567,593,Tiruvannamalai,33,Tamil Nadu
12.5,79.5,567,593,Tiruvannamalai,33,Tamil Nadu
12.5,79.75,575,730,Chengalpattu,33,Tamil Nadu
12.5,80.0,575,730,Chengalpattu,33,Tamil Nadu
12.75,74.75,,,,,
12.75,75.0,279,534,Dakshina Kannada,29,Karnataka
12.75,75.25,279,534,Dakshina Kannada,29,Karnataka
12.75,75.5,279,534,Dakshina Kannada,29,Karnataka
12.75,75.75,284,539,Hassan,29,Karnataka
12.75,76.0,284,539,Hassan,29,Karnataka
12.75,76.25,284,539,Hassan,29,Karnataka
12.75,76.5,289,544,Mandya,29,Karnataka
12.75,76.75,289,544,Mandya,29,Karnataka
12.75,77.0,289,544,Mandya,29,Karnataka
12.75,77.25,297,631,Ramanagara,29,Karnataka
12.75,77.5,270,525,Bengaluru Urban,29,Karnataka
12.75,77.75,270,525,Bengaluru Urban,29,Karnataka
12.75,78.0,551,577,Krishnagiri,33,Tamil Nadu
12.75,78.25,5,503,Chittoor,28,Andhra Pradesh
12.75,78.5,5,503,Chittoor,28,Andhra Pradesh
12.75,78.75,577,732,Tirupathur,33,Tamil Nadu
12.75,79.0,569,595,Vellore,33,Tamil Nadu
12.75,79.25,567,593,Tiruvannamalai,33,Tamil Nadu
12.75,79.5,567,593,Tiruvannamalai,33,Tamil Nadu
12.75,79.75,548,574,Kanchipuram,33,Tamil Nadu
12.75,80.0,575,730,Chengalpattu,33,Tamil Nadu
13.0,74.75,,,,,
13.0,75.0,279,534,Dakshina Kannada,29,Karnataka
13.0,75.25,279,534,Dakshina Kannada,29,Karnataka
13.0,75.5,279,534,Dakshina Kannada,29,Karnataka
13.0,75.75,284,539,Hassan,29,Karnataka
13.0,76.0,284,539,Hassan,29,Karnataka
13.0,76.25,284,539,Hassan,29,Karnataka
13.0,76.5,284,539,Hassan,29,Karnataka
13.0,76.75,289,544,Mandya,29,Karnataka
13.0,77.0,293,548,Tumakuru,29,Karnataka
13.0,77.25,297,631,Ramanagara,29,Karnataka
13.0,77.5,270,525,Bengaluru Urban,29,Karnataka
13.0,77.75,270,525,Bengaluru Urban,29,Karnataka
13.0,78.0,287,542,Kolar,29,Karnataka
13.0,78.25,287,542,Kolar,29,Karnataka
13.0,78.5,5,503,Chittoor,28,Andhra Pradesh
13.0,78.75,569,595,Vellore,33,Tamil Nadu
13.0,79.0,569,595,Vellore,33,Tamil Nadu
13.0,79.25,569,595,Vellore,33,Tamil Nadu
13.0,79.5,576,731,Ranipet,33,Tamil Nadu
13.0,79.75,548,574,Kanchipuram,33,Tamil Nadu
13.0,80.0,548,574,Kanchipuram,33,Tamil Nadu
13.25,74.5,,,,,
13.25,74.75,294,549,Udupi,29,Karnataka
13.25,75.0,294,549,Udupi,29,Karnataka
13.25,75.25,277,532,Chikkamagaluru,29,Karnataka
13.25,75.5,277,532,Chikkamagaluru,29,Karnataka
13.25,75.75,277,532,Chikkamagaluru,29,Karnataka
13.25,76.0,284,539,Hassan,29,Karnataka
13.25,76.25,284,539,Hassan,29,Karnataka
13.25,76.5,293,548,Tumakuru,29,Karnataka
13.25,76.75,293,548,Tumakuru,29,Karnataka
13.25,77.0,293,548,Tumakuru,29,Karnataka
13.25,77.25,271,526,Bengaluru Rural,29,Karnataka
13.25,77.5,271,526,Bengaluru Rural,29,Karnataka
13.25,77.75,271,526,Bengaluru Rural,29,Karnataka
13.25,78.0,287,542,Kolar,29,Karnataka
13.25,78.25,287,542,Kolar,29,Karnataka
13.25,78.5,287,542,Kolar,29,Karnataka
13.25,78.75,5,503,Chittoor,28,Andhra Pradesh
13.25,79.0,5,503,Chittoor,28,Andhra Pradesh
13.25,79.25,5,503,Chittoor,28,Andhra Pradesh
13.25,79.5,563,589,Thiruvallur,33,Tamil Nadu
13.25,79.75,5,503,Chittoor,28,Andhra Pradesh
13.25,80.0,563,589,Thiruvallur,33,Tamil Nadu
13.25,80.25,563,589,Thiruvallur,33,Tamil Nadu
13.5,74.5,,,,,
13.5,74.75,294,549,Udupi,29,Karnataka
13.5,75.0,294,549,Udupi,29,Karnataka
13.5,75.25,277,532,Chikkamagaluru,29,Karnataka
13.5,75.5,277,532,Chikkamagaluru,29,Karnataka
13.5,75.75,277,532,Chikkamagaluru,29,Karnataka
13.5,76.0,277,532,Chikkamagaluru,29,Karnataka
13.5,76.25,284,539,Hassan,29,Karnataka
13.5,76.5,293,548,Tumakuru,29,Karnataka
13.5,76.75,293,548,Tumakuru,29,Karnataka
13.5,77.0,293,548,Tumakuru,29,Karnataka
13.5,77.25,293,548,Tumakuru,29,Karnataka
13.5,77.5,296,630,Chikkaballapura,29,Karnataka
13.5,77.75,296,630,Chikkaballapura,29,Karnataka
13.5,78.0,296,630,Chikkaballapura,29,Karnataka
13.5,78.25,287,542,Kolar,29,Karnataka
13.5,78.5,5,503,Chittoor,28,Andhra Pradesh
13.5,78.75,5,503,Chittoor,28,Andhra Pradesh
13.5,79.0,5,503,Chittoor,28,Andhra Pradesh
13.5,79.25,5,503,Chittoor,28,Andhra Pradesh
13.5,79.5,5,503,Chittoor,28,Andhra Pradesh
13.5,79.75,5,503,Chittoor,28,Andhra Pradesh
13.5,80.0,5,503,Chittoor,28,Andhra Pradesh
13.5,80.25,11,515,Spsr Nellore,28,Andhra Pradesh
13.75,74.5,,,,,
13.75,74.75,294,549,Udupi,29,Karnataka
13.75,75.0,292,547,Shivamogga,29,Karnataka
13.75,75.25,292,547,Shivamogga,29,Karnataka
13.75,75.5,277,532,Chikkamagaluru,29,Karnataka
13.75,75.75,277,532,Chikkamagaluru,29,Karnataka
13.75,76.0,277,532,Chikkamagaluru,29,Karnataka
13.75,76.25,278,533,Chitradurga,29,Karnataka
13.75,76.5,278,533,Chitradurga,29,Karnataka
13.75,76.75,293,548,Tumakuru,29,Karnataka
13.75,77.0,4,502,Anantapur,28,Andhra Pradesh
13.75,77.25,293,548,Tumakuru,29,Karnataka
13.75,77.5,4,502,Anantapur,28,Andhra Pradesh
13.75,77.75,296,630,Chikkaballapura,29,Karnataka
13.75,78.0,296,630,Chikkaballapura,29,Karnataka
13.75,78.25,5,503,Chittoor,28,Andhra Pradesh
13.75,78.5,5,503,Chittoor,28,Andhra Pradesh
13.75,78.75,5,503,Chittoor,28,Andhra Pradesh
13.75,79.0,5,503,Chittoor,28,Andhra Pradesh
13.75,79.25,5,503,Chittoor,28,Andhra Pradesh
13.75,79.5,5,503,Chittoor,28,Andhra Pradesh
13.75,79.75,5,503,Chittoor,28,Andhra Pradesh
13.75,80.0,11,515,Spsr Nellore,28,Andhra Pradesh
13.75,80.25,,,,,
14.0,74.5,,,,,
14.0,74.75,292,547,Shivamogga,29,Karnataka
14.0,75.0,292,547,Shivamogga,29,Karnataka
14.0,75.25,292,547,Shivamogga,29,Karnataka
14.0,75.5,292,547,Shivamogga,29,Karnataka
14.0,75.75,292,547,Shivamogga,29,Karnataka
14.0,76.0,280,535,Davangere,29,Karnataka
14.0,76.25,278,533,Chitradurga,29,Karnataka
14.0,76.5,278,533,Chitradurga,29,Karnataka
14.0,76.75,278,533,Chitradurga,29,Karnataka
14.0,77.0,4,502,Anantapur,28,Andhra Pradesh
14.0,77.25,4,502,Anantapur,28,Andhra Pradesh
14.0,77.5,4,502,Anantapur,28,Andhra Pradesh
14.0,77.75,4,502,Anantapur,28,Andhra Pradesh
14.0,78.0,4,502,Anantapur,28,Andhra Pradesh
14.0,78.25,4,502,Anantapur,28,Andhra Pradesh
14.0,78.5,6,504,Y.S.R.,28,Andhra Pradesh
14.0,78.75,6,504,Y.S.R.,28,Andhra Pradesh
14.0,79.0,6,504,Y.S.R.,28,Andhra Pradesh
14.0,79.25,6,504,Y.S.R.,28,Andhra Pradesh
14.0,79.5,11,515,Spsr Nellore,28,Andhra Pradesh
14.0,79.75,11,515,Spsr Nellore,28,Andhra Pradesh
14.0,80.0,11,515,Spsr Nellore,28,Andhra Pradesh
14.25,74.25,,,,,
14.25,74.5,295,550,Uttara Kannada,29,Karnataka
14.25,74.75,295,550,Uttara Kannada,29,Karnataka
14.25,75.0,292,547,Shivamogga,29,Karnataka
14.25,75.25,292,547,Shivamogga,29,Karnataka
14.25,75.5,292,547,Shivamogga,29,Karnataka
14.25,75.75,280,535,Davangere,29,Karnataka
14.25,76.0,280,535,Davangere,29,Karnataka
14.25,76.25,278,533,Chitradurga,29,Karnataka
14.25,76.5,278,533,Chitradurga,29,Karnataka
14.25,76.75,278,533,Chitradurga,29,Karnataka
14.25,77.0,4,502,Anantapur,28,Andhra Pradesh
14.25,77.25,293,548,Tumakuru,29,Karnataka
14.25,77.5,293,548,Tumakuru,29,Karnataka
14.25,77.75,4,502,Anantapur,28,Andhra Pradesh
14.25,78.0,4,502,Anantapur,28,Andhra Pradesh
14.25,78.25,4,502,Anantapur,28,Andhra Pradesh
14.25,78.5,6,504,Y.S.R.,28,Andhra Pradesh
14.25,78.75,6,504,Y.S.R.,28,Andhra Pradesh
14.25,79.0,6,504,Y.S.R.,28,Andhra Pradesh
14.25,79.25,6,504,Y.S.R.,28,Andhra Pradesh
14.25,79.5,11,515,Spsr Nellore,28,Andhra Pradesh
14.25,79.75,11,515,Spsr Nellore,28,Andhra Pradesh
14.25,80.0,11,515,Spsr Nellore,28,Andhra Pradesh
14.5,74.25,,,,,
14.5,74.5,295,550,Uttara Kannada,29,Karnataka
14.5,74.75,295,550,Uttara Kannada,29,Karnataka
14.5,75.0,295,550,Uttara Kannada,29,Karnataka
14.5,75.25,292,547,Shivamogga,29,Karnataka
14.5,75.5,285,540,Haveri,29,Karnataka
14.5,75.75,280,535,Davangere,29,Karnataka
14.5,76.0,280,535,Davangere,29,Karnataka
14.5,76.25,280,535,Davangere,29,Karnataka
14.5,76.5,278,533,Chitradurga,29,Karnataka
14.5,76.75,278,533,Chitradurga,29,Karnataka
14.5,77.0,4,502,Anantapur,28,Andhra Pradesh
14.5,77.25,4,502,Anantapur,28,Andhra Pradesh
14.5,77.5,4,502,Anantapur,28,Andhra Pradesh
14.5,77.75,4,502,Anantapur,28,Andhra Pradesh
14.5,78.0,6,504,Y.S.R.,28,Andhra Pradesh
14.5,78.25,6,504,Y.S.R.,28,Andhra Pradesh
14.5,78.5,6,504,Y.S.R.,28,Andhra Pradesh
14.5,78.75,6,504,Y.S.R.,28,Andhra Pradesh
14.5,79.0,6,504,Y.S.R.,28,Andhra Pradesh
14.5,79.25,6,504,Y.S.R.,28,Andhra Pradesh
14.5,79.5,11,515,Spsr Nellore,28,Andhra Pradesh
14.5,79.75,11,515,Spsr Nellore,28,Andhra Pradesh
14.5,80.0,11,515,Spsr Nellore,28,Andhra Pradesh
14.75,74.25,295,550,Uttara Kannada,29,Karnataka
14.75,74.5,295,550,Uttara Kannada,29,Karnataka
14.75,74.75,295,550,Uttara Kannada,29,Karnataka
14.75,75.0,295,550,Uttara Kannada,29,Karnataka
14.75,75.25,285,540,Haveri,29,Karnataka
14.75,75.5,285,540,Haveri,29,Karnataka
14.75,75.75,273,528,Ballari,29,Karnataka
14.75,76.0,280,535,Davangere,29,Karnataka
14.75,76.25,273,528,Ballari,29,Karnataka
14.75,76.5,273,528,Ballari,29,Karnataka
14.75,76.75,278,533,Chitradurga,29,Karnataka
14.75,77.0,4,502,Anantapur,28,Andhra Pradesh
14.75,77.25,4,502,Anantapur,28,Andhra Pradesh
14.75,77.5,4,502,Anantapur,28,Andhra Pradesh
14.75,77.75,4,502,Anantapur,28,Andhra Pradesh
14.75,78.0,4,502,Anantapur,28,Andhra Pradesh
14.75,78.25,6,504,Y.S.R.,28,Andhra Pradesh
14.75,78.5,6,504,Y.S.R.,28,Andhra Pradesh
14.75,78.75,6,504,Y.S.R.,28,Andhra Pradesh
14.75,79.0,6,504,Y.S.R.,28,Andhra Pradesh
14.75,79.25,11,515,Spsr Nellore,28,Andhra Pradesh
14.75,79.5,11,515,Spsr Nellore,28,Andhra Pradesh
14.75,79.75,11,515,Spsr Nellore,28,Andhra Pradesh
14.75,80.0,11,515,Spsr Nellore,28,Andhra Pradesh
15.0,74.0,,,,,
15.0,74.25,157,552,South Goa,30,Goa
15.0,74.5,295,550,Uttara Kannada,29,Karnataka
15.0,74.75,295,550,Uttara Kannada,29,Karnataka
15.0,75.0,295,550,Uttara Kannada,29,Karnataka
15.0,75.25,285,540,Haveri,29,Karnataka
15.0,75.5,285,540,Haveri,29,Karnataka
15.0,75.75,282,537,Gadag,29,Karnataka
15.0,76.0,273,528,Ballari,29,Karnataka
15.0,76.25,273,528,Ballari,29,Karnataka
15.0,76.5,273,528,Ballari,29,Karnataka
15.0,76.75,273,528,Ballari,29,Karnataka
15.0,77.0,4,502,Anantapur,28,Andhra Pradesh
15.0,77.25,4,502,Anantapur,28,Andhra Pradesh
15.0,77.5,4,502,Anantapur,28,Andhra Pradesh
15.0,77.75,4,502,Anantapur,28,Andhra Pradesh
15.0,78.0,4,502,Anantapur,28,Andhra Pradesh
15.0,78.25,6,504,Y.S.R.,28,Andhra Pradesh
15.0,78.5,6,504,Y.S.R.,28,Andhra Pradesh
15.0,78.75,6,504,Y.S.R.,28,Andhra Pradesh
15.0,79.0,6,504,Y.S.R.,28,Andhra Pradesh
15.0,79.25,11,515,Spsr Nellore,28,Andhra Pradesh
15.0,79.5,11,515,Spsr Nellore,28,Andhra Pradesh
15.0,79.75,11,515,Spsr Nellore,28,Andhra Pradesh
15.0,80.0,12,517,Prakasam,28,Andhra Pradesh
15.25,73.75,,,,,
15.25,74.0,157,552,South Goa,30,Goa
15.25,74.25,157,552,South Goa,30,Goa
15.25,74.5,295,550,Uttara Kannada,29,Karnataka
15.25,74.75,295,550,Uttara Kannada,29,Karnataka
15.25,75.0,281,536,Dharwad,29,Karnataka
15.25,75.25,281,536,Dharwad,29,Karnataka
15.25,75.5,282,537,Gadag,29,Karnataka
15.25,75.75,282,537,Gadag,29,Karnataka
15.25,76.0,288,543,Koppal,29,Karnataka
15.25,76.25,288,543,Koppal,29,Karnataka
15.25,76.5,273,528,Ballari,29,Karnataka
15.25,76.75,273,528,Ballari,29,Karnataka
15.25,77.0,273,528,Ballari,29,Karnataka
15.25,77.25,10,511,Kurnool,28,Andhra Pradesh
15.25,77.5,10,511,Kurnool,28,Andhra Pradesh
15.25,77.75,10,511,Kurnool,28,Andhra Pradesh
15.25,78.0,10,511,Kurnool,28,Andhra Pradesh
15.25,78.25,10,511,Kurnool,28,Andhra Pradesh
15.25,78.5,10,511,Kurnool,28,Andhra Pradesh
15.25,78.75,12,517,Prakasam,28,Andhra Pradesh
15.25,79.0,12,517,Prakasam,28,Andhra Pradesh
15.25,79.25,12,517,Prakasam,28,Andhra Pradesh
15.25,79.5,12,517,Prakasam,28,Andhra Pradesh
15.25,79.75,12,517,Prakasam,28,Andhra Pradesh
15.25,80.0,12,517,Prakasam,28,Andhra Pradesh
15.5,73.75,,,,,
15.5,74.0,156,551,North Goa,30,Goa
15.5,74.25,156,551,North Goa,30,Goa
15.5,74.5,272,527,Belagavi,29,Karnataka
15.5,74.75,272,527,Belagavi,29,Karnataka
15.5,75.0,281,536,Dharwad,29,Karnataka
15.5,75.25,281,536,Dharwad,29,Karnataka
15.5,75.5,282,537,Gadag,29,Karnataka
15.5,75.75,282,537,Gadag,29,Karnataka
15.5,76.0,288,543,Koppal,29,Karnataka
15.5,76.25,288,543,Koppal,29,Karnataka
15.5,76.5,288,543,Koppal,29,Karnataka
15.5,76.75,288,543,Koppal,29,Karnataka
15.5,77.0,10,511,Kurnool,28,Andhra Pradesh
15.5,77.25,10,511,Kurnool,28,Andhra Pradesh
15.5,77.5,10,511,Kurnool,28,Andhra Pradesh
15.5,77.75,10,511,Kurnool,28,Andhra Pradesh
15.5,78.0,10,511,Kurnool,28,Andhra Pradesh
15.5,78.25,10,511,Kurnool,28,Andhra Pradesh
15.5,78.5,10,511,Kurnool,28,Andhra Pradesh
15.5,78.75,10,511,Kurnool,28,Andhra Pradesh
15.5,79.0,12,517,Prakasam,28,Andhra Pradesh
15.5,79.25,12,517,Prakasam,28,Andhra Pradesh
15.5,79.5,12,517,Prakasam,28,Andhra Pradesh
15.5,79.75,12,517,Prakasam,28,Andhra Pradesh
15.5,80.0,12,517,Prakasam,28,Andhra Pradesh
15.75,73.5,,,,,
15.75,73.75,344,495,Sindhudurg,27,Maharashtra
15.75,74.0,344,495,Sindhudurg,27,Maharashtra
15.75,74.25,330,480,Kolhapur,27,Maharashtra
15.75,74.5,272,527,Belagavi,29,Karnataka
15.75,74.75,272,527,Belagavi,29,Karnataka
15.75,75.0,272,527,Belagavi,29,Karnataka
15.75,75.25,272,527,Belagavi,29,Karnataka
15.75,75.5,282,537,Gadag,29,Karnataka
15.75,75.75,282,537,Gadag,29,Karnataka
15.75,76.0,282,537,Gadag,29,Karnataka
15.75,76.25,288,543,Koppal,29,Karnataka
15.75,76.5,291,546,Raichur,29,Karnataka
15.75,76.75,291,546,Raichur,29,Karnataka
15.75,77.0,273,528,Ballari,29,Karnataka
15.75,77.25,10,511,Kurnool,28,Andhra Pradesh
15.75,77.5,10,511,Kurnool,28,Andhra Pradesh
15.75,77.75,10,511,Kurnool,28,Andhra Pradesh
15.75,78.0,10,511,Kurnool,28,Andhra Pradesh
15.75,78.25,10,511,Kurnool,28,Andhra Pradesh
15.75,78.5,10,511,Kurnool,28,Andhra Pradesh
15.75,78.75,10,511,Kurnool,28,Andhra Pradesh
15.75,79.0,12,517,Prakasam,28,Andhra Pradesh
15.75,79.25,12,517,Prakasam,28,Andhra Pradesh
15.75,79.5,12,517,Prakasam,28,Andhra Pradesh
15.75,79.75,12,517,Prakasam,28,Andhra Pradesh
15.75,80.0,12,517,Prakasam,28,Andhra Pradesh
15.75,80.25,12,517,Prakasam,28,Andhra Pradesh
15.75,80.75,,,,,
16.0,73.5,344,495,Sindhudurg,27,Maharashtra
16.0,73.75,344,495,Sindhudurg,27,Maharashtra
16.0,74.0,344,495,Sindhudurg,27,Maharashtra
16.0,74.25,330,480,Kolhapur,27,Maharashtra
16.0,74.5,272,527,Belagavi,29,Karnataka
16.0,74.75,272,527,Belagavi,29,Karnataka
16.0,75.0,272,527,Belagavi,29,Karnataka
16.0,75.25,272,527,Belagavi,29,Karnataka
16.0,75.5,269,524,Bagalkote,29,Karnataka
16.0,75.75,269,524,Bagalkote,29,Karnataka
16.0,76.0,288,543,Koppal,29,Karnataka
16.0,76.25,269,524,Bagalkote,29,Karnataka
16.0,76.5,291,546,Raichur,29,Karnataka
16.0,76.75,291,546,Raichur,29,Karnataka
16.0,77.0,291,546,Raichur,29,Karnataka
16.0,77.25,291,546,Raichur,29,Karnataka
16.0,77.5,291,546,Raichur,29,Karnataka
16.0,77.75,612,695,Jogulamba Gadwal,36,Telangana
16.0,78.0,612,695,Jogulamba Gadwal,36,Telangana
16.0,78.25,610,693,Wanaparthy,36,Telangana
16.0,78.5,10,511,Kurnool,28,Andhra Pradesh
16.0,78.75,10,511,Kurnool,28,Andhra Pradesh
16.0,79.0,12,517,Prakasam,28,Andhra Pradesh
16.0,79.25,12,517,Prakasam,28,Andhra Pradesh
16.0,79.5,12,517,Prakasam,28,Andhra Pradesh
16.0,79.75,8,506,Guntur,28,Andhra Pradesh
16.0,80.0,12,517,Prakasam,28,Andhra Pradesh
16.0,80.25,12,517,Prakasam,28,Andhra Pradesh
16.0,80.5,8,506,Guntur,28,Andhra Pradesh
16.0,80.75,8,506,Guntur,28,Andhra Pradesh
16.0,81.0,9,510,Krishna,28,Andhra Pradesh
16.25,73.25,,,,,
16.25,73.5,344,495,Sindhudurg,27,Maharashtra
16.25,73.75,344,495,Sindhudurg,27,Maharashtra
16.25,74.0,330,480,Kolhapur,27,Maharashtra
16.25,74.25,330,480,Kolhapur,27,Maharashtra
16.25,74.5,272,527,Belagavi,29,Karnataka
16.25,74.75,272,527,Belagavi,29,Karnataka
16.25,75.0,272,527,Belagavi,29,Karnataka
16.25,75.25,269,524,Bagalkote,29,Karnataka
16.25,75.5,269,524,Bagalkote,29,Karnataka
16.25,75.75,269,524,Bagalkote,29,Karnataka
16.25,76.0,269,524,Bagalkote,29,Karnataka
16.25,76.25,275,530,Vijayapura,29,Karnataka
16.25,76.5,291,546,Raichur,29,Karnataka
16.25,76.75,291,546,Raichur,29,Karnataka
16.25,77.0,291,546,Raichur,29,Karnataka
16.25,77.25,291,546,Raichur,29,Karnataka
16.25,77.5,612,695,Jogulamba Gadwal,36,Telangana
16.25,77.75,612,695,Jogulamba Gadwal,36,Telangana
16.25,78.0,610,693,Wanaparthy,36,Telangana
16.25,78.25,611,694,Nagarkurnool,36,Telangana
16.25,78.5,611,694,Nagarkurnool,36,Telangana
16.25,78.75,611,694,Nagarkurnool,36,Telangana
16.25,79.0,611,694,Nagarkurnool,36,Telangana
16.25,79.25,8,506,Guntur,28,Andhra Pradesh
16.25,79.5,12,517,Prakasam,28,Andhra Pradesh
16.25,79.75,8,506,Guntur,28,Andhra Pradesh
16.25,80.0,8,506,Guntur,28,Andhra Pradesh
16.25,80.25,8,506,Guntur,28,Andhra Pradesh
16.25,80.5,8,506,Guntur,28,Andhra Pradesh
16.25,80.75,8,506,Guntur,28,Andhra Pradesh
16.25,81.0,9,510,Krishna,28,Andhra Pradesh
16.5,73.25,,,,,
16.5,73.5,344,495,Sindhudurg,27,Maharashtra
16.5,73.75,344,495,Sindhudurg,27,Maharashtra
16.5,74.0,330,480,Kolhapur,27,Maharashtra
16.5,74.25,330,480,Kolhapur,27,Maharashtra
16.5,74.5,272,527,Belagavi,29,Karnataka
16.5,74.75,272,527,Belagavi,29,Karnataka
16.5,75.0,269,524,Bagalkote,29,Karnataka
16.5,75.25,269,524,Bagalkote,29,Karnataka
16.5,75.5,275,530,Vijayapura,29,Karnataka
16.5,75.75,275,530,Vijayapura,29,Karnataka
16.5,76.0,275,530,Vijayapura,29,Karnataka
16.5,76.25,275,530,Vijayapura,29,Karnataka
16.5,76.5,298,635,Yadgir,29,Karnataka
16.5,76.75,298,635,Yadgir,29,Karnataka
16.5,77.0,291,546,Raichur,29,Karnataka
16.5,77.25,298,635,Yadgir,29,Karnataka
16.5,77.5,619,721,Narayanpet,36,Telangana
16.5,77.75,591,512,Mahabubnagar,36,Telangana
16.5,78.0,610,693,Wanaparthy,36,Telangana
16.5,78.25,611,694,Nagarkurnool,36,Telangana
16.5,78.5,611,694,Nagarkurnool,36,Telangana
16.5,78.75,611,694,Nagarkurnool,36,Telangana
16.5,79.0,593,514,Nalgonda,36,Telangana
16.5,79.25,8,506,Guntur,28,Andhra Pradesh
16.5,79.5,8,506,Guntur,28,Andhra Pradesh
16.5,79.75,8,506,Guntur,28,Andhra Pradesh
16.5,80.0,8,506,Guntur,28,Andhra Pradesh
16.5,80.25,8,506,Guntur,28,Andhra Pradesh
16.5,80.5,8,506,Guntur,28,Andhra Pradesh
16.5,80.75,9,510,Krishna,28,Andhra Pradesh
16.5,81.0,9,510,Krishna,28,Andhra Pradesh
16.5,81.25,9,510,Krishna,28,Andhra Pradesh
16.5,81.5,16,523,West Godavari,28,Andhra Pradesh
16.5,81.75,16,523,West Godavari,28,Andhra Pradesh
16.5,82.0,7,505,East Godavari,28,Andhra Pradesh
16.75,73.25,,,,,
16.75,73.5,341,492,Ratnagiri,27,Maharashtra
16.75,73.75,341,492,Ratnagiri,27,Maharashtra
16.75,74.0,330,480,Kolhapur,27,Maharashtra
16.75,74.25,330,480,Kolhapur,27,Maharashtra
16.75,74.5,330,480,Kolhapur,27,Maharashtra
16.75,74.75,342,493,Sangli,27,Maharashtra
16.75,75.0,272,527,Belagavi,29,Karnataka
16.75,75.25,272,527,Belagavi,29,Karnataka
16.75,75.5,275,530,Vijayapura,29,Karnataka
16.75,75.75,275,530,Vijayapura,29,Karnataka
16.75,76.0,275,530,Vijayapura,29,Karnataka
16.75,76.25,275,530,Vijayapura,29,Karnataka
16.75,76.5,283,538,Kalaburagi,29,Karnataka
16.75,76.75,298,635,Yadgir,29,Karnataka
16.75,77.0,298,635,Yadgir,29,Karnataka
16.75,77.25,298,635,Yadgir,29,Karnataka
16.75,77.5,619,721,Narayanpet,36,Telangana
16.75,77.75,591,512,Mahabubnagar,36,Telangana
16.75,78.0,591,512,Mahabubnagar,36,Telangana
16.75,78.25,591,512,Mahabubnagar,36,Telangana
16.75,78.5,611,694,Nagarkurnool,36,Telangana
16.75,78.75,611,694,Nagarkurnool,36,Telangana
16.75,79.0,593,514,Nalgonda,36,Telangana
16.75,79.25,593,514,Nalgonda,36,Telangana
16.75,79.5,593,514,Nalgonda,36,Telangana
16.75,79.75,613,696,Suryapet,36,Telangana
16.75,80.0,613,696,Suryapet,36,Telangana
16.75,80.25,9,510,Krishna,28,Andhra Pradesh
16.75,80.5,9,510,Krishna,28,Andhra Pradesh
16.75,80.75,9,510,Krishna,28,Andhra Pradesh
16.75,81.0,9,510,Krishna,28,Andhra Pradesh
16.75,81.25,16,523,West Godavari,28,Andhra Pradesh
16.75,81.5,16,523,West Godavari,28,Andhra Pradesh
16.75,81.75,16,523,West Godavari,28,Andhra Pradesh
16.75,82.0,7,505,East Godavari,28,Andhra Pradesh
16.75,82.25,7,505,East Godavari,28,Andhra Pradesh
17.0,73.25,,,,,
17.0,73.5,341,492,Ratnagiri,27,Maharashtra
17.0,73.75,341,492,Ratnagiri,27,Maharashtra
17.0,74.0,342,493,Sangli,27,Maharashtra
17.0,74.25,342,493,Sangli,27,Maharashtra
17.0,74.5,342,493,Sangli,27,Maharashtra
17.0,74.75,342,493,Sangli,27,Maharashtra
17.0,75.0,342,493,Sangli,27,Maharashtra
17.0,75.25,342,493,Sangli,27,Maharashtra
17.0,75.5,342,493,Sangli,27,Maharashtra
17.0,75.75,275,530,Vijayapura,29,Karnataka
17.0,76.0,275,530,Vijayapura,29,Karnataka
17.0,76.25,275,530,Vijayapura,29,Karnataka
17.0,76.5,283,538,Kalaburagi,29,Karnataka
17.0,76.75,283,538,Kalaburagi,29,Karnataka
17.0,77.0,283,538,Kalaburagi,29,Karnataka
17.0,77.25,283,538,Kalaburagi,29,Karnataka
17.0,77.5,615,698,Vikarabad,36,Telangana
17.0,77.75,619,721,Narayanpet,36,Telangana
17.0,78.0,595,518,Ranga Reddy,36,Telangana
17.0,78.25,595,518,Ranga Reddy,36,Telangana
17.0,78.5,595,518,Ranga Reddy,36,Telangana
17.0,78.75,595,518,Ranga Reddy,36,Telangana
17.0,79.0,593,514,Nalgonda,36,Telangana
17.0,79.25,593,514,Nalgonda,36,Telangana
17.0,79.5,593,514,Nalgonda,36,Telangana
17.0,79.75,613,696,Suryapet,36,Telangana
17.0,80.0,613,696,Suryapet,36,Telangana
17.0,80.25,9,510,Krishna,28,Andhra Pradesh
17.0,80.5,9,510,Krishna,28,Andhra Pradesh
17.0,80.75,9,510,Krishna,28,Andhra Pradesh
17.0,81.0,16,523,West Godavari,28,Andhra Pradesh
17.0,81.25,16,523,West Godavari,28,Andhra Pradesh
17.0,81.5,16,523,West Godavari,28,Andhra Pradesh
17.0,81.75,7,505,East Godavari,28,Andhra Pradesh
17.0,82.0,7,505,East Godavari,28,Andhra Pradesh
17.0,82.25,7,505,East Godavari,28,Andhra Pradesh
17.25,73.25,341,492,Ratnagiri,27,Maharashtra
17.25,73.5,341,492,Ratnagiri,27,Maharashtra
17.25,73.75,342,493,Sangli,27,Maharashtra
17.25,74.0,343,494,Satara,27,Maharashtra
17.25,74.25,343,494,Satara,27,Maharashtra
17.25,74.5,342,493,Sangli,27,Maharashtra
17.25,74.75,342,493,Sangli,27,Maharashtra
17.25,75.0,345,496,Solapur,27,Maharashtra
17.25,75.25,345,496,Solapur,27,Maharashtra
17.25,75.5,345,496,Solapur,27,Maharashtra
17.25,75.75,275,530,Vijayapura,29,Karnataka
17.25,76.0,275,530,Vijayapura,29,Karnataka
17.25,76.25,283,538,Kalaburagi,29,Karnataka
17.25,76.5,283,538,Kalaburagi,29,Karnataka
17.25,76.75,283,538,Kalaburagi,29,Karnataka
17.25,77.0,283,538,Kalaburagi,29,Karnataka
17.25,77.25,283,538,Kalaburagi,29,Karnataka
17.25,77.5,615,698,Vikarabad,36,Telangana
17.25,77.75,615,698,Vikarabad,36,Telangana
17.25,78.0,615,698,Vikarabad,36,Telangana
17.25,78.25,595,518,Ranga Reddy,36,Telangana
17.25,78.5,595,518,Ranga Reddy,36,Telangana
17.25,78.75,595,518,Ranga Reddy,36,Telangana
17.25,79.0,593,514,Nalgonda,36,Telangana
17.25,79.25,593,514,Nalgonda,36,Telangana
17.25,79.5,593,514,Nalgonda,36,Telangana
17.25,79.75,613,696,Suryapet,36,Telangana
17.25,80.0,590,509,Khammam,36,Telangana
17.25,80.25,590,509,Khammam,36,Telangana
17.25,80.5,590,509,Khammam,36,Telangana
17.25,80.75,590,509,Khammam,36,Telangana
17.25,81.0,607,690,Bhadradri Kothagudem,36,Telangana
17.25,81.25,16,523,West Godavari,28,Andhra Pradesh
17.25,81.5,16,523,West Godavari,28,Andhra Pradesh
17.25,81.75,7,505,East Godavari,28,Andhra Pradesh
17.25,82.0,7,505,East Godavari,28,Andhra Pradesh
17.25,82.25,7,505,East Godavari,28,Andhra Pradesh
17.25,82.5,7,505,East Godavari,28,Andhra Pradesh
17.5,73.0,,,,,
17.5,73.25,341,492,Ratnagiri,27,Maharashtra
17.5,73.5,341,492,Ratnagiri,27,Maharashtra
17.5,73.75,343,494,Satara,27,Maharashtra
17.5,74.0,343,494,Satara,27,Maharashtra
17.5,74.25,343,494,Satara,27,Maharashtra
17.5,74.5,343,494,Satara,27,Maharashtra
17.5,74.75,343,494,Satara,27,Maharashtra
17.5,75.0,345,496,Solapur,27,Maharashtra
17.5,75.25,345,496,Solapur,27,Maharashtra
17.5,75.5,345,496,Solapur,27,Maharashtra
17.5,75.75,345,496,Solapur,27,Maharashtra
17.5,76.0,345,496,Solapur,27,Maharashtra
17.5,76.25,345,496,Solapur,27,Maharashtra
17.5,76.5,283,538,Kalaburagi,29,Karnataka
17.5,76.75,283,538,Kalaburagi,29,Karnataka
17.5,77.0,283,538,Kalaburagi,29,Karnataka
17.5,77.25,283,538,Kalaburagi,29,Karnataka
17.5,77.5,283,538,Kalaburagi,29,Karnataka
17.5,77.75,615,698,Vikarabad,36,Telangana
17.5,78.0,608,691,Sangareddy,36,Telangana
17.5,78.25,608,691,Sangareddy,36,Telangana
17.5,78.5,617,700,Medchal Malkajgiri,36,Telangana
17.5,78.75,614,697,Yadadri Bhuvanagiri,36,Telangana
17.5,79.0,614,697,Yadadri Bhuvanagiri,36,Telangana
17.5,79.25,614,697,Yadadri Bhuvanagiri,36,Telangana
17.5,79.5,606,689,Jangoan,36,Telangana
17.5,79.75,605,688,Mahabubabad,36,Telangana
17.5,80.0,605,688,Mahabubabad,36,Telangana
17.5,80.25,590,509,Khammam,36,Telangana
17.5,80.5,607,690,Bhadradri Kothagudem,36,Telangana
17.5,80.75,607,690,Bhadradri Kothagudem,36,Telangana
17.5,81.0,607,690,Bhadradri Kothagudem,36,Telangana
17.5,81.25,16,523,West Godavari,28,Andhra Pradesh
17.5,81.5,7,505,East Godavari,28,Andhra Pradesh
17.5,81.75,7,505,East Godavari,28,Andhra Pradesh
17.5,82.0,7,505,East Godavari,28,Andhra Pradesh
17.5,82.25,7,505,East Godavari,28,Andhra Pradesh
17.5,82.5,7,505,East Godavari,28,Andhra Pradesh
17.5,82.75,14,520,Visakhapatanam,28,Andhra Pradesh
17.75,73.0,,,,,
17.75,73.25,341,492,Ratnagiri,27,Maharashtra
17.75,73.5,341,492,Ratnagiri,27,Maharashtra
17.75,73.75,343,494,Satara,27,Maharashtra
17.75,74.0,343,494,Satara,27,Maharashtra
17.75,74.25,343,494,Satara,27,Maharashtra
17.75,74.5,343,494,Satara,27,Maharashtra
17.75,74.75,343,494,Satara,27,Maharashtra
17.75,75.0,345,496,Solapur,27,Maharashtra
17.75,75.25,345,496,Solapur,27,Maharashtra
17.75,75.5,345,496,Solapur,27,Maharashtra
17.75,75.75,345,496,Solapur,27,Maharashtra
17.75,76.0,345,496,Solapur,27,Maharashtra
17.75,76.25,337,488,Osmanabad,27,Maharashtra
17.75,76.5,337,488,Osmanabad,27,Maharashtra
17.75,76.75,274,529,Bidar,29,Karnataka
17.75,77.0,274,529,Bidar,29,Karnataka
17.75,77.25,274,529,Bidar,29,Karnataka
17.75,77.5,274,529,Bidar,29,Karnataka
17.75,77.75,608,691,Sangareddy,36,Telangana
17.75,78.0,608,691,Sangareddy,36,Telangana
17.75,78.25,592,513,Medak,36,Telangana
17.75,78.5,592,513,Medak,36,Telangana
17.75,78.75,609,692,Siddipet,36,Telangana
17.75,79.0,606,689,Jangoan,36,Telangana
17.75,79.25,606,689,Jangoan,36,Telangana
17.75,79.5,596,522,Warangal,36,Telangana
17.75,79.75,596,522,Warangal,36,Telangana
17.75,80.0,605,688,Mahabubabad,36,Telangana
17.75,80.25,607,690,Bhadradri Kothagudem,36,Telangana
17.75,80.5,607,690,Bhadradri Kothagudem,36,Telangana
17.75,80.75,607,690,Bhadradri Kothagudem,36,Telangana
17.75,81.0,607,690,Bhadradri Kothagudem,36,Telangana
17.75,81.25,7,505,East Godavari,28,Andhra Pradesh
17.75,81.5,7,505,East Godavari,28,Andhra Pradesh
17.75,81.75,7,505,East Godavari,28,Andhra Pradesh
17.75,82.0,7,505,East Godavari,28,Andhra Pradesh
17.75,82.25,14,520,Visakhapatanam,28,Andhra Pradesh
17.75,82.5,14,520,Visakhapatanam,28,Andhra Pradesh
17.75,82.75,14,520,Visakhapatanam,28,Andhra Pradesh
17.75,83.0,14,520,Visakhapatanam,28,Andhra Pradesh
17.75,83.25,14,520,Visakhapatanam,28,Andhra Pradesh
18.0,73.0,,,,,
18.0,73.25,341,492,Ratnagiri,27,Maharashtra
18.0,73.5,340,491,Raigad,27,Maharashtra
18.0,73.75,343,494,Satara,27,Maharashtra
18.0,74.0,343,494,Satara,27,Maharashtra
18.0,74.25,343,494,Satara,27,Maharashtra
18.0,74.5,343,494,Satara,27,Maharashtra
18.0,74.75,345,496,Solapur,27,Maharashtra
18.0,75.0,339,490,Pune,27,Maharashtra
18.0,75.25,345,496,Solapur,27,Maharashtra
18.0,75.5,345,496,Solapur,27,Maharashtra
18.0,75.75,345,496,Solapur,27,Maharashtra
18.0,76.0,337,488,Osmanabad,27,Maharashtra
18.0,76.25,337,488,Osmanabad,27,Maharashtra
18.0,76.5,337,488,Osmanabad,27,Maharashtra
18.0,76.75,331,481,Latur,27,Maharashtra
18.0,77.0,274,529,Bidar,29,Karnataka
18.0,77.25,274,529,Bidar,29,Karnataka
18.0,77.5,274,529,Bidar,29,Karnataka
18.0,77.75,608,691,Sangareddy,36,Telangana
18.0,78.0,592,513,Medak,36,Telangana
18.0,78.25,592,513,Medak,36,Telangana
18.0,78.5,592,513,Medak,36,Telangana
18.0,78.75,609,692,Siddipet,36,Telangana
18.0,79.0,609,692,Siddipet,36,Telangana
18.0,79.25,603,686,Hanumakonda,36,Telangana
18.0,79.5,603,686,Hanumakonda,36,Telangana
18.0,79.75,596,522,Warangal,36,Telangana
18.0,80.0,605,688,Mahabubabad,36,Telangana
18.0,80.25,605,688,Mahabubabad,36,Telangana
18.0,80.5,607,690,Bhadradri Kothagudem,36,Telangana
18.0,80.75,607,690,Bhadradri Kothagudem,36,Telangana
18.0,81.0,131,642,Sukma,22,Chhattisgarh
18.0,81.25,131,642,Sukma,22,Chhattisgarh
18.0,81.5,469,364,Malkangiri,21,Odisha
18.0,81.75,469,364,Malkangiri,21,Odisha
18.0,82.0,14,520,Visakhapatanam,28,Andhra Pradesh
18.0,82.25,469,364,Malkangiri,21,Odisha
18.0,82.5,14,520,Visakhapatanam,28,Andhra Pradesh
18.0,82.75,14,520,Visakhapatanam,28,Andhra Pradesh
18.0,83.0,14,520,Visakhapatanam,28,Andhra Pradesh
18.0,83.25,15,521,Vizianagaram,28,Andhra Pradesh
18.0,83.5,15,521,Vizianagaram,28,Andhra Pradesh
18.25,72.75,,,,,
18.25,73.0,340,491,Raigad,27,Maharashtra
18.25,73.25,340,491,Raigad,27,Maharashtra
18.25,73.5,340,491,Raigad,27,Maharashtra
18.25,73.75,339,490,Pune,27,Maharashtra
18.25,74.0,339,490,Pune,27,Maharashtra
18.25,74.25,339,490,Pune,27,Maharashtra
18.25,74.5,339,490,Pune,27,Maharashtra
18.25,74.75,339,490,Pune,27,Maharashtra
18.25,75.0,345,496,Solapur,27,Maharashtra
18.25,75.25,345,496,Solapur,27,Maharashtra
18.25,75.5,337,488,Osmanabad,27,Maharashtra
18.25,75.75,345,496,Solapur,27,Maharashtra
18.25,76.0,337,488,Osmanabad,27,Maharashtra
18.25,76.25,337,488,Osmanabad,27,Maharashtra
18.25,76.5,331,481,Latur,27,Maharashtra
18.25,76.75,331,481,Latur,27,Maharashtra
18.25,77.0,331,481,Latur,27,Maharashtra
18.25,77.25,274,529,Bidar,29,Karnataka
18.25,77.5,274,529,Bidar,29,Karnataka
18.25,77.75,602,685,Kamareddy,36,Telangana
18.25,78.0,602,685,Kamareddy,36,Telangana
18.25,78.25,602,685,Kamareddy,36,Telangana
18.25,78.5,602,685,Kamareddy,36,Telangana
18.25,78.75,600,683,Rajanna Sircilla,36,Telangana
18.25,79.0,609,692,Siddipet,36,Telangana
18.25,79.25,589,508,Karimnagar,36,Telangana
18.25,79.5,589,508,Karimnagar,36,Telangana
18.25,79.75,604,687,Jayashankar Bhupalapally,36,Telangana
18.25,80.0,618,720,Mulugu,36,Telangana
18.25,80.25,618,720,Mulugu,36,Telangana
18.25,80.5,618,720,Mulugu,36,Telangana
18.25,80.75,618,720,Mulugu,36,Telangana
18.25,81.0,129,636,Bijapur,22,Chhattisgarh
18.25,81.25,131,642,Sukma,22,Chhattisgarh
18.25,81.5,131,642,Sukma,22,Chhattisgarh
18.25,81.75,469,364,Malkangiri,21,Odisha
18.25,82.0,469,364,Malkangiri,21,Odisha
18.25,82.25,469,364,Malkangiri,21,Odisha
18.25,82.5,14,520,Visakhapatanam,28,Andhra Pradesh
18.25,82.75,14,520,Visakhapatanam,28,Andhra Pradesh
18.25,83.0,14,520,Visakhapatanam,28,Andhra Pradesh
18.25,83.25,14,520,Visakhapatanam,28,Andhra Pradesh
18.25,83.5,15,521,Vizianagaram,28,Andhra Pradesh
18.25,83.75,13,519,Srikakulam,28,Andhra Pradesh
18.5,72.75,,,,,
18.5,73.0,340,491,Raigad,27,Maharashtra
18.5,73.25,340,491,Raigad,27,Maharashtra
18.5,73.5,339,490,Pune,27,Maharashtra
18.5,73.75,339,490,Pune,27,Maharashtra
18.5,74.0,339,490,Pune,27,Maharashtra
18.5,74.25,339,490,Pune,27,Maharashtra
18.5,74.5,339,490,Pune,27,Maharashtra
18.5,74.75,316,466,Ahmednagar,27,Maharashtra
18.5,75.0,316,466,Ahmednagar,27,Maharashtra
18.5,75.25,345,496,Solapur,27,Maharashtra
18.5,75.5,337,488,Osmanabad,27,Maharashtra
18.5,75.75,337,488,Osmanabad,27,Maharashtra
18.5,76.0,337,488,Osmanabad,27,Maharashtra
18.5,76.25,337,488,Osmanabad,27,Maharashtra
18.5,76.5,331,481,Latur,27,Maharashtra
18.5,76.75,331,481,Latur,27,Maharashtra
18.5,77.0,331,481,Latur,27,Maharashtra
18.5,77.25,334,485,Nanded,27,Maharashtra
18.5,77.5,334,485,Nanded,27,Maharashtra
18.5,77.75,602,685,Kamareddy,36,Telangana
18.5,78.0,594,516,Nizamabad,36,Telangana
18.5,78.25,594,516,Nizamabad,36,Telangana
18.5,78.5,594,516,Nizamabad,36,Telangana
18.5,78.75,600,683,Rajanna Sircilla,36,Telangana
18.5,79.0,589,508,Karimnagar,36,Telangana
18.5,79.25,599,682,Peddapalli,36,Telangana
18.5,79.5,599,682,Peddapalli,36,Telangana
18.5,79.75,604,687,Jayashankar Bhupalapally,36,Telangana
18.5,80.0,604,687,Jayashankar Bhupalapally,36,Telangana
18.5,80.25,618,720,Mulugu,36,Telangana
18.5,80.5,618,720,Mulugu,36,Telangana
18.5,80.75,129,636,Bijapur,22,Chhattisgarh
18.5,81.0,129,636,Bijapur,22,Chhattisgarh
18.5,81.25,131,642,Sukma,22,Chhattisgarh
18.5,81.5,131,642,Sukma,22,Chhattisgarh
18.5,81.75,131,642,Sukma,22,Chhattisgarh
18.5,82.0,469,364,Malkangiri,21,Odisha
18.5,82.25,469,364,Malkangiri,21,Odisha
18.5,82.5,14,520,Visakhapatanam,28,Andhra Pradesh
18.5,82.75,468,363,Koraput,21,Odisha
18.5,83.0,468,363,Koraput,21,Odisha
18.5,83.25,15,521,Vizianagaram,28,Andhra Pradesh
18.5,83.5,15,521,Vizianagaram,28,Andhra Pradesh
18.5,83.75,13,519,Srikakulam,28,Andhra Pradesh
18.5,84.0,13,519,Srikakulam,28,Andhra Pradesh
18.75,72.75,,,,,
18.75,73.0,340,491,Raigad,27,Maharashtra
18.75,73.25,340,491,Raigad,27,Maharashtra
18.75,73.5,339,490,Pune,27,Maharashtra
18.75,73.75,339,490,Pune,27,Maharashtra
18.75,74.0,339,490,Pune,27,Maharashtra
18.75,74.25,339,490,Pune,27,Maharashtra
18.75,74.5,316,466,Ahmednagar,27,Maharashtra
18.75,74.75,316,466,Ahmednagar,27,Maharashtra
18.75,75.0,316,466,Ahmednagar,27,Maharashtra
18.75,75.25,320,470,Beed,27,Maharashtra
18.75,75.5,320,470,Beed,27,Maharashtra
18.75,75.75,320,470,Beed,27,Maharashtra
18.75,76.0,320,470,Beed,27,Maharashtra
18.75,76.25,320,470,Beed,27,Maharashtra
18.75,76.5,320,470,Beed,27,Maharashtra
18.75,76.75,331,481,Latur,27,Maharashtra
18.75,77.0,331,481,Latur,27,Maharashtra
18.75,77.25,334,485,Nanded,27,Maharashtra
18.75,77.5,334,485,Nanded,27,Maharashtra
18.75,77.75,334,485,Nanded,27,Maharashtra
18.75,78.0,594,516,Nizamabad,36,Telangana
18.75,78.25,594,516,Nizamabad,36,Telangana
18.75,78.5,594,516,Nizamabad,36,Telangana
18.75,78.75,598,681,Jagitial,36,Telangana
18.75,79.0,598,681,Jagitial,36,Telangana
18.75,79.25,599,682,Peddapalli,36,Telangana
18.75,79.5,599,682,Peddapalli,36,Telangana
18.75,79.75,601,684,Mancherial,36,Telangana
18.75,80.0,604,687,Jayashankar Bhupalapally,36,Telangana
18.75,80.25,325,475,Gadchiroli,27,Maharashtra
18.75,80.5,129,636,Bijapur,22,Chhattisgarh
18.75,80.75,129,636,Bijapur,22,Chhattisgarh
18.75,81.0,129,636,Bijapur,22,Chhattisgarh
18.75,81.25,115,376,Dantewada,22,Chhattisgarh
18.75,81.5,115,376,Dantewada,22,Chhattisgarh
18.75,81.75,115,376,Dantewada,22,Chhattisgarh
18.75,82.0,113,374,Bastar,22,Chhattisgarh
18.75,82.25,468,363,Koraput,21,Odisha
18.75,82.5,468,363,Koraput,21,Odisha
18.75,82.75,468,363,Koraput,21,Odisha
18.75,83.0,468,363,Koraput,21,Odisha
18.75,83.25,15,521,Vizianagaram,28,Andhra Pradesh
18.75,83.5,15,521,Vizianagaram,28,Andhra Pradesh
18.75,83.75,13,519,Srikakulam,28,Andhra Pradesh
18.75,84.0,13,519,Srikakulam,28,Andhra Pradesh
18.75,84.25,13,519,Srikakulam,28,Andhra Pradesh
19.0,72.75,,,,,
19.0,73.0,346,497,Thane,27,Maharashtra
19.0,73.25,340,491,Raigad,27,Maharashtra
19.0,73.5,340,491,Raigad,27,Maharashtra
19.0,73.75,339,490,Pune,27,Maharashtra
19.0,74.0,339,490,Pune,27,Maharashtra
19.0,74.25,316,466,Ahmednagar,27,Maharashtra
19.0,74.5,316,466,Ahmednagar,27,Maharashtra
19.0,74.75,316,466,Ahmednagar,27,Maharashtra
19.0,75.0,320,470,Beed,27,Maharashtra
19.0,75.25,320,470,Beed,27,Maharashtra
19.0,75.5,320,470,Beed,27,Maharashtra
19.0,75.75,320,470,Beed,27,Maharashtra
19.0,76.0,320,470,Beed,27,Maharashtra
19.0,76.25,320,470,Beed,27,Maharashtra
19.0,76.5,338,489,Parbhani,27,Maharashtra
19.0,76.75,338,489,Parbhani,27,Maharashtra
19.0,77.0,338,489,Parbhani,27,Maharashtra
19.0,77.25,334,485,Nanded,27,Maharashtra
19.0,77.5,334,485,Nanded,27,Maharashtra
19.0,77.75,334,485,Nanded,27,Maharashtra
19.0,78.0,597,680,Nirmal,36,Telangana
19.0,78.25,594,516,Nizamabad,36,Telangana
19.0,78.5,597,680,Nirmal,36,Telangana
19.0,78.75,598,681,Jagitial,36,Telangana
19.0,79.0,598,681,Jagitial,36,Telangana
19.0,79.25,601,684,Mancherial,36,Telangana
19.0,79.5,601,684,Mancherial,36,Telangana
19.0,79.75,601,684,Mancherial,36,Telangana
19.0,80.0,325,475,Gadchiroli,27,Maharashtra
19.0,80.25,325,475,Gadchiroli,27,Maharashtra
19.0,80.5,129,636,Bijapur,22,Chhattisgarh
19.0,80.75,129,636,Bijapur,22,Chhattisgarh
19.0,81.0,129,636,Bijapur,22,Chhattisgarh
19.0,81.25,115,376,Dantewada,22,Chhattisgarh
19.0,81.5,113,374,Bastar,22,Chhattisgarh
19.0,81.75,113,374,Bastar,22,Chhattisgarh
19.0,82.0,113,374,Bastar,22,Chhattisgarh
19.0,82.25,468,363,Koraput,21,Odisha
19.0,82.5,468,363,Koraput,21,Odisha
19.0,82.75,468,363,Koraput,21,Odisha
19.0,83.0,468,363,Koraput,21,Odisha
19.0,83.25,468,363,Koraput,21,Odisha
19.0,83.5,15,521,Vizianagaram,28,Andhra Pradesh
19.0,83.75,475,370,Rayagada,21,Odisha
19.0,84.0,458,353,Gajapati,21,Odisha
19.0,84.25,458,353,Gajapati,21,Odisha
19.0,84.5,13,519,Srikakulam,28,Andhra Pradesh
19.25,72.75,,,,,
19.25,73.0,346,497,Thane,27,Maharashtra
19.25,73.25,346,497,Thane,27,Maharashtra
19.25,73.5,346,497,Thane,27,Maharashtra
19.25,73.75,339,490,Pune,27,Maharashtra
19.25,74.0,339,490,Pune,27,Maharashtra
19.25,74.25,316,466,Ahmednagar,27,Maharashtra
19.25,74.5,316,466,Ahmednagar,27,Maharashtra
19.25,74.75,316,466,Ahmednagar,27,Maharashtra
19.25,75.0,316,466,Ahmednagar,27,Maharashtra
19.25,75.25,316,466,Ahmednagar,27,Maharashtra
19.25,75.5,320,470,Beed,27,Maharashtra
19.25,75.75,320,470,Beed,27,Maharashtra
19.25,76.0,320,470,Beed,27,Maharashtra
19.25,76.25,338,489,Parbhani,27,Maharashtra
19.25,76.5,338,489,Parbhani,27,Maharashtra
19.25,76.75,338,489,Parbhani,27,Maharashtra
19.25,77.0,338,489,Parbhani,27,Maharashtra
19.25,77.25,334,485,Nanded,27,Maharashtra
19.25,77.5,334,485,Nanded,27,Maharashtra
19.25,77.75,334,485,Nanded,27,Maharashtra
19.25,78.0,597,680,Nirmal,36,Telangana
19.25,78.25,597,680,Nirmal,36,Telangana
19.25,78.5,587,501,Adilabad,36,Telangana
19.25,78.75,597,680,Nirmal,36,Telangana
19.25,79.0,616,699,Kumuram Bheem Asifabad,36,Telangana
19.25,79.25,616,699,Kumuram Bheem Asifabad,36,Telangana
19.25,79.5,616,699,Kumuram Bheem Asifabad,36,Telangana
19.25,79.75,616,699,Kumuram Bheem Asifabad,36,Telangana
19.25,80.0,325,475,Gadchiroli,27,Maharashtra
19.25,80.25,325,475,Gadchiroli,27,Maharashtra
19.25,80.5,129,636,Bijapur,22,Chhattisgarh
19.25,80.75,129,636,Bijapur,22,Chhattisgarh
19.25,81.0,130,637,Narayanpur,22,Chhattisgarh
19.25,81.25,129,636,Bijapur,22,Chhattisgarh
19.25,81.5,132,643,Kondagaon,22,Chhattisgarh
19.25,81.75,113,374,Bastar,22,Chhattisgarh
19.25,82.0,113,374,Bastar,22,Chhattisgarh
19.25,82.25,471,366,Nabarangpur,21,Odisha
19.25,82.5,471,366,Nabarangpur,21,Odisha
19.25,82.75,471,366,Nabarangpur,21,Odisha
19.25,83.0,475,370,Rayagada,21,Odisha
19.25,83.25,475,370,Rayagada,21,Odisha
19.25,83.5,475,370,Rayagada,21,Odisha
19.25,83.75,475,370,Rayagada,21,Odisha
19.25,84.0,458,353,Gajapati,21,Odisha
19.25,84.25,458,353,Gajapati,21,Odisha
19.25,84.5,459,354,Ganjam,21,Odisha
19.25,84.75,459,354,Ganjam,21,Odisha
19.5,72.75,350,665,Palghar,27,Maharashtra
19.5,73.0,350,665,Palghar,27,Maharashtra
19.5,73.25,346,497,Thane,27,Maharashtra
19.5,73.5,346,497,Thane,27,Maharashtra
19.5,73.75,316,466,Ahmednagar,27,Maharashtra
19.5,74.0,316,466,Ahmednagar,27,Maharashtra
19.5,74.25,316,466,Ahmednagar,27,Maharashtra
19.5,74.5,316,466,Ahmednagar,27,Maharashtra
19.5,74.75,316,466,Ahmednagar,27,Maharashtra
19.5,75.0,316,466,Ahmednagar,27,Maharashtra
19.5,75.25,316,466,Ahmednagar,27,Maharashtra
19.5,75.5,319,469,Aurangabad,27,Maharashtra
19.5,75.75,329,479,Jalna,27,Maharashtra
19.5,76.0,329,479,Jalna,27,Maharashtra
19.5,76.25,329,479,Jalna,27,Maharashtra
19.5,76.5,338,489,Parbhani,27,Maharashtra
19.5,76.75,338,489,Parbhani,27,Maharashtra
19.5,77.0,327,477,Hingoli,27,Maharashtra
19.5,77.25,327,477,Hingoli,27,Maharashtra
19.5,77.5,334,485,Nanded,27,Maharashtra
19.5,77.75,349,500,Yavatmal,27,Maharashtra
19.5,78.0,349,500,Yavatmal,27,Maharashtra
19.5,78.25,334,485,Nanded,27,Maharashtra
19.5,78.5,587,501,Adilabad,36,Telangana
19.5,78.75,587,501,Adilabad,36,Telangana
19.5,79.0,616,699,Kumuram Bheem Asifabad,36,Telangana
19.5,79.25,616,699,Kumuram Bheem Asifabad,36,Telangana
19.5,79.5,616,699,Kumuram Bheem Asifabad,36,Telangana
19.5,79.75,616,699,Kumuram Bheem Asifabad,36,Telangana
19.5,80.0,325,475,Gadchiroli,27,Maharashtra
19.5,80.25,325,475,Gadchiroli,27,Maharashtra
19.5,80.5,325,475,Gadchiroli,27,Maharashtra
19.5,80.75,325,475,Gadchiroli,27,Maharashtra
19.5,81.0,130,637,Narayanpur,22,Chhattisgarh
19.5,81.25,130,637,Narayanpur,22,Chhattisgarh
19.5,81.5,132,643,Kondagaon,22,Chhattisgarh
19.5,81.75,132,643,Kondagaon,22,Chhattisgarh
19.5,82.0,132,643,Kondagaon,22,Chhattisgarh
19.5,82.25,471,366,Nabarangpur,21,Odisha
19.5,82.5,471,366,Nabarangpur,21,Odisha
19.5,82.75,463,358,Kalahandi,21,Odisha
19.5,83.0,463,358,Kalahandi,21,Odisha
19.5,83.25,475,370,Rayagada,21,Odisha
19.5,83.5,475,370,Rayagada,21,Odisha
19.5,83.75,475,370,Rayagada,21,Odisha
19.5,84.0,458,353,Gajapati,21,Odisha
19.5,84.25,458,353,Gajapati,21,Odisha
19.5,84.5,459,354,Ganjam,21,Odisha
19.5,84.75,459,354,Ganjam,21,Odisha
19.5,85.0,459,354,Ganjam,21,Odisha
19.75,72.5,,,,,
19.75,72.75,350,665,Palghar,27,Maharashtra
19.75,73.0,350,665,Palghar,27,Maharashtra
19.75,73.25,350,665,Palghar,27,Maharashtra
19.75,73.5,350,665,Palghar,27,Maharashtra
19.75,73.75,336,487,Nashik,27,Maharashtra
19.75,74.0,336,487,Nashik,27,Maharashtra
19.75,74.25,316,466,Ahmednagar,27,Maharashtra
19.75,74.5,316,466,Ahmednagar,27,Maharashtra
19.75,74.75,319,469,Aurangabad,27,Maharashtra
19.75,75.0,319,469,Aurangabad,27,Maharashtra
19.75,75.25,319,469,Aurangabad,27,Maharashtra
19.75,75.5,319,469,Aurangabad,27,Maharashtra
19.75,75.75,329,479,Jalna,27,Maharashtra
19.75,76.0,329,479,Jalna,27,Maharashtra
19.75,76.25,329,479,Jalna,27,Maharashtra
19.75,76.5,338,489,Parbhani,27,Maharashtra
19.75,76.75,327,477,Hingoli,27,Maharashtra
19.75,77.0,327,477,Hingoli,27,Maharashtra
19.75,77.25,327,477,Hingoli,27,Maharashtra
19.75,77.5,349,500,Yavatmal,27,Maharashtra
19.75,77.75,349,500,Yavatmal,27,Maharashtra
19.75,78.0,334,485,Nanded,27,Maharashtra
19.75,78.25,334,485,Nanded,27,Maharashtra
19.75,78.5,587,501,Adilabad,36,Telangana
19.75,78.75,587,501,Adilabad,36,Telangana
19.75,79.0,323,473,Chandrapur,27,Maharashtra
19.75,79.25,323,473,Chandrapur,27,Maharashtra
19.75,79.5,323,473,Chandrapur,27,Maharashtra
19.75,79.75,323,473,Chandrapur,27,Maharashtra
19.75,80.0,325,475,Gadchiroli,27,Maharashtra
19.75,80.25,325,475,Gadchiroli,27,Maharashtra
19.75,80.5,325,475,Gadchiroli,27,Maharashtra
19.75,80.75,130,637,Narayanpur,22,Chhattisgarh
19.75,81.0,130,637,Narayanpur,22,Chhattisgarh
19.75,81.25,130,637,Narayanpur,22,Chhattisgarh
19.75,81.5,132,643,Kondagaon,22,Chhattisgarh
19.75,81.75,132,643,Kondagaon,22,Chhattisgarh
19.75,82.0,132,643,Kondagaon,22,Chhattisgarh
19.75,82.25,471,366,Nabarangpur,21,Odisha
19.75,82.5,471,366,Nabarangpur,21,Odisha
19.75,82.75,463,358,Kalahandi,21,Odisha
19.75,83.0,463,358,Kalahandi,21,Odisha
19.75,83.25,463,358,Kalahandi,21,Odisha
19.75,83.5,475,370,Rayagada,21,Odisha
19.75,83.75,464,359,Kandhamal,21,Odisha
19.75,84.0,464,359,Kandhamal,21,Odisha
19.75,84.25,459,354,Ganjam,21,Odisha
19.75,84.5,459,354,Ganjam,21,Odisha
19.75,84.75,459,354,Ganjam,21,Odisha
19.75,85.0,459,354,Ganjam,21,Odisha
19.75,85.25,467,362,Khordha,21,Odisha
19.75,85.5,474,369,Puri,21,Odisha
20.0,72.5,,,,,
20.0,72.75,350,665,Palghar,27,Maharashtra
20.0,73.0,350,665,Palghar,27,Maharashtra
20.0,73.25,350,665,Palghar,27,Maharashtra
20.0,73.5,336,487,Nashik,27,Maharashtra
20.0,73.75,336,487,Nashik,27,Maharashtra
20.0,74.0,336,487,Nashik,27,Maharashtra
20.0,74.25,336,487,Nashik,27,Maharashtra
20.0,74.5,336,487,Nashik,27,Maharashtra
20.0,74.75,319,469,Aurangabad,27,Maharashtra
20.0,75.0,319,469,Aurangabad,27,Maharashtra
20.0,75.25,319,469,Aurangabad,27,Maharashtra
20.0,75.5,319,469,Aurangabad,27,Maharashtra
20.0,75.75,329,479,Jalna,27,Maharashtra
20.0,76.0,322,472,Buldhana,27,Maharashtra
20.0,76.25,322,472,Buldhana,27,Maharashtra
20.0,76.5,322,472,Buldhana,27,Maharashtra
20.0,76.75,348,499,Washim,27,Maharashtra
20.0,77.0,327,477,Hingoli,27,Maharashtra
20.0,77.25,348,499,Washim,27,Maharashtra
20.0,77.5,349,500,Yavatmal,27,Maharashtra
20.0,77.75,349,500,Yavatmal,27,Maharashtra
20.0,78.0,349,500,Yavatmal,27,Maharashtra
20.0,78.25,349,500,Yavatmal,27,Maharashtra
20.0,78.5,349,500,Yavatmal,27,Maharashtra
20.0,78.75,349,500,Yavatmal,27,Maharashtra
20.0,79.0,349,500,Yavatmal,27,Maharashtra
20.0,79.25,323,473,Chandrapur,27,Maharashtra
20.0,79.5,323,473,Chandrapur,27,Maharashtra
20.0,79.75,323,473,Chandrapur,27,Maharashtra
20.0,80.0,325,475,Gadchiroli,27,Maharashtra
20.0,80.25,325,475,Gadchiroli,27,Maharashtra
20.0,80.5,325,475,Gadchiroli,27,Maharashtra
20.0,80.75,120,381,Kanker,22,Chhattisgarh
20.0,81.0,120,381,Kanker,22,Chhattisgarh
20.0,81.25,120,381,Kanker,22,Chhattisgarh
20.0,81.5,132,643,Kondagaon,22,Chhattisgarh
20.0,81.75,132,643,Kondagaon,22,Chhattisgarh
20.0,82.0,471,366,Nabarangpur,21,Odisha
20.0,82.25,134,645,Gariyaband,22,Chhattisgarh
20.0,82.5,134,645,Gariyaband,22,Chhattisgarh
20.0,82.75,463,358,Kalahandi,21,Odisha
20.0,83.0,463,358,Kalahandi,21,Odisha
20.0,83.25,463,358,Kalahandi,21,Odisha
20.0,83.5,463,358,Kalahandi,21,Odisha
20.0,83.75,464,359,Kandhamal,21,Odisha
20.0,84.0,464,359,Kandhamal,21,Odisha
20.0,84.25,464,359,Kandhamal,21,Odisha
20.0,84.5,459,354,Ganjam,21,Odisha
20.0,84.75,459,354,Ganjam,21,Odisha
20.0,85.0,472,367,Nayagarh,21,Odisha
20.0,85.25,472,367,Nayagarh,21,Odisha
20.0,85.5,467,362,Khordha,21,Odisha
20.0,85.75,474,369,Puri,21,Odisha
20.0,86.0,474,369,Puri,21,Odisha
20.0,86.25,474,369,Puri,21,Odisha
20.25,72.75,182,462,Valsad,24,Gujarat
20.25,73.0,155,465,Dadra And Nagar Haveli,38,Dadra & Nagar Havelli and Daman & Diu
20.25,73.25,182,462,Valsad,24,Gujarat
20.25,73.5,336,487,Nashik,27,Maharashtra
20.25,73.75,336,487,Nashik,27,Maharashtra
20.25,74.0,336,487,Nashik,27,Maharashtra
20.25,74.25,336,487,Nashik,27,Maharashtra
20.25,74.5,336,487,Nashik,27,Maharashtra
20.25,74.75,336,487,Nashik,27,Maharashtra
20.25,75.0,319,469,Aurangabad,27,Maharashtra
20.25,75.25,319,469,Aurangabad,27,Maharashtra
20.25,75.5,319,469,Aurangabad,27,Maharashtra
20.25,75.75,329,479,Jalna,27,Maharashtra
20.25,76.0,329,479,Jalna,27,Maharashtra
20.25,76.25,322,472,Buldhana,27,Maharashtra
20.25,76.5,322,472,Buldhana,27,Maharashtra
20.25,76.75,322,472,Buldhana,27,Maharashtra
20.25,77.0,348,499,Washim,27,Maharashtra
20.25,77.25,348,499,Washim,27,Maharashtra
20.25,77.5,348,499,Washim,27,Maharashtra
20.25,77.75,349,500,Yavatmal,27,Maharashtra
20.25,78.0,349,500,Yavatmal,27,Maharashtra
20.25,78.25,349,500,Yavatmal,27,Maharashtra
20.25,78.5,349,500,Yavatmal,27,Maharashtra
20.25,78.75,349,500,Yavatmal,27,Maharashtra
20.25,79.0,323,473,Chandrapur,27,Maharashtra
20.25,79.25,323,473,Chandrapur,27,Maharashtra
20.25,79.5,323,473,Chandrapur,27,Maharashtra
20.25,79.75,323,473,Chandrapur,27,Maharashtra
20.25,80.0,325,475,Gadchiroli,27,Maharashtra
20.25,80.25,325,475,Gadchiroli,27,Maharashtra
20.25,80.5,127,388,Rajnandgaon,22,Chhattisgarh
20.25,80.75,120,381,Kanker,22,Chhattisgarh
20.25,81.0,120,381,Kanker,22,Chhattisgarh
20.25,81.25,120,381,Kanker,22,Chhattisgarh
20.25,81.5,120,381,Kanker,22,Chhattisgarh
20.25,81.75,120,381,Kanker,22,Chhattisgarh
20.25,82.0,116,377,Dhamtari,22,Chhattisgarh
20.25,82.25,134,645,Gariyaband,22,Chhattisgarh
20.25,82.5,473,368,Nuapada,21,Odisha
20.25,82.75,473,368,Nuapada,21,Odisha
20.25,83.0,450,345,Balangir,21,Odisha
20.25,83.25,463,358,Kalahandi,21,Odisha
20.25,83.5,463,358,Kalahandi,21,Odisha
20.25,83.75,464,359,Kandhamal,21,Odisha
20.25,84.0,464,359,Kandhamal,21,Odisha
20.25,84.25,464,359,Kandhamal,21,Odisha
20.25,84.5,464,359,Kandhamal,21,Odisha
20.25,84.75,472,367,Nayagarh,21,Odisha
20.25,85.0,472,367,Nayagarh,21,Odisha
20.25,85.25,472,367,Nayagarh,21,Odisha
20.25,85.5,467,362,Khordha,21,Odisha
20.25,85.75,467,362,Khordha,21,Odisha
20.25,86.0,455,350,Cuttack,21,Odisha
20.25,86.25,460,355,Jagatsinghapur,21,Odisha
20.25,86.5,460,355,Jagatsinghapur,21,Odisha
20.5,72.75,,,,,
20.5,73.0,182,462,Valsad,24,Gujarat
20.5,73.25,182,462,Valsad,24,Gujarat
20.5,73.5,336,487,Nashik,27,Maharashtra
20.5,73.75,336,487,Nashik,27,Maharashtra
20.5,74.0,336,487,Nashik,27,Maharashtra
20.5,74.25,336,487,Nashik,27,Maharashtra
20.5,74.5,336,487,Nashik,27,Maharashtra
20.5,74.75,336,487,Nashik,27,Maharashtra
20.5,75.0,328,478,Jalgaon,27,Maharashtra
20.5,75.25,319,469,Aurangabad,27,Maharashtra
20.5,75.5,319,469,Aurangabad,27,Maharashtra
20.5,75.75,319,469,Aurangabad,27,Maharashtra
20.5,76.0,322,472,Buldhana,27,Maharashtra
20.5,76.25,322,472,Buldhana,27,Maharashtra
20.5,76.5,322,472,Buldhana,27,Maharashtra
20.5,76.75,317,467,Akola,27,Maharashtra
20.5,77.0,317,467,Akola,27,Maharashtra
20.5,77.25,317,467,Akola,27,Maharashtra
20.5,77.5,348,499,Washim,27,Maharashtra
20.5,77.75,349,500,Yavatmal,27,Maharashtra
20.5,78.0,349,500,Yavatmal,27,Maharashtra
20.5,78.25,349,500,Yavatmal,27,Maharashtra
20.5,78.5,349,500,Yavatmal,27,Maharashtra
20.5,78.75,347,498,Wardha,27,Maharashtra
20.5,79.0,347,498,Wardha,27,Maharashtra
20.5,79.25,323,473,Chandrapur,27,Maharashtra
20.5,79.5,323,473,Chandrapur,27,Maharashtra
20.5,79.75,323,473,Chandrapur,27,Maharashtra
20.5,80.0,325,475,Gadchiroli,27,Maharashtra
20.5,80.25,325,475,Gadchiroli,27,Maharashtra
20.5,80.5,325,475,Gadchiroli,27,Maharashtra
20.5,80.75,127,388,Rajnandgaon,22,Chhattisgarh
20.5,81.0,135,646,Balod,22,Chhattisgarh
20.5,81.25,135,646,Balod,22,Chhattisgarh
20.5,81.5,120,381,Kanker,22,Chhattisgarh
20.5,81.75,116,377,Dhamtari,22,Chhattisgarh
20.5,82.0,116,377,Dhamtari,22,Chhattisgarh
20.5,82.25,134,645,Gariyaband,22,Chhattisgarh
20.5,82.5,473,368,Nuapada,21,Odisha
20.5,82.75,450,345,Balangir,21,Odisha
20.5,83.0,450,345,Balangir,21,Odisha
20.5,83.25,450,345,Balangir,21,Odisha
20.5,83.5,450,345,Balangir,21,Odisha
20.5,83.75,454,349,Boudh,21,Odisha
20.5,84.0,464,359,Kandhamal,21,Odisha
20.5,84.25,464,359,Kandhamal,21,Odisha
20.5,84.5,454,349,Boudh,21,Odisha
20.5,84.75,472,367,Nayagarh,21,Odisha
20.5,85.0,455,350,Cuttack,21,Odisha
20.5,85.25,455,350,Cuttack,21,Odisha
20.5,85.5,455,350,Cuttack,21,Odisha
20.5,85.75,455,350,Cuttack,21,Odisha
20.5,86.0,455,350,Cuttack,21,Odisha
20.5,86.25,455,350,Cuttack,21,Odisha
20.5,86.5,465,360,Kendrapara,21,Odisha
20.5,86.75,465,360,Kendrapara,21,Odisha
20.75,70.75,189,675,Gir Somnath,24,Gujarat
20.75,71.0,189,675,Gir Somnath,24,Gujarat
20.75,72.75,,,,,
20.75,73.0,173,453,Navsari,24,Gujarat
20.75,73.25,173,453,Navsari,24,Gujarat
20.75,73.5,164,444,Dang,24,Gujarat
20.75,73.75,164,444,Dang,24,Gujarat
20.75,74.0,336,487,Nashik,27,Maharashtra
20.75,74.25,336,487,Nashik,27,Maharashtra
20.75,74.5,336,487,Nashik,27,Maharashtra
20.75,74.75,324,474,Dhule,27,Maharashtra
20.75,75.0,328,478,Jalgaon,27,Maharashtra
20.75,75.25,328,478,Jalgaon,27,Maharashtra
20.75,75.5,328,478,Jalgaon,27,Maharashtra
20.75,75.75,328,478,Jalgaon,27,Maharashtra
20.75,76.0,322,472,Buldhana,27,Maharashtra
20.75,76.25,322,472,Buldhana,27,Maharashtra
20.75,76.5,322,472,Buldhana,27,Maharashtra
20.75,76.75,322,472,Buldhana,27,Maharashtra
20.75,77.0,317,467,Akola,27,Maharashtra
20.75,77.25,317,467,Akola,27,Maharashtra
20.75,77.5,317,467,Akola,27,Maharashtra
20.75,77.75,318,468,Amravati,27,Maharashtra
20.75,78.0,318,468,Amravati,27,Maharashtra
20.75,78.25,318,468,Amravati,27,Maharashtra
20.75,78.5,347,498,Wardha,27,Maharashtra
20.75,78.75,347,498,Wardha,27,Maharashtra
20.75,79.0,333,484,Nagpur,27,Maharashtra
20.75,79.25,333,484,Nagpur,27,Maharashtra
20.75,79.5,333,484,Nagpur,27,Maharashtra
20.75,79.75,321,471,Bhandara,27,Maharashtra
20.75,80.0,326,476,Gondia,27,Maharashtra
20.75,80.25,326,476,Gondia,27,Maharashtra
20.75,80.5,325,475,Gadchiroli,27,Maharashtra
20.75,80.75,127,388,Rajnandgaon,22,Chhattisgarh
20.75,81.0,135,646,Balod,22,Chhattisgarh
20.75,81.25,135,646,Balod,22,Chhattisgarh
20.75,81.5,116,377,Dhamtari,22,Chhattisgarh
20.75,81.75,116,377,Dhamtari,22,Chhattisgarh
20.75,82.0,134,645,Gariyaband,22,Chhattisgarh
20.75,82.25,134,645,Gariyaband,22,Chhattisgarh
20.75,82.5,473,368,Nuapada,21,Odisha
20.75,82.75,450,345,Balangir,21,Odisha
20.75,83.0,450,345,Balangir,21,Odisha
20.75,83.25,450,345,Balangir,21,Odisha
20.75,83.5,450,345,Balangir,21,Odisha
20.75,83.75,477,372,Sonepur,21,Odisha
20.75,84.0,454,349,Boudh,21,Odisha
20.75,84.25,454,349,Boudh,21,Odisha
20.75,84.5,449,344,Anugul,21,Odisha
20.75,84.75,449,344,Anugul,21,Odisha
20.75,85.0,449,344,Anugul,21,Odisha
20.75,85.25,457,352,Dhenkanal,21,Odisha
20.75,85.5,457,352,Dhenkanal,21,Odisha
20.75,85.75,457,352,Dhenkanal,21,Odisha
20.75,86.0,457,352,Dhenkanal,21,Odisha
20.75,86.25,461,356,Jajapur,21,Odisha
20.75,86.5,461,356,Jajapur,21,Odisha
20.75,86.75,465,360,Kendrapara,21,Odisha
20.75,87.0,465,360,Kendrapara,21,Odisha
21.0,70.0,,,,,
21.0,70.25,189,675,Gir Somnath,24,Gujarat
21.0,70.5,189,675,Gir Somnath,24,Gujarat
21.0,70.75,189,675,Gir Somnath,24,Gujarat
21.0,71.0,189,675,Gir Somnath,24,Gujarat
21.0,71.25,159,439,Amreli,24,Gujarat
21.0,71.5,159,439,Amreli,24,Gujarat
21.0,72.75,173,453,Navsari,24,Gujarat
21.0,73.0,173,453,Navsari,24,Gujarat
21.0,73.25,183,641,Tapi,24,Gujarat
21.0,73.5,183,641,Tapi,24,Gujarat
21.0,73.75,164,444,Dang,24,Gujarat
21.0,74.0,324,474,Dhule,27,Maharashtra
21.0,74.25,324,474,Dhule,27,Maharashtra
21.0,74.5,324,474,Dhule,27,Maharashtra
21.0,74.75,324,474,Dhule,27,Maharashtra
21.0,75.0,328,478,Jalgaon,27,Maharashtra
21.0,75.25,328,478,Jalgaon,27,Maharashtra
21.0,75.5,328,478,Jalgaon,27,Maharashtra
21.0,75.75,328,478,Jalgaon,27,Maharashtra
21.0,76.0,328,478,Jalgaon,27,Maharashtra
21.0,76.25,328,478,Jalgaon,27,Maharashtra
21.0,76.5,322,472,Buldhana,27,Maharashtra
21.0,76.75,322,472,Buldhana,27,Maharashtra
21.0,77.0,317,467,Akola,27,Maharashtra
21.0,77.25,318,468,Amravati,27,Maharashtra
21.0,77.5,318,468,Amravati,27,Maharashtra
21.0,77.75,318,468,Amravati,27,Maharashtra
21.0,78.0,318,468,Amravati,27,Maharashtra
21.0,78.25,347,498,Wardha,27,Maharashtra
21.0,78.5,347,498,Wardha,27,Maharashtra
21.0,78.75,333,484,Nagpur,27,Maharashtra
21.0,79.0,333,484,Nagpur,27,Maharashtra
21.0,79.25,333,484,Nagpur,27,Maharashtra
21.0,79.5,333,484,Nagpur,27,Maharashtra
21.0,79.75,321,471,Bhandara,27,Maharashtra
21.0,80.0,321,471,Bhandara,27,Maharashtra
21.0,80.25,326,476,Gondia,27,Maharashtra
21.0,80.5,127,388,Rajnandgaon,22,Chhattisgarh
21.0,80.75,127,388,Rajnandgaon,22,Chhattisgarh
21.0,81.0,135,646,Balod,22,Chhattisgarh
21.0,81.25,135,646,Balod,22,Chhattisgarh
21.0,81.5,117,378,Durg,22,Chhattisgarh
21.0,81.75,116,377,Dhamtari,22,Chhattisgarh
21.0,82.0,134,645,Gariyaband,22,Chhattisgarh
21.0,82.25,124,385,Mahasamund,22,Chhattisgarh
21.0,82.5,124,385,Mahasamund,22,Chhattisgarh
21.0,82.75,452,347,Bargarh,21,Odisha
21.0,83.0,452,347,Bargarh,21,Odisha
21.0,83.25,452,347,Bargarh,21,Odisha
21.0,83.5,477,372,Sonepur,21,Odisha
21.0,83.75,477,372,Sonepur,21,Odisha
21.0,84.0,477,372,Sonepur,21,Odisha
21.0,84.25,476,371,Sambalpur,21,Odisha
21.0,84.5,449,344,Anugul,21,Odisha
21.0,84.75,449,344,Anugul,21,Odisha
21.0,85.0,449,344,Anugul,21,Odisha
21.0,85.25,449,344,Anugul,21,Odisha
21.0,85.5,457,352,Dhenkanal,21,Odisha
21.0,85.75,461,356,Jajapur,21,Odisha
21.0,86.0,461,356,Jajapur,21,Odisha
21.0,86.25,461,356,Jajapur,21,Odisha
21.0,86.5,453,348,Bhadrak,21,Odisha
21.0,86.75,453,348,Bhadrak,21,Odisha
21.25,69.75,,,,,
21.25,70.0,176,456,Porbandar,24,Gujarat
21.25,70.25,168,448,Junagadh,24,Gujarat
21.25,70.5,168,448,Junagadh,24,Gujarat
21.25,70.75,168,448,Junagadh,24,Gujarat
21.25,71.0,159,439,Amreli,24,Gujarat
21.25,71.25,159,439,Amreli,24,Gujarat
21.25,71.5,159,439,Amreli,24,Gujarat
21.25,71.75,163,443,Bhavnagar,24,Gujarat
21.25,72.0,163,443,Bhavnagar,24,Gujarat
21.25,72.5,,,,,
21.25,72.75,179,459,Surat,24,Gujarat
21.25,73.0,179,459,Surat,24,Gujarat
21.25,73.25,179,459,Surat,24,Gujarat
21.25,73.5,183,641,Tapi,24,Gujarat
21.25,73.75,183,641,Tapi,24,Gujarat
21.25,74.0,335,486,Nandurbar,27,Maharashtra
21.25,74.25,335,486,Nandurbar,27,Maharashtra
21.25,74.5,324,474,Dhule,27,Maharashtra
21.25,74.75,324,474,Dhule,27,Maharashtra
21.25,75.0,324,474,Dhule,27,Maharashtra
21.25,75.25,328,478,Jalgaon,27,Maharashtra
21.25,75.5,328,478,Jalgaon,27,Maharashtra
21.25,75.75,328,478,Jalgaon,27,Maharashtra
21.25,76.0,328,478,Jalgaon,27,Maharashtra
21.25,76.25,385,397,Burhanpur,23,Madhya Pradesh
21.25,76.5,385,397,Burhanpur,23,Madhya Pradesh
21.25,76.75,318,468,Amravati,27,Maharashtra
21.25,77.0,318,468,Amravati,27,Maharashtra
21.25,77.25,318,468,Amravati,27,Maharashtra
21.25,77.5,318,468,Amravati,27,Maharashtra
21.25,77.75,318,468,Amravati,27,Maharashtra
21.25,78.0,318,468,Amravati,27,Maharashtra
21.25,78.25,347,498,Wardha,27,Maharashtra
21.25,78.5,333,484,Nagpur,27,Maharashtra
21.25,78.75,333,484,Nagpur,27,Maharashtra
21.25,79.0,333,484,Nagpur,27,Maharashtra
21.25,79.25,333,484,Nagpur,27,Maharashtra
21.25,79.5,333,484,Nagpur,27,Maharashtra
21.25,79.75,321,471,Bhandara,27,Maharashtra
21.25,80.0,326,476,Gondia,27,Maharashtra
21.25,80.25,326,476,Gondia,27,Maharashtra
21.25,80.5,326,476,Gondia,27,Maharashtra
21.25,80.75,127,388,Rajnandgaon,22,Chhattisgarh
21.25,81.0,127,388,Rajnandgaon,22,Chhattisgarh
21.25,81.25,117,378,Durg,22,Chhattisgarh
21.25,81.5,117,378,Durg,22,Chhattisgarh
21.25,81.75,126,387,Raipur,22,Chhattisgarh
21.25,82.0,126,387,Raipur,22,Chhattisgarh
21.25,82.25,124,385,Mahasamund,22,Chhattisgarh
21.25,82.5,124,385,Mahasamund,22,Chhattisgarh
21.25,82.75,124,385,Mahasamund,22,Chhattisgarh
21.25,83.0,124,385,Mahasamund,22,Chhattisgarh
21.25,83.25,452,347,Bargarh,21,Odisha
21.25,83.5,452,347,Bargarh,21,Odisha
21.25,83.75,452,347,Bargarh,21,Odisha
21.25,84.0,476,371,Sambalpur,21,Odisha
21.25,84.25,476,371,Sambalpur,21,Odisha
21.25,84.5,476,371,Sambalpur,21,Odisha
21.25,84.75,476,371,Sambalpur,21,Odisha
21.25,85.0,449,344,Anugul,21,Odisha
21.25,85.25,449,344,Anugul,21,Odisha
21.25,85.5,466,361,Kendujhar,21,Odisha
21.25,85.75,466,361,Kendujhar,21,Odisha
21.25,86.0,466,361,Kendujhar,21,Odisha
21.25,86.25,466,361,Kendujhar,21,Odisha
21.25,86.5,451,346,Baleshwar,21,Odisha
21.25,86.75,451,346,Baleshwar,21,Odisha
21.5,69.5,,,,,
21.5,69.75,176,456,Porbandar,24,Gujarat
21.5,70.0,168,448,Junagadh,24,Gujarat
21.5,70.25,168,448,Junagadh,24,Gujarat
21.5,70.5,168,448,Junagadh,24,Gujarat
21.5,70.75,168,448,Junagadh,24,Gujarat
21.5,71.0,159,439,Amreli,24,Gujarat
21.5,71.25,159,439,Amreli,24,Gujarat
21.5,71.5,163,443,Bhavnagar,24,Gujarat
21.5,71.75,163,443,Bhavnagar,24,Gujarat
21.5,72.0,163,443,Bhavnagar,24,Gujarat
21.5,72.5,,,,,
21.5,72.75,162,442,Bharuch,24,Gujarat
21.5,73.0,179,459,Surat,24,Gujarat
21.5,73.25,162,442,Bharuch,24,Gujarat
21.5,73.5,172,452,Narmada,24,Gujarat
21.5,73.75,172,452,Narmada,24,Gujarat
21.5,74.0,183,641,Tapi,24,Gujarat
21.5,74.25,183,641,Tapi,24,Gujarat
21.5,74.5,335,486,Nandurbar,27,Maharashtra
21.5,74.75,335,486,Nandurbar,27,Maharashtra
21.5,75.0,324,474,Dhule,27,Maharashtra
21.5,75.25,381,393,Barwani,23,Madhya Pradesh
21.5,75.5,402,414,Khargone,23,Madhya Pradesh
21.5,75.75,402,414,Khargone,23,Madhya Pradesh
21.5,76.0,385,397,Burhanpur,23,Madhya Pradesh
21.5,76.25,385,397,Burhanpur,23,Madhya Pradesh
21.5,76.5,385,397,Burhanpur,23,Madhya Pradesh
21.5,76.75,385,397,Burhanpur,23,Madhya Pradesh
21.5,77.0,318,468,Amravati,27,Maharashtra
21.5,77.25,318,468,Amravati,27,Maharashtra
21.5,77.5,382,394,Betul,23,Madhya Pradesh
21.5,77.75,382,394,Betul,23,Madhya Pradesh
21.5,78.0,382,394,Betul,23,Madhya Pradesh
21.5,78.25,318,468,Amravati,27,Maharashtra
21.5,78.5,333,484,Nagpur,27,Maharashtra
21.5,78.75,387,399,Chhindwara,23,Madhya Pradesh
21.5,79.0,333,484,Nagpur,27,Maharashtra
21.5,79.25,333,484,Nagpur,27,Maharashtra
21.5,79.5,321,471,Bhandara,27,Maharashtra
21.5,79.75,321,471,Bhandara,27,Maharashtra
21.5,80.0,326,476,Gondia,27,Maharashtra
21.5,80.25,326,476,Gondia,27,Maharashtra
21.5,80.5,380,392,Balaghat,23,Madhya Pradesh
21.5,80.75,127,388,Rajnandgaon,22,Chhattisgarh
21.5,81.0,127,388,Rajnandgaon,22,Chhattisgarh
21.5,81.25,117,378,Durg,22,Chhattisgarh
21.5,81.5,139,650,Bemetara,22,Chhattisgarh
21.5,81.75,126,387,Raipur,22,Chhattisgarh
21.5,82.0,133,644,Baloda Bazar,22,Chhattisgarh
21.5,82.25,133,644,Baloda Bazar,22,Chhattisgarh
21.5,82.5,133,644,Baloda Bazar,22,Chhattisgarh
21.5,82.75,124,385,Mahasamund,22,Chhattisgarh
21.5,83.0,125,386,Raigarh,22,Chhattisgarh
21.5,83.25,125,386,Raigarh,22,Chhattisgarh
21.5,83.5,452,347,Bargarh,21,Odisha
21.5,83.75,452,347,Bargarh,21,Odisha
21.5,84.0,476,371,Sambalpur,21,Odisha
21.5,84.25,476,371,Sambalpur,21,Odisha
21.5,84.5,456,351,Deogarh,21,Odisha
21.5,84.75,456,351,Deogarh,21,Odisha
21.5,85.0,456,351,Deogarh,21,Odisha
21.5,85.25,449,344,Anugul,21,Odisha
21.5,85.5,466,361,Kendujhar,21,Odisha
21.5,85.75,466,361,Kendujhar,21,Odisha
21.5,86.0,466,361,Kendujhar,21,Odisha
21.5,86.25,470,365,Mayurbhanj,21,Odisha
21.5,86.5,470,365,Mayurbhanj,21,Odisha
21.5,86.75,451,346,Baleshwar,21,Odisha
21.5,87.0,451,346,Baleshwar,21,Odisha
21.75,69.25,,,,,
21.75,69.5,176,456,Porbandar,24,Gujarat
21.75,69.75,176,456,Porbandar,24,Gujarat
21.75,70.0,176,456,Porbandar,24,Gujarat
21.75,70.25,177,457,Rajkot,24,Gujarat
21.75,70.5,177,457,Rajkot,24,Gujarat
21.75,70.75,177,457,Rajkot,24,Gujarat
21.75,71.0,177,457,Rajkot,24,Gujarat
21.75,71.25,159,439,Amreli,24,Gujarat
21.75,71.5,159,439,Amreli,24,Gujarat
21.75,71.75,163,443,Bhavnagar,24,Gujarat
21.75,72.0,163,443,Bhavnagar,24,Gujarat
21.75,72.25,163,443,Bhavnagar,24,Gujarat
21.75,72.5,,,,,
21.75,72.75,162,442,Bharuch,24,Gujarat
21.75,73.0,162,442,Bharuch,24,Gujarat
21.75,73.25,162,442,Bharuch,24,Gujarat
21.75,73.5,172,452,Narmada,24,Gujarat
21.75,73.75,172,452,Narmada,24,Gujarat
21.75,74.0,335,486,Nandurbar,27,Maharashtra
21.75,74.25,335,486,Nandurbar,27,Maharashtra
21.75,74.5,335,486,Nandurbar,27,Maharashtra
21.75,74.75,381,393,Barwani,23,Madhya Pradesh
21.75,75.0,381,393,Barwani,23,Madhya Pradesh
21.75,75.25,381,393,Barwani,23,Madhya Pradesh
21.75,75.5,402,414,Khargone,23,Madhya Pradesh
21.75,75.75,402,414,Khargone,23,Madhya Pradesh
21.75,76.0,402,414,Khargone,23,Madhya Pradesh
21.75,76.25,393,405,East Nimar,23,Madhya Pradesh
21.75,76.5,393,405,East Nimar,23,Madhya Pradesh
21.75,76.75,393,405,East Nimar,23,Madhya Pradesh
21.75,77.0,393,405,East Nimar,23,Madhya Pradesh
21.75,77.25,382,394,Betul,23,Madhya Pradesh
21.75,77.5,382,394,Betul,23,Madhya Pradesh
21.75,77.75,382,394,Betul,23,Madhya Pradesh
21.75,78.0,382,394,Betul,23,Madhya Pradesh
21.75,78.25,382,394,Betul,23,Madhya Pradesh
21.75,78.5,387,399,Chhindwara,23,Madhya Pradesh
21.75,78.75,387,399,Chhindwara,23,Madhya Pradesh
21.75,79.0,387,399,Chhindwara,23,Madhya Pradesh
21.75,79.25,416,428,Seoni,23,Madhya Pradesh
21.75,79.5,416,428,Seoni,23,Madhya Pradesh
21.75,79.75,380,392,Balaghat,23,Madhya Pradesh
21.75,80.0,380,392,Balaghat,23,Madhya Pradesh
21.75,80.25,380,392,Balaghat,23,Madhya Pradesh
21.75,80.5,380,392,Balaghat,23,Madhya Pradesh
21.75,80.75,127,388,Rajnandgaon,22,Chhattisgarh
21.75,81.0,121,382,Kabirdham,22,Chhattisgarh
21.75,81.25,121,382,Kabirdham,22,Chhattisgarh
21.75,81.5,139,650,Bemetara,22,Chhattisgarh
21.75,81.75,133,644,Baloda Bazar,22,Chhattisgarh
21.75,82.0,133,644,Baloda Bazar,22,Chhattisgarh
21.75,82.25,133,644,Baloda Bazar,22,Chhattisgarh
21.75,82.5,118,379,Janjgir-Champa,22,Chhattisgarh
21.75,82.75,118,379,Janjgir-Champa,22,Chhattisgarh
21.75,83.0,118,379,Janjgir-Champa,22,Chhattisgarh
21.75,83.25,118,379,Janjgir-Champa,22,Chhattisgarh
21.75,83.5,462,357,Jharsuguda,21,Odisha
21.75,83.75,462,357,Jharsuguda,21,Odisha
21.75,84.0,476,371,Sambalpur,21,Odisha
21.75,84.25,476,371,Sambalpur,21,Odisha
21.75,84.5,476,371,Sambalpur,21,Odisha
21.75,84.75,478,373,Sundargarh,21,Odisha
21.75,85.0,478,373,Sundargarh,21,Odisha
21.75,85.25,466,361,Kendujhar,21,Odisha
21.75,85.5,466,361,Kendujhar,21,Odisha
21.75,85.75,466,361,Kendujhar,21,Odisha
21.75,86.0,470,365,Mayurbhanj,21,Odisha
21.75,86.25,470,365,Mayurbhanj,21,Odisha
21.75,86.5,470,365,Mayurbhanj,21,Odisha
21.75,86.75,470,365,Mayurbhanj,21,Odisha
21.75,87.0,470,365,Mayurbhanj,21,Odisha
21.75,87.25,451,346,Baleshwar,21,Odisha
21.75,87.5,722,317,Medinipur East,19,West Bengal
21.75,87.75,722,317,Medinipur East,19,West Bengal
21.75,88.0,,,,,
21.75,88.25,709,304,24 Paraganas South,19,West Bengal
21.75,88.5,,,,,
21.75,88.75,709,304,24 Paraganas South,19,West Bengal
21.75,89.0,709,304,24 Paraganas South,19,West Bengal
22.0,69.0,,,,,
22.0,69.25,188,674,Devbhumi Dwarka,24,Gujarat
22.0,69.5,188,674,Devbhumi Dwarka,24,Gujarat
22.0,69.75,188,674,Devbhumi Dwarka,24,Gujarat
22.0,70.0,167,447,Jamnagar,24,Gujarat
22.0,70.25,167,447,Jamnagar,24,Gujarat
22.0,70.5,177,457,Rajkot,24,Gujarat
22.0,70.75,177,457,Rajkot,24,Gujarat
22.0,71.0,177,457,Rajkot,24,Gujarat
22.0,71.25,159,439,Amreli,24,Gujarat
22.0,71.5,190,676,Botad,24,Gujarat
22.0,71.75,163,443,Bhavnagar,24,Gujarat
22.0,72.0,163,443,Bhavnagar,24,Gujarat
22.0,72.25,158,438,Ahmadabad,24,Gujarat
22.0,72.5,162,442,Bharuch,24,Gujarat
22.0,72.75,162,442,Bharuch,24,Gujarat
22.0,73.0,162,442,Bharuch,24,Gujarat
22.0,73.25,181,461,Vadodara,24,Gujarat
22.0,73.5,181,461,Vadodara,24,Gujarat
22.0,73.75,184,668,Chhotaudepur,24,Gujarat
22.0,74.0,184,668,Chhotaudepur,24,Gujarat
22.0,74.25,427,639,Alirajpur,23,Madhya Pradesh
22.0,74.5,381,393,Barwani,23,Madhya Pradesh
22.0,74.75,381,393,Barwani,23,Madhya Pradesh
22.0,75.0,381,393,Barwani,23,Madhya Pradesh
22.0,75.25,381,393,Barwani,23,Madhya Pradesh
22.0,75.5,402,414,Khargone,23,Madhya Pradesh
22.0,75.75,402,414,Khargone,23,Madhya Pradesh
22.0,76.0,402,414,Khargone,23,Madhya Pradesh
22.0,76.25,393,405,East Nimar,23,Madhya Pradesh
22.0,76.5,393,405,East Nimar,23,Madhya Pradesh
22.0,76.75,393,405,East Nimar,23,Madhya Pradesh
22.0,77.0,396,408,Harda,23,Madhya Pradesh
22.0,77.25,396,408,Harda,23,Madhya Pradesh
22.0,77.5,382,394,Betul,23,Madhya Pradesh
22.0,77.75,382,394,Betul,23,Madhya Pradesh
22.0,78.0,382,394,Betul,23,Madhya Pradesh
22.0,78.25,382,394,Betul,23,Madhya Pradesh
22.0,78.5,387,399,Chhindwara,23,Madhya Pradesh
22.0,78.75,387,399,Chhindwara,23,Madhya Pradesh
22.0,79.0,387,399,Chhindwara,23,Madhya Pradesh
22.0,79.25,387,399,Chhindwara,23,Madhya Pradesh
22.0,79.5,416,428,Seoni,23,Madhya Pradesh
22.0,79.75,416,428,Seoni,23,Madhya Pradesh
22.0,80.0,380,392,Balaghat,23,Madhya Pradesh
22.0,80.25,380,392,Balaghat,23,Madhya Pradesh
22.0,80.5,380,392,Balaghat,23,Madhya Pradesh
22.0,80.75,380,392,Balaghat,23,Madhya Pradesh
22.0,81.0,121,382,Kabirdham,22,Chhattisgarh
22.0,81.25,121,382,Kabirdham,22,Chhattisgarh
22.0,81.5,139,650,Bemetara,22,Chhattisgarh
22.0,81.75,136,647,Mungeli,22,Chhattisgarh
22.0,82.0,114,375,Bilaspur,22,Chhattisgarh
22.0,82.25,114,375,Bilaspur,22,Chhattisgarh
22.0,82.5,118,379,Janjgir-Champa,22,Chhattisgarh
22.0,82.75,118,379,Janjgir-Champa,22,Chhattisgarh
22.0,83.0,118,379,Janjgir-Champa,22,Chhattisgarh
22.0,83.25,125,386,Raigarh,22,Chhattisgarh
22.0,83.5,125,386,Raigarh,22,Chhattisgarh
22.0,83.75,478,373,Sundargarh,21,Odisha
22.0,84.0,478,373,Sundargarh,21,Odisha
22.0,84.25,478,373,Sundargarh,21,Odisha
22.0,84.5,476,371,Sambalpur,21,Odisha
22.0,84.75,478,373,Sundargarh,21,Odisha
22.0,85.0,478,373,Sundargarh,21,Odisha
22.0,85.25,466,361,Kendujhar,21,Odisha
22.0,85.5,466,361,Kendujhar,21,Odisha
22.0,85.75,470,365,Mayurbhanj,21,Odisha
22.0,86.0,470,365,Mayurbhanj,21,Odisha
22.0,86.25,470,365,Mayurbhanj,21,Odisha
22.0,86.5,470,365,Mayurbhanj,21,Odisha
22.0,86.75,470,365,Mayurbhanj,21,Odisha
22.0,87.0,470,365,Mayurbhanj,21,Odisha
22.0,87.25,723,318,Medinipur West,19,West Bengal
22.0,87.5,722,317,Medinipur East,19,West Bengal
22.0,87.75,722,317,Medinipur East,19,West Bengal
22.0,88.0,722,317,Medinipur East,19,West Bengal
22.0,88.25,709,304,24 Paraganas South,19,West Bengal
22.0,88.5,709,304,24 Paraganas South,19,West Bengal
22.0,88.75,,,,,
22.0,89.0,709,304,24 Paraganas South,19,West Bengal
22.0,93.0,436,267,Saiha,15,Mizoram
22.25,68.75,,,,,
22.25,69.0,188,674,Devbhumi Dwarka,24,Gujarat
22.25,69.25,188,674,Devbhumi Dwarka,24,Gujarat
22.25,69.5,188,674,Devbhumi Dwarka,24,Gujarat
22.25,69.75,188,674,Devbhumi Dwarka,24,Gujarat
22.25,70.0,167,447,Jamnagar,24,Gujarat
22.25,70.25,167,447,Jamnagar,24,Gujarat
22.25,70.5,167,447,Jamnagar,24,Gujarat
22.25,70.75,177,457,Rajkot,24,Gujarat
22.25,71.0,177,457,Rajkot,24,Gujarat
22.25,71.25,177,457,Rajkot,24,Gujarat
22.25,71.5,190,676,Botad,24,Gujarat
22.25,71.75,190,676,Botad,24,Gujarat
22.25,72.0,158,438,Ahmadabad,24,Gujarat
22.25,72.25,158,438,Ahmadabad,24,Gujarat
22.25,72.5,160,440,Anand,24,Gujarat
22.25,72.75,160,440,Anand,24,Gujarat
22.25,73.0,181,461,Vadodara,24,Gujarat
22.25,73.25,181,461,Vadodara,24,Gujarat
22.25,73.5,181,461,Vadodara,24,Gujarat
22.25,73.75,184,668,Chhotaudepur,24,Gujarat
22.25,74.0,184,668,Chhotaudepur,24,Gujarat
22.25,74.25,427,639,Alirajpur,23,Madhya Pradesh
22.25,74.5,427,639,Alirajpur,23,Madhya Pradesh
22.25,74.75,391,403,Dhar,23,Madhya Pradesh
22.25,75.0,391,403,Dhar,23,Madhya Pradesh
22.25,75.25,391,403,Dhar,23,Madhya Pradesh
22.25,75.5,391,403,Dhar,23,Madhya Pradesh
22.25,75.75,402,414,Khargone,23,Madhya Pradesh
22.25,76.0,402,414,Khargone,23,Madhya Pradesh
22.25,76.25,393,405,East Nimar,23,Madhya Pradesh
22.25,76.5,393,405,East Nimar,23,Madhya Pradesh
22.25,76.75,393,405,East Nimar,23,Madhya Pradesh
22.25,77.0,396,408,Harda,23,Madhya Pradesh
22.25,77.25,396,408,Harda,23,Madhya Pradesh
22.25,77.5,382,394,Betul,23,Madhya Pradesh
22.25,77.75,382,394,Betul,23,Madhya Pradesh
22.25,78.0,382,394,Betul,23,Madhya Pradesh
22.25,78.25,382,394,Betul,23,Madhya Pradesh
22.25,78.5,387,399,Chhindwara,23,Madhya Pradesh
22.25,78.75,387,399,Chhindwara,23,Madhya Pradesh
22.25,79.0,387,399,Chhindwara,23,Madhya Pradesh
22.25,79.25,387,399,Chhindwara,23,Madhya Pradesh
22.25,79.5,416,428,Seoni,23,Madhya Pradesh
22.25,79.75,416,428,Seoni,23,Madhya Pradesh
22.25,80.0,416,428,Seoni,23,Madhya Pradesh
22.25,80.25,380,392,Balaghat,23,Madhya Pradesh
22.25,80.5,380,392,Balaghat,23,Madhya Pradesh
22.25,80.75,380,392,Balaghat,23,Madhya Pradesh
22.25,81.0,380,392,Balaghat,23,Madhya Pradesh
22.25,81.25,121,382,Kabirdham,22,Chhattisgarh
22.25,81.5,121,382,Kabirdham,22,Chhattisgarh
22.25,81.75,114,375,Bilaspur,22,Chhattisgarh
22.25,82.0,114,375,Bilaspur,22,Chhattisgarh
22.25,82.25,114,375,Bilaspur,22,Chhattisgarh
22.25,82.5,118,379,Janjgir-Champa,22,Chhattisgarh
22.25,82.75,122,383,Korba,22,Chhattisgarh
22.25,83.0,125,386,Raigarh,22,Chhattisgarh
22.25,83.25,125,386,Raigarh,22,Chhattisgarh
22.25,83.5,125,386,Raigarh,22,Chhattisgarh
22.25,83.75,125,386,Raigarh,22,Chhattisgarh
22.25,84.0,478,373,Sundargarh,21,Odisha
22.25,84.25,478,373,Sundargarh,21,Odisha
22.25,84.5,478,373,Sundargarh,21,Odisha
22.25,84.75,478,373,Sundargarh,21,Odisha
22.25,85.0,478,373,Sundargarh,21,Odisha
22.25,85.25,246,343,West Singhbhum,20,Jharkhand
22.25,85.5,246,343,West Singhbhum,20,Jharkhand
22.25,85.75,246,343,West Singhbhum,20,Jharkhand
22.25,86.0,470,365,Mayurbhanj,21,Odisha
22.25,86.25,470,365,Mayurbhanj,21,Odisha
22.25,86.5,470,365,Mayurbhanj,21,Odisha
22.25,86.75,230,327,East Singhbum,20,Jharkhand
22.25,87.0,729,703,Jhargram,19,West Bengal
22.25,87.25,723,318,Medinipur West,19,West Bengal
22.25,87.5,723,318,Medinipur West,19,West Bengal
22.25,87.75,722,317,Medinipur East,19,West Bengal
22.25,88.0,722,317,Medinipur East,19,West Bengal
22.25,88.25,709,304,24 Paraganas South,19,West Bengal
22.25,88.5,709,304,24 Paraganas South,19,West Bengal
22.25,88.75,709,304,24 Paraganas South,19,West Bengal
22.25,89.0,708,303,24 Paraganas North,19,West Bengal
22.25,92.5,,,,,
22.25,92.75,433,264,Lawngtlai,15,Mizoram
22.25,93.0,436,267,Saiha,15,Mizoram
22.5,68.75,,,,,
22.5,69.0,,,,,
22.5,69.25,,,,,
22.5,69.5,,,,,
22.5,69.75,,,,,
22.5,70.0,167,447,Jamnagar,24,Gujarat
22.5,70.25,167,447,Jamnagar,24,Gujarat
22.5,70.5,167,447,Jamnagar,24,Gujarat
22.5,70.75,187,673,Morbi,24,Gujarat
22.5,71.0,187,673,Morbi,24,Gujarat
22.5,71.25,180,460,Surendranagar,24,Gujarat
22.5,71.5,180,460,Surendranagar,24,Gujarat
22.5,71.75,180,460,Surendranagar,24,Gujarat
22.5,72.0,158,438,Ahmadabad,24,Gujarat
22.5,72.25,158,438,Ahmadabad,24,Gujarat
22.5,72.5,160,440,Anand,24,Gujarat
22.5,72.75,160,440,Anand,24,Gujarat
22.5,73.0,160,440,Anand,24,Gujarat
22.5,73.25,181,461,Vadodara,24,Gujarat
22.5,73.5,174,454,Panch Mahals,24,Gujarat
22.5,73.75,184,668,Chhotaudepur,24,Gujarat
22.5,74.0,184,668,Chhotaudepur,24,Gujarat
22.5,74.25,427,639,Alirajpur,23,Madhya Pradesh
22.5,74.5,427,639,Alirajpur,23,Madhya Pradesh
22.5,74.75,391,403,Dhar,23,Madhya Pradesh
22.5,75.0,391,403,Dhar,23,Madhya Pradesh
22.5,75.25,391,403,Dhar,23,Madhya Pradesh
22.5,75.5,391,403,Dhar,23,Madhya Pradesh
22.5,75.75,398,410,Indore,23,Madhya Pradesh
22.5,76.0,398,410,Indore,23,Madhya Pradesh
22.5,76.25,390,402,Dewas,23,Madhya Pradesh
22.5,76.5,390,402,Dewas,23,Madhya Pradesh
22.5,76.75,390,402,Dewas,23,Madhya Pradesh
22.5,77.0,390,402,Dewas,23,Madhya Pradesh
22.5,77.25,396,408,Harda,23,Madhya Pradesh
22.5,77.5,397,409,Narmadapuram,23,Madhya Pradesh
22.5,77.75,397,409,Narmadapuram,23,Madhya Pradesh
22.5,78.0,397,409,Narmadapuram,23,Madhya Pradesh
22.5,78.25,397,409,Narmadapuram,23,Madhya Pradesh
22.5,78.5,397,409,Narmadapuram,23,Madhya Pradesh
22.5,78.75,387,399,Chhindwara,23,Madhya Pradesh
22.5,79.0,387,399,Chhindwara,23,Madhya Pradesh
22.5,79.25,387,399,Chhindwara,23,Madhya Pradesh
22.5,79.5,416,428,Seoni,23,Madhya Pradesh
22.5,79.75,416,428,Seoni,23,Madhya Pradesh
22.5,80.0,416,428,Seoni,23,Madhya Pradesh
22.5,80.25,403,415,Mandla,23,Madhya Pradesh
22.5,80.5,403,415,Mandla,23,Madhya Pradesh
22.5,80.75,403,415,Mandla,23,Madhya Pradesh
22.5,81.0,403,415,Mandla,23,Madhya Pradesh
22.5,81.25,392,404,Dindori,23,Madhya Pradesh
22.5,81.5,136,647,Mungeli,22,Chhattisgarh
22.5,81.75,136,647,Mungeli,22,Chhattisgarh
22.5,82.0,114,375,Bilaspur,22,Chhattisgarh
22.5,82.25,122,383,Korba,22,Chhattisgarh
22.5,82.5,122,383,Korba,22,Chhattisgarh
22.5,82.75,122,383,Korba,22,Chhattisgarh
22.5,83.0,122,383,Korba,22,Chhattisgarh
22.5,83.25,125,386,Raigarh,22,Chhattisgarh
22.5,83.5,125,386,Raigarh,22,Chhattisgarh
22.5,83.75,119,380,Jashpur,22,Chhattisgarh
22.5,84.0,478,373,Sundargarh,21,Odisha
22.5,84.25,245,342,Simdega,20,Jharkhand
22.5,84.5,245,342,Simdega,20,Jharkhand
22.5,84.75,245,342,Simdega,20,Jharkhand
22.5,85.0,245,342,Simdega,20,Jharkhand
22.5,85.25,246,343,West Singhbhum,20,Jharkhand
22.5,85.5,246,343,West Singhbhum,20,Jharkhand
22.5,85.75,246,343,West Singhbhum,20,Jharkhand
22.5,86.0,470,365,Mayurbhanj,21,Odisha
22.5,86.25,230,327,East Singhbum,20,Jharkhand
22.5,86.5,230,327,East Singhbum,20,Jharkhand
22.5,86.75,230,327,East Singhbum,20,Jharkhand
22.5,87.0,729,703,Jhargram,19,West Bengal
22.5,87.25,723,318,Medinipur West,19,West Bengal
22.5,87.5,723,318,Medinipur West,19,West Bengal
22.5,87.75,723,318,Medinipur West,19,West Bengal
22.5,88.0,718,313,Howrah,19,West Bengal
22.5,88.25,709,304,24 Paraganas South,19,West Bengal
22.5,88.5,709,304,24 Paraganas South,19,West Bengal
22.5,88.75,708,303,24 Paraganas North,19,West Bengal
22.5,89.0,,,,,
22.5,92.5,,,,,
22.5,92.75,433,264,Lawngtlai,15,Mizoram
22.5,93.0,436,267,Saiha,15,Mizoram
22.75,69.75,,,,,
22.75,70.0,,,,,
22.75,70.25,,,,,
22.75,70.5,167,447,Jamnagar,24,Gujarat
22.75,70.75,187,673,Morbi,24,Gujarat
22.75,71.0,187,673,Morbi,24,Gujarat
22.75,71.25,180,460,Surendranagar,24,Gujarat
22.75,71.5,180,460,Surendranagar,24,Gujarat
22.75,71.75,180,460,Surendranagar,24,Gujarat
22.75,72.0,180,460,Surendranagar,24,Gujarat
22.75,72.25,158,438,Ahmadabad,24,Gujarat
22.75,72.5,158,438,Ahmadabad,24,Gujarat
22.75,72.75,170,450,Kheda,24,Gujarat
22.75,73.0,170,450,Kheda,24,Gujarat
22.75,73.25,170,450,Kheda,24,Gujarat
22.75,73.5,174,454,Panch Mahals,24,Gujarat
22.75,73.75,174,454,Panch Mahals,24,Gujarat
22.75,74.0,165,445,Dohad,24,Gujarat
22.75,74.25,165,445,Dohad,24,Gujarat
22.75,74.5,400,412,Jhabua,23,Madhya Pradesh
22.75,74.75,400,412,Jhabua,23,Madhya Pradesh
22.75,75.0,391,403,Dhar,23,Madhya Pradesh
22.75,75.25,391,403,Dhar,23,Madhya Pradesh
22.75,75.5,398,410,Indore,23,Madhya Pradesh
22.75,75.75,398,410,Indore,23,Madhya Pradesh
22.75,76.0,398,410,Indore,23,Madhya Pradesh
22.75,76.25,390,402,Dewas,23,Madhya Pradesh
22.75,76.5,390,402,Dewas,23,Madhya Pradesh
22.75,76.75,390,402,Dewas,23,Madhya Pradesh
22.75,77.0,390,402,Dewas,23,Madhya Pradesh
22.75,77.25,415,427,Sehore,23,Madhya Pradesh
22.75,77.5,415,427,Sehore,23,Madhya Pradesh
22.75,77.75,397,409,Narmadapuram,23,Madhya Pradesh
22.75,78.0,397,409,Narmadapuram,23,Madhya Pradesh
22.75,78.25,397,409,Narmadapuram,23,Madhya Pradesh
22.75,78.5,397,409,Narmadapuram,23,Madhya Pradesh
22.75,78.75,406,418,Narsinghpur,23,Madhya Pradesh
22.75,79.0,406,418,Narsinghpur,23,Madhya Pradesh
22.75,79.25,387,399,Chhindwara,23,Madhya Pradesh
22.75,79.5,406,418,Narsinghpur,23,Madhya Pradesh
22.75,79.75,416,428,Seoni,23,Madhya Pradesh
22.75,80.0,416,428,Seoni,23,Madhya Pradesh
22.75,80.25,416,428,Seoni,23,Madhya Pradesh
22.75,80.5,403,415,Mandla,23,Madhya Pradesh
22.75,80.75,403,415,Mandla,23,Madhya Pradesh
22.75,81.0,392,404,Dindori,23,Madhya Pradesh
22.75,81.25,392,404,Dindori,23,Madhya Pradesh
22.75,81.5,392,404,Dindori,23,Madhya Pradesh
22.75,81.75,378,390,Anuppur,23,Madhya Pradesh
22.75,82.0,140,734,Gaurella Pendra Marwahi,22,Chhattisgarh
22.75,82.25,122,383,Korba,22,Chhattisgarh
22.75,82.5,122,383,Korba,22,Chhattisgarh
22.75,82.75,122,383,Korba,22,Chhattisgarh
22.75,83.0,128,389,Surguja,22,Chhattisgarh
22.75,83.25,125,386,Raigarh,22,Chhattisgarh
22.75,83.5,128,389,Surguja,22,Chhattisgarh
22.75,83.75,119,380,Jashpur,22,Chhattisgarh
22.75,84.0,119,380,Jashpur,22,Chhattisgarh
22.75,84.25,245,342,Simdega,20,Jharkhand
22.75,84.5,245,342,Simdega,20,Jharkhand
22.75,84.75,245,342,Simdega,20,Jharkhand
22.75,85.0,245,342,Simdega,20,Jharkhand
22.75,85.25,246,343,West Singhbhum,20,Jharkhand
22.75,85.5,246,343,West Singhbhum,20,Jharkhand
22.75,85.75,244,341,Saraikela Kharsawan,20,Jharkhand
22.75,86.0,244,341,Saraikela Kharsawan,20,Jharkhand
22.75,86.25,230,327,East Singhbum,20,Jharkhand
22.75,86.5,726,321,Purulia,19,West Bengal
22.75,86.75,710,305,Bankura,19,West Bengal
22.75,87.0,710,305,Bankura,19,West Bengal
22.75,87.25,723,318,Medinipur West,19,West Bengal
22.75,87.5,723,318,Medinipur West,19,West Bengal
22.75,87.75,717,312,Hooghly,19,West Bengal
22.75,88.0,717,312,Hooghly,19,West Bengal
22.75,88.25,717,312,Hooghly,19,West Bengal
22.75,88.5,708,303,24 Paraganas North,19,West Bengal
22.75,88.75,708,303,24 Paraganas North,19,West Bengal
22.75,89.0,,,,,
22.75,92.5,434,265,Lunglei,15,Mizoram
22.75,92.75,434,265,Lunglei,15,Mizoram
22.75,93.0,433,264,Lawngtlai,15,Mizoram
23.0,68.75,,,,,
23.0,69.0,169,449,Kachchh,24,Gujarat
23.0,69.25,169,449,Kachchh,24,Gujarat
23.0,69.5,169,449,Kachchh,24,Gujarat
23.0,69.75,169,449,Kachchh,24,Gujarat
23.0,70.0,169,449,Kachchh,24,Gujarat
23.0,70.25,169,449,Kachchh,24,Gujarat
23.0,70.5,169,449,Kachchh,24,Gujarat
23.0,70.75,187,673,Morbi,24,Gujarat
23.0,71.0,187,673,Morbi,24,Gujarat
23.0,71.25,187,673,Morbi,24,Gujarat
23.0,71.5,180,460,Surendranagar,24,Gujarat
23.0,71.75,180,460,Surendranagar,24,Gujarat
23.0,72.0,180,460,Surendranagar,24,Gujarat
23.0,72.25,158,438,Ahmadabad,24,Gujarat
23.0,72.5,158,438,Ahmadabad,24,Gujarat
23.0,72.75,158,438,Ahmadabad,24,Gujarat
23.0,73.0,170,450,Kheda,24,Gujarat
23.0,73.25,170,450,Kheda,24,Gujarat
23.0,73.5,185,669,Mahisagar,24,Gujarat
23.0,73.75,174,454,Panch Mahals,24,Gujarat
23.0,74.0,165,445,Dohad,24,Gujarat
23.0,74.25,165,445,Dohad,24,Gujarat
23.0,74.5,400,412,Jhabua,23,Madhya Pradesh
23.0,74.75,400,412,Jhabua,23,Madhya Pradesh
23.0,75.0,400,412,Jhabua,23,Madhya Pradesh
23.0,75.25,391,403,Dhar,23,Madhya Pradesh
23.0,75.5,398,410,Indore,23,Madhya Pradesh
23.0,75.75,398,410,Indore,23,Madhya Pradesh
23.0,76.0,390,402,Dewas,23,Madhya Pradesh
23.0,76.25,390,402,Dewas,23,Madhya Pradesh
23.0,76.5,415,427,Sehore,23,Madhya Pradesh
23.0,76.75,415,427,Sehore,23,Madhya Pradesh
23.0,77.0,415,427,Sehore,23,Madhya Pradesh
23.0,77.25,415,427,Sehore,23,Madhya Pradesh
23.0,77.5,409,421,Raisen,23,Madhya Pradesh
23.0,77.75,409,421,Raisen,23,Madhya Pradesh
23.0,78.0,409,421,Raisen,23,Madhya Pradesh
23.0,78.25,409,421,Raisen,23,Madhya Pradesh
23.0,78.5,406,418,Narsinghpur,23,Madhya Pradesh
23.0,78.75,406,418,Narsinghpur,23,Madhya Pradesh
23.0,79.0,406,418,Narsinghpur,23,Madhya Pradesh
23.0,79.25,406,418,Narsinghpur,23,Madhya Pradesh
23.0,79.5,406,418,Narsinghpur,23,Madhya Pradesh
23.0,79.75,399,411,Jabalpur,23,Madhya Pradesh
23.0,80.0,403,415,Mandla,23,Madhya Pradesh
23.0,80.25,403,415,Mandla,23,Madhya Pradesh
23.0,80.5,403,415,Mandla,23,Madhya Pradesh
23.0,80.75,392,404,Dindori,23,Madhya Pradesh
23.0,81.0,392,404,Dindori,23,Madhya Pradesh
23.0,81.25,378,390,Anuppur,23,Madhya Pradesh
23.0,81.5,378,390,Anuppur,23,Madhya Pradesh
23.0,81.75,378,390,Anuppur,23,Madhya Pradesh
23.0,82.0,140,734,Gaurella Pendra Marwahi,22,Chhattisgarh
23.0,82.25,123,384,Korea,22,Chhattisgarh
23.0,82.5,123,384,Korea,22,Chhattisgarh
23.0,82.75,137,648,Surajpur,22,Chhattisgarh
23.0,83.0,128,389,Surguja,22,Chhattisgarh
23.0,83.25,128,389,Surguja,22,Chhattisgarh
23.0,83.5,128,389,Surguja,22,Chhattisgarh
23.0,83.75,119,380,Jashpur,22,Chhattisgarh
23.0,84.0,119,380,Jashpur,22,Chhattisgarh
23.0,84.25,234,331,Gumla,20,Jharkhand
23.0,84.5,234,331,Gumla,20,Jharkhand
23.0,84.75,234,331,Gumla,20,Jharkhand
23.0,85.0,247,606,Khunti,20,Jharkhand
23.0,85.25,247,606,Khunti,20,Jharkhand
23.0,85.5,247,606,Khunti,20,Jharkhand
23.0,85.75,242,339,Ranchi,20,Jharkhand
23.0,86.0,244,341,Saraikela Kharsawan,20,Jharkhand
23.0,86.25,726,321,Purulia,19,West Bengal
23.0,86.5,726,321,Purulia,19,West Bengal
23.0,86.75,710,305,Bankura,19,West Bengal
23.0,87.0,710,305,Bankura,19,West Bengal
23.0,87.25,710,305,Bankura,19,West Bengal
23.0,87.5,710,305,Bankura,19,West Bengal
23.0,87.75,711,306,Purba Bardhaman,19,West Bengal
23.0,88.0,711,306,Purba Bardhaman,19,West Bengal
23.0,88.25,717,312,Hooghly,19,West Bengal
23.0,88.5,725,320,Nadia,19,West Bengal
23.0,88.75,708,303,24 Paraganas North,19,West Bengal
23.0,91.5,,,,,
23.0,92.5,434,265,Lunglei,15,Mizoram
23.0,92.75,434,265,Lunglei,15,Mizoram
23.0,93.0,434,265,Lunglei,15,Mizoram
23.25,68.5,,,,,
23.25,68.75,169,449,Kachchh,24,Gujarat
23.25,69.0,169,449,Kachchh,24,Gujarat
23.25,69.25,169,449,Kachchh,24,Gujarat
23.25,69.5,169,449,Kachchh,24,Gujarat
23.25,69.75,169,449,Kachchh,24,Gujarat
23.25,70.0,169,449,Kachchh,24,Gujarat
23.25,70.25,169,449,Kachchh,24,Gujarat
23.25,70.5,169,449,Kachchh,24,Gujarat
23.25,70.75,169,449,Kachchh,24,Gujarat
23.25,71.0,169,449,Kachchh,24,Gujarat
23.25,71.25,169,449,Kachchh,24,Gujarat
23.25,71.5,169,449,Kachchh,24,Gujarat
23.25,71.75,180,460,Surendranagar,24,Gujarat
23.25,72.0,158,438,Ahmadabad,24,Gujarat
23.25,72.25,171,451,Mahesana,24,Gujarat
23.25,72.5,166,446,Gandhinagar,24,Gujarat
23.25,72.75,166,446,Gandhinagar,24,Gujarat
23.25,73.0,186,672,Arvalli,24,Gujarat
23.25,73.25,186,672,Arvalli,24,Gujarat
23.25,73.5,185,669,Mahisagar,24,Gujarat
23.25,73.75,185,669,Mahisagar,24,Gujarat
23.25,74.0,165,445,Dohad,24,Gujarat
23.25,74.25,507,088,Banswara,08,Rajasthan
23.25,74.5,507,088,Banswara,08,Rajasthan
23.25,74.75,411,423,Ratlam,23,Madhya Pradesh
23.25,75.0,411,423,Ratlam,23,Madhya Pradesh
23.25,75.25,411,423,Ratlam,23,Madhya Pradesh
23.25,75.5,423,435,Ujjain,23,Madhya Pradesh
23.25,75.75,423,435,Ujjain,23,Madhya Pradesh
23.25,76.0,423,435,Ujjain,23,Madhya Pradesh
23.25,76.25,418,430,Shajapur,23,Madhya Pradesh
23.25,76.5,418,430,Shajapur,23,Madhya Pradesh
23.25,76.75,418,430,Shajapur,23,Madhya Pradesh
23.25,77.0,415,427,Sehore,23,Madhya Pradesh
23.25,77.25,384,396,Bhopal,23,Madhya Pradesh
23.25,77.5,384,396,Bhopal,23,Madhya Pradesh
23.25,77.75,409,421,Raisen,23,Madhya Pradesh
23.25,78.0,409,421,Raisen,23,Madhya Pradesh
23.25,78.25,409,421,Raisen,23,Madhya Pradesh
23.25,78.5,409,421,Raisen,23,Madhya Pradesh
23.25,78.75,409,421,Raisen,23,Madhya Pradesh
23.25,79.0,413,425,Sagar,23,Madhya Pradesh
23.25,79.25,388,400,Damoh,23,Madhya Pradesh
23.25,79.5,399,411,Jabalpur,23,Madhya Pradesh
23.25,79.75,399,411,Jabalpur,23,Madhya Pradesh
23.25,80.0,399,411,Jabalpur,23,Madhya Pradesh
23.25,80.25,399,411,Jabalpur,23,Madhya Pradesh
23.25,80.5,399,411,Jabalpur,23,Madhya Pradesh
23.25,80.75,424,436,Umaria,23,Madhya Pradesh
23.25,81.0,424,436,Umaria,23,Madhya Pradesh
23.25,81.25,424,436,Umaria,23,Madhya Pradesh
23.25,81.5,417,429,Shahdol,23,Madhya Pradesh
23.25,81.75,417,429,Shahdol,23,Madhya Pradesh
23.25,82.0,378,390,Anuppur,23,Madhya Pradesh
23.25,82.25,123,384,Korea,22,Chhattisgarh
23.25,82.5,123,384,Korea,22,Chhattisgarh
23.25,82.75,137,648,Surajpur,22,Chhattisgarh
23.25,83.0,137,648,Surajpur,22,Chhattisgarh
23.25,83.25,138,649,Balrampur,22,Chhattisgarh
23.25,83.5,138,649,Balrampur,22,Chhattisgarh
23.25,83.75,138,649,Balrampur,22,Chhattisgarh
23.25,84.0,138,649,Balrampur,22,Chhattisgarh
23.25,84.25,234,331,Gumla,20,Jharkhand
23.25,84.5,234,331,Gumla,20,Jharkhand
23.25,84.75,234,331,Gumla,20,Jharkhand
23.25,85.0,242,339,Ranchi,20,Jharkhand
23.25,85.25,242,339,Ranchi,20,Jharkhand
23.25,85.5,242,339,Ranchi,20,Jharkhand
23.25,85.75,242,339,Ranchi,20,Jharkhand
23.25,86.0,726,321,Purulia,19,West Bengal
23.25,86.25,726,321,Purulia,19,West Bengal
23.25,86.5,726,321,Purulia,19,West Bengal
23.25,86.75,726,321,Purulia,19,West Bengal
23.25,87.0,710,305,Bankura,19,West Bengal
23.25,87.25,710,305,Bankura,19,West Bengal
23.25,87.5,710,305,Bankura,19,West Bengal
23.25,87.75,711,306,Purba Bardhaman,19,West Bengal
23.25,88.0,711,306,Purba Bardhaman,19,West Bengal
23.25,88.25,711,306,Purba Bardhaman,19,West Bengal
23.25,88.5,725,320,Nadia,19,West Bengal
23.25,88.75,,,,,
23.25,91.25,,,,,
23.25,91.5,581,271,South Tripura,16,Tripura
23.25,91.75,585,654,Gomati,16,Tripura
23.25,92.25,,,,,
23.25,92.5,434,265,Lunglei,15,Mizoram
23.25,92.75,437,268,Serchhip,15,Mizoram
23.25,93.0,437,268,Serchhip,15,Mizoram
23.25,93.25,431,262,Champhai,15,Mizoram
23.5,68.25,,,,,
23.5,68.5,169,449,Kachchh,24,Gujarat
23.5,68.75,169,449,Kachchh,24,Gujarat
23.5,69.0,169,449,Kachchh,24,Gujarat
23.5,69.25,169,449,Kachchh,24,Gujarat
23.5,69.5,169,449,Kachchh,24,Gujarat
23.5,69.75,169,449,Kachchh,24,Gujarat
23.5,70.0,169,449,Kachchh,24,Gujarat
23.5,70.25,169,449,Kachchh,24,Gujarat
23.5,70.5,169,449,Kachchh,24,Gujarat
23.5,70.75,169,449,Kachchh,24,Gujarat
23.5,71.0,169,449,Kachchh,24,Gujarat
23.5,71.25,169,449,Kachchh,24,Gujarat
23.5,71.5,169,449,Kachchh,24,Gujarat
23.5,71.75,175,455,Patan,24,Gujarat
23.5,72.0,171,451,Mahesana,24,Gujarat
23.5,72.25,171,451,Mahesana,24,Gujarat
23.5,72.5,171,451,Mahesana,24,Gujarat
23.5,72.75,166,446,Gandhinagar,24,Gujarat
23.5,73.0,178,458,Sabar Kantha,24,Gujarat
23.5,73.25,186,672,Arvalli,24,Gujarat
23.5,73.5,186,672,Arvalli,24,Gujarat
23.5,73.75,518,099,Dungarpur,08,Rajasthan
23.5,74.0,518,099,Dungarpur,08,Rajasthan
23.5,74.25,507,088,Banswara,08,Rajasthan
23.5,74.5,507,088,Banswara,08,Rajasthan
23.5,74.75,411,423,Ratlam,23,Madhya Pradesh
23.5,75.0,411,423,Ratlam,23,Madhya Pradesh
23.5,75.25,423,435,Ujjain,23,Madhya Pradesh
23.5,75.5,423,435,Ujjain,23,Madhya Pradesh
23.5,75.75,423,435,Ujjain,23,Madhya Pradesh
23.5,76.0,423,435,Ujjain,23,Madhya Pradesh
23.5,76.25,418,430,Shajapur,23,Madhya Pradesh
23.5,76.5,418,430,Shajapur,23,Madhya Pradesh
23.5,76.75,410,422,Rajgarh,23,Madhya Pradesh
23.5,77.0,410,422,Rajgarh,23,Madhya Pradesh
23.5,77.25,415,427,Sehore,23,Madhya Pradesh
23.5,77.5,384,396,Bhopal,23,Madhya Pradesh
23.5,77.75,409,421,Raisen,23,Madhya Pradesh
23.5,78.0,425,437,Vidisha,23,Madhya Pradesh
23.5,78.25,409,421,Raisen,23,Madhya Pradesh
23.5,78.5,409,421,Raisen,23,Madhya Pradesh
23.5,78.75,413,425,Sagar,23,Madhya Pradesh
23.5,79.0,413,425,Sagar,23,Madhya Pradesh
23.5,79.25,413,425,Sagar,23,Madhya Pradesh
23.5,79.5,388,400,Damoh,23,Madhya Pradesh
23.5,79.75,388,400,Damoh,23,Madhya Pradesh
23.5,80.0,399,411,Jabalpur,23,Madhya Pradesh
23.5,80.25,401,413,Katni,23,Madhya Pradesh
23.5,80.5,401,413,Katni,23,Madhya Pradesh
23.5,80.75,424,436,Umaria,23,Madhya Pradesh
23.5,81.0,424,436,Umaria,23,Madhya Pradesh
23.5,81.25,424,436,Umaria,23,Madhya Pradesh
23.5,81.5,417,429,Shahdol,23,Madhya Pradesh
23.5,81.75,417,429,Shahdol,23,Madhya Pradesh
23.5,82.0,123,384,Korea,22,Chhattisgarh
23.5,82.25,123,384,Korea,22,Chhattisgarh
23.5,82.5,123,384,Korea,22,Chhattisgarh
23.5,82.75,137,648,Surajpur,22,Chhattisgarh
23.5,83.0,137,648,Surajpur,22,Chhattisgarh
23.5,83.25,137,648,Surajpur,22,Chhattisgarh
23.5,83.5,138,649,Balrampur,22,Chhattisgarh
23.5,83.75,138,649,Balrampur,22,Chhattisgarh
23.5,84.0,138,649,Balrampur,22,Chhattisgarh
23.5,84.25,238,335,Latehar,20,Jharkhand
23.5,84.5,239,336,Lohardaga,20,Jharkhand
23.5,84.75,239,336,Lohardaga,20,Jharkhand
23.5,85.0,242,339,Ranchi,20,Jharkhand
23.5,85.25,242,339,Ranchi,20,Jharkhand
23.5,85.5,242,339,Ranchi,20,Jharkhand
23.5,85.75,248,607,Ramgarh,20,Jharkhand
23.5,86.0,225,322,Bokaro,20,Jharkhand
23.5,86.25,225,322,Bokaro,20,Jharkhand
23.5,86.5,726,321,Purulia,19,West Bengal
23.5,86.75,726,321,Purulia,19,West Bengal
23.5,87.0,710,305,Bankura,19,West Bengal
23.5,87.25,710,305,Bankura,19,West Bengal
23.5,87.5,711,306,Purba Bardhaman,19,West Bengal
23.5,87.75,711,306,Purba Bardhaman,19,West Bengal
23.5,88.0,711,306,Purba Bardhaman,19,West Bengal
23.5,88.25,711,306,Purba Bardhaman,19,West Bengal
23.5,88.5,725,320,Nadia,19,West Bengal
23.5,88.75,,,,,
23.5,91.25,584,653,Sepahijala,16,Tripura
23.5,91.5,585,654,Gomati,16,Tripura
23.5,91.75,585,654,Gomati,16,Tripura
23.5,92.25,,,,,
23.5,92.5,435,266,Mamit,15,Mizoram
23.5,92.75,430,261,Aizawl,15,Mizoram
23.5,93.0,430,261,Aizawl,15,Mizoram
23.5,93.25,431,262,Champhai,15,Mizoram
23.75,68.0,,,,,
23.75,68.25,169,449,Kachchh,24,Gujarat
23.75,68.5,169,449,Kachchh,24,Gujarat
23.75,68.75,169,449,Kachchh,24,Gujarat
23.75,69.0,169,449,Kachchh,24,Gujarat
23.75,69.25,169,449,Kachchh,24,Gujarat
23.75,69.5,169,449,Kachchh,24,Gujarat
23.75,69.75,169,449,Kachchh,24,Gujarat
23.75,70.0,169,449,Kachchh,24,Gujarat
23.75,70.25,169,449,Kachchh,24,Gujarat
23.75,70.5,169,449,Kachchh,24,Gujarat
23.75,70.75,169,449,Kachchh,24,Gujarat
23.75,71.0,169,449,Kachchh,24,Gujarat
23.75,71.25,175,455,Patan,24,Gujarat
23.75,71.5,175,455,Patan,24,Gujarat
23.75,71.75,175,455,Patan,24,Gujarat
23.75,72.0,175,455,Patan,24,Gujarat
23.75,72.25,175,455,Patan,24,Gujarat
23.75,72.5,171,451,Mahesana,24,Gujarat
23.75,72.75,171,451,Mahesana,24,Gujarat
23.75,73.0,178,458,Sabar Kantha,24,Gujarat
23.75,73.25,186,672,Arvalli,24,Gujarat
23.75,73.5,518,099,Dungarpur,08,Rajasthan
23.75,73.75,518,099,Dungarpur,08,Rajasthan
23.75,74.0,518,099,Dungarpur,08,Rajasthan
23.75,74.25,507,088,Banswara,08,Rajasthan
23.75,74.5,507,088,Banswara,08,Rajasthan
23.75,74.75,537,629,Pratapgarh,08,Rajasthan
23.75,75.0,411,423,Ratlam,23,Madhya Pradesh
23.75,75.25,411,423,Ratlam,23,Madhya Pradesh
23.75,75.5,411,423,Ratlam,23,Madhya Pradesh
23.75,75.75,428,667,Agar Malwa,23,Madhya Pradesh
23.75,76.0,428,667,Agar Malwa,23,Madhya Pradesh
23.75,76.25,428,667,Agar Malwa,23,Madhya Pradesh
23.75,76.5,410,422,Rajgarh,23,Madhya Pradesh
23.75,76.75,410,422,Rajgarh,23,Madhya Pradesh
23.75,77.0,410,422,Rajgarh,23,Madhya Pradesh
23.75,77.25,384,396,Bhopal,23,Madhya Pradesh
23.75,77.5,384,396,Bhopal,23,Madhya Pradesh
23.75,77.75,425,437,Vidisha,23,Madhya Pradesh
23.75,78.0,425,437,Vidisha,23,Madhya Pradesh
23.75,78.25,425,437,Vidisha,23,Madhya Pradesh
23.75,78.5,413,425,Sagar,23,Madhya Pradesh
23.75,78.75,413,425,Sagar,23,Madhya Pradesh
23.75,79.0,413,425,Sagar,23,Madhya Pradesh
23.75,79.25,413,425,Sagar,23,Madhya Pradesh
23.75,79.5,388,400,Damoh,23,Madhya Pradesh
23.75,79.75,388,400,Damoh,23,Madhya Pradesh
23.75,80.0,401,413,Katni,23,Madhya Pradesh
23.75,80.25,401,413,Katni,23,Madhya Pradesh
23.75,80.5,401,413,Katni,23,Madhya Pradesh
23.75,80.75,401,413,Katni,23,Madhya Pradesh
23.75,81.0,424,436,Umaria,23,Madhya Pradesh
23.75,81.25,417,429,Shahdol,23,Madhya Pradesh
23.75,81.5,417,429,Shahdol,23,Madhya Pradesh
23.75,81.75,123,384,Korea,22,Chhattisgarh
23.75,82.0,123,384,Korea,22,Chhattisgarh
23.75,82.25,123,384,Korea,22,Chhattisgarh
23.75,82.5,123,384,Korea,22,Chhattisgarh
23.75,82.75,137,648,Surajpur,22,Chhattisgarh
23.75,83.0,137,648,Surajpur,22,Chhattisgarh
23.75,83.25,138,649,Balrampur,22,Chhattisgarh
23.75,83.5,138,649,Balrampur,22,Chhattisgarh
23.75,83.75,231,328,Garhwa,20,Jharkhand
23.75,84.0,231,328,Garhwa,20,Jharkhand
23.75,84.25,238,335,Latehar,20,Jharkhand
23.75,84.5,238,335,Latehar,20,Jharkhand
23.75,84.75,238,335,Latehar,20,Jharkhand
23.75,85.0,226,323,Chatra,20,Jharkhand
23.75,85.25,235,332,Hazaribagh,20,Jharkhand
23.75,85.5,248,607,Ramgarh,20,Jharkhand
23.75,85.75,225,322,Bokaro,20,Jharkhand
23.75,86.0,225,322,Bokaro,20,Jharkhand
23.75,86.25,228,325,Dhanbad,20,Jharkhand
23.75,86.5,228,325,Dhanbad,20,Jharkhand
23.75,86.75,228,325,Dhanbad,20,Jharkhand
23.75,87.0,730,704,Paschim Bardhaman,19,West Bengal
23.75,87.25,712,307,Birbhum,19,West Bengal
23.75,87.5,712,307,Birbhum,19,West Bengal
23.75,87.75,712,307,Birbhum,19,West Bengal
23.75,88.0,711,306,Purba Bardhaman,19,West Bengal
23.75,88.25,725,320,Nadia,19,West Bengal
23.75,88.5,725,320,Nadia,19,West Bengal
23.75,91.0,,,,,
23.75,91.25,582,272,West Tripura,16,Tripura
23.75,91.5,582,272,West Tripura,16,Tripura
23.75,91.75,583,652,Khowai,16,Tripura
23.75,92.0,579,269,Dhalai,16,Tripura
23.75,92.25,580,270,North Tripura,16,Tripura
23.75,92.5,435,266,Mamit,15,Mizoram
23.75,92.75,430,261,Aizawl,15,Mizoram
23.75,93.0,430,261,Aizawl,15,Mizoram
23.75,93.25,431,262,Champhai,15,Mizoram
24.0,68.0,,,,,
24.0,68.25,,,,,
24.0,68.5,,,,,
24.0,68.75,,,,,
24.0,69.0,169,449,Kachchh,24,Gujarat
24.0,69.25,169,449,Kachchh,24,Gujarat
24.0,69.5,169,449,Kachchh,24,Gujarat
24.0,69.75,169,449,Kachchh,24,Gujarat
24.0,70.0,169,449,Kachchh,24,Gujarat
24.0,70.25,169,449,Kachchh,24,Gujarat
24.0,70.5,169,449,Kachchh,24,Gujarat
24.0,70.75,169,449,Kachchh,24,Gujarat
24.0,71.0,169,449,Kachchh,24,Gujarat
24.0,71.25,169,449,Kachchh,24,Gujarat
24.0,71.5,161,441,Banas Kantha,24,Gujarat
24.0,71.75,161,441,Banas Kantha,24,Gujarat
24.0,72.0,161,441,Banas Kantha,24,Gujarat
24.0,72.25,175,455,Patan,24,Gujarat
24.0,72.5,161,441,Banas Kantha,24,Gujarat
24.0,72.75,171,451,Mahesana,24,Gujarat
24.0,73.0,178,458,Sabar Kantha,24,Gujarat
24.0,73.25,178,458,Sabar Kantha,24,Gujarat
24.0,73.5,536,117,Udaipur,08,Rajasthan
24.0,73.75,536,117,Udaipur,08,Rajasthan
24.0,74.0,536,117,Udaipur,08,Rajasthan
24.0,74.25,536,117,Udaipur,08,Rajasthan
24.0,74.5,537,629,Pratapgarh,08,Rajasthan
24.0,74.75,537,629,Pratapgarh,08,Rajasthan
24.0,75.0,404,416,Mandsaur,23,Madhya Pradesh
24.0,75.25,404,416,Mandsaur,23,Madhya Pradesh
24.0,75.5,524,105,Jhalawar,08,Rajasthan
24.0,75.75,404,416,Mandsaur,23,Madhya Pradesh
24.0,76.0,428,667,Agar Malwa,23,Madhya Pradesh
24.0,76.25,428,667,Agar Malwa,23,Madhya Pradesh
24.0,76.5,410,422,Rajgarh,23,Madhya Pradesh
24.0,76.75,410,422,Rajgarh,23,Madhya Pradesh
24.0,77.0,410,422,Rajgarh,23,Madhya Pradesh
24.0,77.25,394,406,Guna,23,Madhya Pradesh
24.0,77.5,425,437,Vidisha,23,Madhya Pradesh
24.0,77.75,425,437,Vidisha,23,Madhya Pradesh
24.0,78.0,425,437,Vidisha,23,Madhya Pradesh
24.0,78.25,425,437,Vidisha,23,Madhya Pradesh
24.0,78.5,413,425,Sagar,23,Madhya Pradesh
24.0,78.75,413,425,Sagar,23,Madhya Pradesh
24.0,79.0,413,425,Sagar,23,Madhya Pradesh
24.0,79.25,388,400,Damoh,23,Madhya Pradesh
24.0,79.5,388,400,Damoh,23,Madhya Pradesh
24.0,79.75,388,400,Damoh,23,Madhya Pradesh
24.0,80.0,408,420,Panna,23,Madhya Pradesh
24.0,80.25,408,420,Panna,23,Madhya Pradesh
24.0,80.5,401,413,Katni,23,Madhya Pradesh
24.0,80.75,401,413,Katni,23,Madhya Pradesh
24.0,81.0,424,436,Umaria,23,Madhya Pradesh
24.0,81.25,417,429,Shahdol,23,Madhya Pradesh
24.0,81.5,417,429,Shahdol,23,Madhya Pradesh
24.0,81.75,421,433,Sidhi,23,Madhya Pradesh
24.0,82.0,421,433,Sidhi,23,Madhya Pradesh
24.0,82.25,426,638,Singrauli,23,Madhya Pradesh
24.0,82.5,426,638,Singrauli,23,Madhya Pradesh
24.0,82.75,426,638,Singrauli,23,Madhya Pradesh
24.0,83.0,699,184,Sonbhadra,09,Uttar Pradesh
24.0,83.25,138,649,Balrampur,22,Chhattisgarh
24.0,83.5,138,649,Balrampur,22,Chhattisgarh
24.0,83.75,231,328,Garhwa,20,Jharkhand
24.0,84.0,241,338,Palamu,20,Jharkhand
24.0,84.25,241,338,Palamu,20,Jharkhand
24.0,84.5,241,338,Palamu,20,Jharkhand
24.0,84.75,238,335,Latehar,20,Jharkhand
24.0,85.0,226,323,Chatra,20,Jharkhand
24.0,85.25,235,332,Hazaribagh,20,Jharkhand
24.0,85.5,235,332,Hazaribagh,20,Jharkhand
24.0,85.75,235,332,Hazaribagh,20,Jharkhand
24.0,86.0,232,329,Giridih,20,Jharkhand
24.0,86.25,232,329,Giridih,20,Jharkhand
24.0,86.5,236,333,Jamtara,20,Jharkhand
24.0,86.75,236,333,Jamtara,20,Jharkhand
24.0,87.0,236,333,Jamtara,20,Jharkhand
24.0,87.25,712,307,Birbhum,19,West Bengal
24.0,87.5,712,307,Birbhum,19,West Bengal
24.0,87.75,712,307,Birbhum,19,West Bengal
24.0,88.0,724,319,Murshidabad,19,West Bengal
24.0,88.25,724,319,Murshidabad,19,West Bengal
24.0,88.5,724,319,Murshidabad,19,West Bengal
24.0,91.25,,,,,
24.0,91.5,583,652,Khowai,16,Tripura
24.0,91.75,583,652,Khowai,16,Tripura
24.0,92.0,579,269,Dhalai,16,Tripura
24.0,92.25,580,270,North Tripura,16,Tripura
24.0,92.5,435,266,Mamit,15,Mizoram
24.0,92.75,432,263,Kolasib,15,Mizoram
24.0,93.0,430,261,Aizawl,15,Mizoram
24.0,93.25,431,262,Champhai,15,Mizoram
24.0,93.5,364,254,Churachandpur,14,Manipur
24.0,93.75,,,,,
24.0,94.0,363,253,Chandel,14,Manipur
24.25,68.75,,,,,
24.25,69.0,,,,,
24.25,69.25,169,449,Kachchh,24,Gujarat
24.25,69.5,169,449,Kachchh,24,Gujarat
24.25,69.75,,,,,
24.25,70.0,,,,,
24.25,70.25,169,449,Kachchh,24,Gujarat
24.25,70.5,169,449,Kachchh,24,Gujarat
24.25,70.75,,,,,
24.25,71.0,169,449,Kachchh,24,Gujarat
24.25,71.25,169,449,Kachchh,24,Gujarat
24.25,71.5,161,441,Banas Kantha,24,Gujarat
24.25,71.75,161,441,Banas Kantha,24,Gujarat
24.25,72.0,161,441,Banas Kantha,24,Gujarat
24.25,72.25,161,441,Banas Kantha,24,Gujarat
24.25,72.5,161,441,Banas Kantha,24,Gujarat
24.25,72.75,161,441,Banas Kantha,24,Gujarat
24.25,73.0,161,441,Banas Kantha,24,Gujarat
24.25,73.25,536,117,Udaipur,08,Rajasthan
24.25,73.5,536,117,Udaipur,08,Rajasthan
24.25,73.75,536,117,Udaipur,08,Rajasthan
24.25,74.0,536,117,Udaipur,08,Rajasthan
24.25,74.25,536,117,Udaipur,08,Rajasthan
24.25,74.5,537,629,Pratapgarh,08,Rajasthan
24.25,74.75,407,419,Neemuch,23,Madhya Pradesh
24.25,75.0,404,416,Mandsaur,23,Madhya Pradesh
24.25,75.25,404,416,Mandsaur,23,Madhya Pradesh
24.25,75.5,404,416,Mandsaur,23,Madhya Pradesh
24.25,75.75,404,416,Mandsaur,23,Madhya Pradesh
24.25,76.0,524,105,Jhalawar,08,Rajasthan
24.25,76.25,524,105,Jhalawar,08,Rajasthan
24.25,76.5,524,105,Jhalawar,08,Rajasthan
24.25,76.75,524,105,Jhalawar,08,Rajasthan
24.25,77.0,394,406,Guna,23,Madhya Pradesh
24.25,77.25,394,406,Guna,23,Madhya Pradesh
24.25,77.5,425,437,Vidisha,23,Madhya Pradesh
24.25,77.75,425,437,Vidisha,23,Madhya Pradesh
24.25,78.0,379,391,Ashoknagar,23,Madhya Pradesh
24.25,78.25,413,425,Sagar,23,Madhya Pradesh
24.25,78.5,413,425,Sagar,23,Madhya Pradesh
24.25,78.75,676,161,Lalitpur,09,Uttar Pradesh
24.25,79.0,413,425,Sagar,23,Madhya Pradesh
24.25,79.25,386,398,Chhatarpur,23,Madhya Pradesh
24.25,79.5,388,400,Damoh,23,Madhya Pradesh
24.25,79.75,388,400,Damoh,23,Madhya Pradesh
24.25,80.0,408,420,Panna,23,Madhya Pradesh
24.25,80.25,408,420,Panna,23,Madhya Pradesh
24.25,80.5,408,420,Panna,23,Madhya Pradesh
24.25,80.75,414,426,Satna,23,Madhya Pradesh
24.25,81.0,414,426,Satna,23,Madhya Pradesh
24.25,81.25,414,426,Satna,23,Madhya Pradesh
24.25,81.5,421,433,Sidhi,23,Madhya Pradesh
24.25,81.75,421,433,Sidhi,23,Madhya Pradesh
24.25,82.0,421,433,Sidhi,23,Madhya Pradesh
24.25,82.25,426,638,Singrauli,23,Madhya Pradesh
24.25,82.5,426,638,Singrauli,23,Madhya Pradesh
24.25,82.75,426,638,Singrauli,23,Madhya Pradesh
24.25,83.0,699,184,Sonbhadra,09,Uttar Pradesh
24.25,83.25,699,184,Sonbhadra,09,Uttar Pradesh
24.25,83.5,231,328,Garhwa,20,Jharkhand
24.25,83.75,231,328,Garhwa,20,Jharkhand
24.25,84.0,241,338,Palamu,20,Jharkhand
24.25,84.25,241,338,Palamu,20,Jharkhand
24.25,84.5,226,323,Chatra,20,Jharkhand
24.25,84.75,226,323,Chatra,20,Jharkhand
24.25,85.0,226,323,Chatra,20,Jharkhand
24.25,85.25,226,323,Chatra,20,Jharkhand
24.25,85.5,235,332,Hazaribagh,20,Jharkhand
24.25,85.75,235,332,Hazaribagh,20,Jharkhand
24.25,86.0,232,329,Giridih,20,Jharkhand
24.25,86.25,232,329,Giridih,20,Jharkhand
24.25,86.5,232,329,Giridih,20,Jharkhand
24.25,86.75,227,324,Deoghar,20,Jharkhand
24.25,87.0,227,324,Deoghar,20,Jharkhand
24.25,87.25,229,326,Dumka,20,Jharkhand
24.25,87.5,229,326,Dumka,20,Jharkhand
24.25,87.75,712,307,Birbhum,19,West Bengal
24.25,88.0,712,307,Birbhum,19,West Bengal
24.25,88.25,724,319,Murshidabad,19,West Bengal
24.25,88.5,724,319,Murshidabad,19,West Bengal
24.25,91.25,,,,,
24.25,91.5,,,,,
24.25,91.75,,,,,
24.25,92.0,586,655,Unakoti,16,Tripura
24.25,92.25,580,270,North Tripura,16,Tripura
24.25,92.5,51,289,Hailakandi,18,Assam
24.25,92.75,432,263,Kolasib,15,Mizoram
24.25,93.0,430,261,Aizawl,15,Mizoram
24.25,93.25,375,715,Pherzawl,14,Manipur
24.25,93.5,364,254,Churachandpur,14,Manipur
24.25,93.75,364,254,Churachandpur,14,Manipur
24.25,94.0,363,253,Chandel,14,Manipur
24.25,94.25,376,716,Tengnoupal,14,Manipur
24.5,68.75,,,,,
24.5,69.25,,,,,
24.5,69.5,,,,,
24.5,70.0,,,,,
24.5,70.25,,,,,
24.5,70.5,,,,,
24.5,70.75,,,,,
24.5,71.0,,,,,
24.5,71.25,169,449,Kachchh,24,Gujarat
24.5,71.5,161,441,Banas Kantha,24,Gujarat
24.5,71.75,161,441,Banas Kantha,24,Gujarat
24.5,72.0,161,441,Banas Kantha,24,Gujarat
24.5,72.25,161,441,Banas Kantha,24,Gujarat
24.5,72.5,534,115,Sirohi,08,Rajasthan
24.5,72.75,534,115,Sirohi,08,Rajasthan
24.5,73.0,534,115,Sirohi,08,Rajasthan
24.5,73.25,536,117,Udaipur,08,Rajasthan
24.5,73.5,536,117,Udaipur,08,Rajasthan
24.5,73.75,536,117,Udaipur,08,Rajasthan
24.5,74.0,536,117,Udaipur,08,Rajasthan
24.5,74.25,514,095,Chittorgarh,08,Rajasthan
24.5,74.5,514,095,Chittorgarh,08,Rajasthan
24.5,74.75,407,419,Neemuch,23,Madhya Pradesh
24.5,75.0,407,419,Neemuch,23,Madhya Pradesh
24.5,75.25,407,419,Neemuch,23,Madhya Pradesh
24.5,75.5,407,419,Neemuch,23,Madhya Pradesh
24.5,75.75,404,416,Mandsaur,23,Madhya Pradesh
24.5,76.0,524,105,Jhalawar,08,Rajasthan
24.5,76.25,524,105,Jhalawar,08,Rajasthan
24.5,76.5,524,105,Jhalawar,08,Rajasthan
24.5,76.75,508,089,Baran,08,Rajasthan
24.5,77.0,508,089,Baran,08,Rajasthan
24.5,77.25,394,406,Guna,23,Madhya Pradesh
24.5,77.5,379,391,Ashoknagar,23,Madhya Pradesh
24.5,77.75,379,391,Ashoknagar,23,Madhya Pradesh
24.5,78.0,379,391,Ashoknagar,23,Madhya Pradesh
24.5,78.25,676,161,Lalitpur,09,Uttar Pradesh
24.5,78.5,676,161,Lalitpur,09,Uttar Pradesh
24.5,78.75,676,161,Lalitpur,09,Uttar Pradesh
24.5,79.0,422,434,Tikamgarh,23,Madhya Pradesh
24.5,79.25,386,398,Chhatarpur,23,Madhya Pradesh
24.5,79.5,386,398,Chhatarpur,23,Madhya Pradesh
24.5,79.75,386,398,Chhatarpur,23,Madhya Pradesh
24.5,80.0,408,420,Panna,23,Madhya Pradesh
24.5,80.25,408,420,Panna,23,Madhya Pradesh
24.5,80.5,414,426,Satna,23,Madhya Pradesh
24.5,80.75,414,426,Satna,23,Madhya Pradesh
24.5,81.0,414,426,Satna,23,Madhya Pradesh
24.5,81.25,412,424,Rewa,23,Madhya Pradesh
24.5,81.5,412,424,Rewa,23,Madhya Pradesh
24.5,81.75,412,424,Rewa,23,Madhya Pradesh
24.5,82.0,421,433,Sidhi,23,Madhya Pradesh
24.5,82.25,421,433,Sidhi,23,Madhya Pradesh
24.5,82.5,426,638,Singrauli,23,Madhya Pradesh
24.5,82.75,699,184,Sonbhadra,09,Uttar Pradesh
24.5,83.0,699,184,Sonbhadra,09,Uttar Pradesh
24.5,83.25,699,184,Sonbhadra,09,Uttar Pradesh
24.5,83.5,231,328,Garhwa,20,Jharkhand
24.5,83.75,231,328,Garhwa,20,Jharkhand
24.5,84.0,241,338,Palamu,20,Jharkhand
24.5,84.25,241,338,Palamu,20,Jharkhand
24.5,84.5,83,196,Gaya,10,Bihar
24.5,84.75,83,196,Gaya,10,Bihar
24.5,85.0,83,196,Gaya,10,Bihar
24.5,85.25,83,196,Gaya,10,Bihar
24.5,85.5,237,334,Koderma,20,Jharkhand
24.5,85.75,237,334,Koderma,20,Jharkhand
24.5,86.0,232,329,Giridih,20,Jharkhand
24.5,86.25,232,329,Giridih,20,Jharkhand
24.5,86.5,85,198,Jamui,10,Bihar
24.5,86.75,227,324,Deoghar,20,Jharkhand
24.5,87.0,229,326,Dumka,20,Jharkhand
24.5,87.25,229,326,Dumka,20,Jharkhand
24.5,87.5,229,326,Dumka,20,Jharkhand
24.5,87.75,240,337,Pakur,20,Jharkhand
24.5,88.0,724,319,Murshidabad,19,West Bengal
24.5,88.25,,,,,
24.5,88.5,,,,,
24.5,91.75,,,,,
24.5,92.0,,,,,
24.5,92.25,55,293,Karimganj,18,Assam
24.5,92.5,55,293,Karimganj,18,Assam
24.5,92.75,51,289,Hailakandi,18,Assam
24.5,93.0,44,282,Cachar,18,Assam
24.5,93.25,375,715,Pherzawl,14,Manipur
24.5,93.5,364,254,Churachandpur,14,Manipur
24.5,93.75,362,252,Bishnupur,14,Manipur
24.5,94.0,371,711,Kakching,14,Manipur
24.5,94.25,376,716,Tengnoupal,14,Manipur
24.75,71.0,,,,,
24.75,71.25,509,090,Barmer,08,Rajasthan
24.75,71.5,523,104,Jalore,08,Rajasthan
24.75,71.75,523,104,Jalore,08,Rajasthan
24.75,72.0,523,104,Jalore,08,Rajasthan
24.75,72.25,523,104,Jalore,08,Rajasthan
24.75,72.5,534,115,Sirohi,08,Rajasthan
24.75,72.75,534,115,Sirohi,08,Rajasthan
24.75,73.0,534,115,Sirohi,08,Rajasthan
24.75,73.25,536,117,Udaipur,08,Rajasthan
24.75,73.5,536,117,Udaipur,08,Rajasthan
24.75,73.75,531,112,Rajsamand,08,Rajasthan
24.75,74.0,536,117,Udaipur,08,Rajasthan
24.75,74.25,514,095,Chittorgarh,08,Rajasthan
24.75,74.5,514,095,Chittorgarh,08,Rajasthan
24.75,74.75,514,095,Chittorgarh,08,Rajasthan
24.75,75.0,514,095,Chittorgarh,08,Rajasthan
24.75,75.25,514,095,Chittorgarh,08,Rajasthan
24.75,75.5,514,095,Chittorgarh,08,Rajasthan
24.75,75.75,404,416,Mandsaur,23,Madhya Pradesh
24.75,76.0,528,109,Kota,08,Rajasthan
24.75,76.25,524,105,Jhalawar,08,Rajasthan
24.75,76.5,508,089,Baran,08,Rajasthan
24.75,76.75,508,089,Baran,08,Rajasthan
24.75,77.0,394,406,Guna,23,Madhya Pradesh
24.75,77.25,394,406,Guna,23,Madhya Pradesh
24.75,77.5,394,406,Guna,23,Madhya Pradesh
24.75,77.75,379,391,Ashoknagar,23,Madhya Pradesh
24.75,78.0,379,391,Ashoknagar,23,Madhya Pradesh
24.75,78.25,676,161,Lalitpur,09,Uttar Pradesh
24.75,78.5,676,161,Lalitpur,09,Uttar Pradesh
24.75,78.75,676,161,Lalitpur,09,Uttar Pradesh
24.75,79.0,422,434,Tikamgarh,23,Madhya Pradesh
24.75,79.25,422,434,Tikamgarh,23,Madhya Pradesh
24.75,79.5,386,398,Chhatarpur,23,Madhya Pradesh
24.75,79.75,386,398,Chhatarpur,23,Madhya Pradesh
24.75,80.0,386,398,Chhatarpur,23,Madhya Pradesh
24.75,80.25,408,420,Panna,23,Madhya Pradesh
24.75,80.5,414,426,Satna,23,Madhya Pradesh
24.75,80.75,414,426,Satna,23,Madhya Pradesh
24.75,81.0,414,426,Satna,23,Madhya Pradesh
24.75,81.25,412,424,Rewa,23,Madhya Pradesh
24.75,81.5,412,424,Rewa,23,Madhya Pradesh
24.75,81.75,412,424,Rewa,23,Madhya Pradesh
24.75,82.0,412,424,Rewa,23,Madhya Pradesh
24.75,82.25,412,424,Rewa,23,Madhya Pradesh
24.75,82.5,685,170,Mirzapur,09,Uttar Pradesh
24.75,82.75,699,184,Sonbhadra,09,Uttar Pradesh
24.75,83.0,699,184,Sonbhadra,09,Uttar Pradesh
24.75,83.25,650,135,Chandauli,09,Uttar Pradesh
24.75,83.5,87,200,Kaimur (Bhabua),10,Bihar
24.75,83.75,87,200,Kaimur (Bhabua),10,Bihar
24.75,84.0,102,215,Rohtas,10,Bihar
24.75,84.25,76,189,Aurangabad,10,Bihar
24.75,84.5,76,189,Aurangabad,10,Bihar
24.75,84.75,83,196,Gaya,10,Bihar
24.75,85.0,83,196,Gaya,10,Bihar
24.75,85.25,83,196,Gaya,10,Bihar
24.75,85.5,97,210,Nawada,10,Bihar
24.75,85.75,237,334,Koderma,20,Jharkhand
24.75,86.0,232,329,Giridih,20,Jharkhand
24.75,86.25,85,198,Jamui,10,Bihar
24.75,86.5,85,198,Jamui,10,Bihar
24.75,86.75,77,190,Banka,10,Bihar
24.75,87.0,77,190,Banka,10,Bihar
24.75,87.25,233,330,Godda,20,Jharkhand
24.75,87.5,240,337,Pakur,20,Jharkhand
24.75,87.75,240,337,Pakur,20,Jharkhand
24.75,88.0,721,316,Maldah,19,West Bengal
24.75,92.25,,,,,
24.75,92.5,55,293,Karimganj,18,Assam
24.75,92.75,44,282,Cachar,18,Assam
24.75,93.0,44,282,Cachar,18,Assam
24.75,93.25,368,258,Tamenglong,14,Manipur
24.75,93.5,374,714,Noney,14,Manipur
24.75,93.75,372,712,Kangpokpi,14,Manipur
24.75,94.0,372,712,Kangpokpi,14,Manipur
24.75,94.25,377,717,Kamjong,14,Manipur
24.75,94.5,377,717,Kamjong,14,Manipur
25.0,70.75,,,,,
25.0,71.0,509,090,Barmer,08,Rajasthan
25.0,71.25,509,090,Barmer,08,Rajasthan
25.0,71.5,523,104,Jalore,08,Rajasthan
25.0,71.75,523,104,Jalore,08,Rajasthan
25.0,72.0,523,104,Jalore,08,Rajasthan
25.0,72.25,523,104,Jalore,08,Rajasthan
25.0,72.5,523,104,Jalore,08,Rajasthan
25.0,72.75,534,115,Sirohi,08,Rajasthan
25.0,73.0,534,115,Sirohi,08,Rajasthan
25.0,73.25,530,111,Pali,08,Rajasthan
25.0,73.5,536,117,Udaipur,08,Rajasthan
25.0,73.75,531,112,Rajsamand,08,Rajasthan
25.0,74.0,531,112,Rajsamand,08,Rajasthan
25.0,74.25,531,112,Rajsamand,08,Rajasthan
25.0,74.5,514,095,Chittorgarh,08,Rajasthan
25.0,74.75,514,095,Chittorgarh,08,Rajasthan
25.0,75.0,514,095,Chittorgarh,08,Rajasthan
25.0,75.25,407,419,Neemuch,23,Madhya Pradesh
25.0,75.5,514,095,Chittorgarh,08,Rajasthan
25.0,75.75,528,109,Kota,08,Rajasthan
25.0,76.0,528,109,Kota,08,Rajasthan
25.0,76.25,528,109,Kota,08,Rajasthan
25.0,76.5,508,089,Baran,08,Rajasthan
25.0,76.75,508,089,Baran,08,Rajasthan
25.0,77.0,394,406,Guna,23,Madhya Pradesh
25.0,77.25,394,406,Guna,23,Madhya Pradesh
25.0,77.5,420,432,Shivpuri,23,Madhya Pradesh
25.0,77.75,420,432,Shivpuri,23,Madhya Pradesh
25.0,78.0,420,432,Shivpuri,23,Madhya Pradesh
25.0,78.25,420,432,Shivpuri,23,Madhya Pradesh
25.0,78.5,676,161,Lalitpur,09,Uttar Pradesh
25.0,78.75,422,434,Tikamgarh,23,Madhya Pradesh
25.0,79.0,422,434,Tikamgarh,23,Madhya Pradesh
25.0,79.25,422,434,Tikamgarh,23,Madhya Pradesh
25.0,79.5,386,398,Chhatarpur,23,Madhya Pradesh
25.0,79.75,386,398,Chhatarpur,23,Madhya Pradesh
25.0,80.0,386,398,Chhatarpur,23,Madhya Pradesh
25.0,80.25,408,420,Panna,23,Madhya Pradesh
25.0,80.5,414,426,Satna,23,Madhya Pradesh
25.0,80.75,414,426,Satna,23,Madhya Pradesh
25.0,81.0,651,136,Chitrakoot,09,Uttar Pradesh
25.0,81.25,412,424,Rewa,23,Madhya Pradesh
25.0,81.5,412,424,Rewa,23,Madhya Pradesh
25.0,81.75,412,424,Rewa,23,Madhya Pradesh
25.0,82.0,635,120,Prayagraj,09,Uttar Pradesh
25.0,82.25,635,120,Prayagraj,09,Uttar Pradesh
25.0,82.5,685,170,Mirzapur,09,Uttar Pradesh
25.0,82.75,685,170,Mirzapur,09,Uttar Pradesh
25.0,83.0,685,170,Mirzapur,09,Uttar Pradesh
25.0,83.25,650,135,Chandauli,09,Uttar Pradesh
25.0,83.5,87,200,Kaimur (Bhabua),10,Bihar
25.0,83.75,87,200,Kaimur (Bhabua),10,Bihar
25.0,84.0,102,215,Rohtas,10,Bihar
25.0,84.25,102,215,Rohtas,10,Bihar
25.0,84.5,76,189,Aurangabad,10,Bihar
25.0,84.75,83,196,Gaya,10,Bihar
25.0,85.0,83,196,Gaya,10,Bihar
25.0,85.25,83,196,Gaya,10,Bihar
25.0,85.5,97,210,Nawada,10,Bihar
25.0,85.75,97,210,Nawada,10,Bihar
25.0,86.0,91,204,Lakhisarai,10,Bihar
25.0,86.25,85,198,Jamui,10,Bihar
25.0,86.5,94,207,Munger,10,Bihar
25.0,86.75,77,190,Banka,10,Bihar
25.0,87.0,77,190,Banka,10,Bihar
25.0,87.25,233,330,Godda,20,Jharkhand
25.0,87.5,243,340,Sahebganj,20,Jharkhand
25.0,87.75,243,340,Sahebganj,20,Jharkhand
25.0,88.0,721,316,Maldah,19,West Bengal
25.0,88.25,721,316,Maldah,19,West Bengal
25.0,92.25,,,,,
25.0,92.5,44,282,Cachar,18,Assam
25.0,92.75,44,282,Cachar,18,Assam
25.0,93.0,44,282,Cachar,18,Assam
25.0,93.25,61,299,Dima Hasao,18,Assam
25.0,93.5,368,258,Tamenglong,14,Manipur
25.0,93.75,368,258,Tamenglong,14,Manipur
25.0,94.0,372,712,Kangpokpi,14,Manipur
25.0,94.25,370,260,Ukhrul,14,Manipur
25.0,94.5,377,717,Kamjong,14,Manipur
25.25,70.75,,,,,
25.25,71.0,509,090,Barmer,08,Rajasthan
25.25,71.25,509,090,Barmer,08,Rajasthan
25.25,71.5,509,090,Barmer,08,Rajasthan
25.25,71.75,509,090,Barmer,08,Rajasthan
25.25,72.0,523,104,Jalore,08,Rajasthan
25.25,72.25,523,104,Jalore,08,Rajasthan
25.25,72.5,523,104,Jalore,08,Rajasthan
25.25,72.75,523,104,Jalore,08,Rajasthan
25.25,73.0,530,111,Pali,08,Rajasthan
25.25,73.25,530,111,Pali,08,Rajasthan
25.25,73.5,530,111,Pali,08,Rajasthan
25.25,73.75,531,112,Rajsamand,08,Rajasthan
25.25,74.0,531,112,Rajsamand,08,Rajasthan
25.25,74.25,511,092,Bhilwara,08,Rajasthan
25.25,74.5,511,092,Bhilwara,08,Rajasthan
25.25,74.75,511,092,Bhilwara,08,Rajasthan
25.25,75.0,511,092,Bhilwara,08,Rajasthan
25.25,75.25,511,092,Bhilwara,08,Rajasthan
25.25,75.5,513,094,Bundi,08,Rajasthan
25.25,75.75,513,094,Bundi,08,Rajasthan
25.25,76.0,528,109,Kota,08,Rajasthan
25.25,76.25,528,109,Kota,08,Rajasthan
25.25,76.5,508,089,Baran,08,Rajasthan
25.25,76.75,508,089,Baran,08,Rajasthan
25.25,77.0,508,089,Baran,08,Rajasthan
25.25,77.25,508,089,Baran,08,Rajasthan
25.25,77.5,420,432,Shivpuri,23,Madhya Pradesh
25.25,77.75,420,432,Shivpuri,23,Madhya Pradesh
25.25,78.0,420,432,Shivpuri,23,Madhya Pradesh
25.25,78.25,420,432,Shivpuri,23,Madhya Pradesh
25.25,78.5,668,153,Jhansi,09,Uttar Pradesh
25.25,78.75,429,722,Niwari,23,Madhya Pradesh
25.25,79.0,422,434,Tikamgarh,23,Madhya Pradesh
25.25,79.25,668,153,Jhansi,09,Uttar Pradesh
25.25,79.5,680,165,Mahoba,09,Uttar Pradesh
25.25,79.75,680,165,Mahoba,09,Uttar Pradesh
25.25,80.0,386,398,Chhatarpur,23,Madhya Pradesh
25.25,80.25,386,398,Chhatarpur,23,Madhya Pradesh
25.25,80.5,643,128,Banda,09,Uttar Pradesh
25.25,80.75,651,136,Chitrakoot,09,Uttar Pradesh
25.25,81.0,651,136,Chitrakoot,09,Uttar Pradesh
25.25,81.25,651,136,Chitrakoot,09,Uttar Pradesh
25.25,81.5,651,136,Chitrakoot,09,Uttar Pradesh
25.25,81.75,635,120,Prayagraj,09,Uttar Pradesh
25.25,82.0,635,120,Prayagraj,09,Uttar Pradesh
25.25,82.25,694,179,Bhadohi,09,Uttar Pradesh
25.25,82.5,694,179,Bhadohi,09,Uttar Pradesh
25.25,82.75,702,187,Varanasi,09,Uttar Pradesh
25.25,83.0,702,187,Varanasi,09,Uttar Pradesh
25.25,83.25,650,135,Chandauli,09,Uttar Pradesh
25.25,83.5,87,200,Kaimur (Bhabua),10,Bihar
25.25,83.75,87,200,Kaimur (Bhabua),10,Bihar
25.25,84.0,102,215,Rohtas,10,Bihar
25.25,84.25,102,215,Rohtas,10,Bihar
25.25,84.5,80,193,Bhojpur,10,Bihar
25.25,84.75,112,611,Arwal,10,Bihar
25.25,85.0,86,199,Jehanabad,10,Bihar
25.25,85.25,96,209,Nalanda,10,Bihar
25.25,85.5,96,209,Nalanda,10,Bihar
25.25,85.75,106,219,Sheikhpura,10,Bihar
25.25,86.0,91,204,Lakhisarai,10,Bihar
25.25,86.25,91,204,Lakhisarai,10,Bihar
25.25,86.5,94,207,Munger,10,Bihar
25.25,86.75,79,192,Bhagalpur,10,Bihar
25.25,87.0,79,192,Bhagalpur,10,Bihar
25.25,87.25,79,192,Bhagalpur,10,Bihar
25.25,87.5,243,340,Sahebganj,20,Jharkhand
25.25,87.75,88,201,Katihar,10,Bihar
25.25,88.0,721,316,Maldah,19,West Bengal
25.25,88.25,721,316,Maldah,19,West Bengal
25.25,88.5,715,310,Dinajpur Dakshin,19,West Bengal
25.25,88.75,715,310,Dinajpur Dakshin,19,West Bengal
25.25,90.25,356,278,West Garo Hills,17,Meghalaya
25.25,90.5,355,277,South Garo Hills,17,Meghalaya
25.25,90.75,355,277,South Garo Hills,17,Meghalaya
25.25,91.0,360,658,South West Khasi Hills,17,Meghalaya
25.25,91.25,360,658,South West Khasi Hills,17,Meghalaya
25.25,91.5,352,274,East Khasi Hills,17,Meghalaya
25.25,91.75,352,274,East Khasi Hills,17,Meghalaya
25.25,92.0,353,275,West Jaintia Hills,17,Meghalaya
25.25,92.25,359,657,East Jaintia Hills,17,Meghalaya
25.25,92.5,359,657,East Jaintia Hills,17,Meghalaya
25.25,92.75,359,657,East Jaintia Hills,17,Meghalaya
25.25,93.0,61,299,Dima Hasao,18,Assam
25.25,93.25,61,299,Dima Hasao,18,Assam
25.25,93.5,368,258,Tamenglong,14,Manipur
25.25,93.75,368,258,Tamenglong,14,Manipur
25.25,94.0,372,712,Kangpokpi,14,Manipur
25.25,94.25,367,257,Senapati,14,Manipur
25.25,94.5,370,260,Ukhrul,14,Manipur
25.5,70.5,,,,,
25.5,70.75,509,090,Barmer,08,Rajasthan
25.5,71.0,509,090,Barmer,08,Rajasthan
25.5,71.25,509,090,Barmer,08,Rajasthan
25.5,71.5,509,090,Barmer,08,Rajasthan
25.5,71.75,509,090,Barmer,08,Rajasthan
25.5,72.0,509,090,Barmer,08,Rajasthan
25.5,72.25,509,090,Barmer,08,Rajasthan
25.5,72.5,509,090,Barmer,08,Rajasthan
25.5,72.75,523,104,Jalore,08,Rajasthan
25.5,73.0,523,104,Jalore,08,Rajasthan
25.5,73.25,530,111,Pali,08,Rajasthan
25.5,73.5,530,111,Pali,08,Rajasthan
25.5,73.75,530,111,Pali,08,Rajasthan
25.5,74.0,531,112,Rajsamand,08,Rajasthan
25.5,74.25,511,092,Bhilwara,08,Rajasthan
25.5,74.5,511,092,Bhilwara,08,Rajasthan
25.5,74.75,511,092,Bhilwara,08,Rajasthan
25.5,75.0,511,092,Bhilwara,08,Rajasthan
25.5,75.25,511,092,Bhilwara,08,Rajasthan
25.5,75.5,513,094,Bundi,08,Rajasthan
25.5,75.75,513,094,Bundi,08,Rajasthan
25.5,76.0,513,094,Bundi,08,Rajasthan
25.5,76.25,528,109,Kota,08,Rajasthan
25.5,76.5,528,109,Kota,08,Rajasthan
25.5,76.75,419,431,Sheopur,23,Madhya Pradesh
25.5,77.0,419,431,Sheopur,23,Madhya Pradesh
25.5,77.25,420,432,Shivpuri,23,Madhya Pradesh
25.5,77.5,420,432,Shivpuri,23,Madhya Pradesh
25.5,77.75,420,432,Shivpuri,23,Madhya Pradesh
25.5,78.0,420,432,Shivpuri,23,Madhya Pradesh
25.5,78.25,420,432,Shivpuri,23,Madhya Pradesh
25.5,78.5,668,153,Jhansi,09,Uttar Pradesh
25.5,78.75,668,153,Jhansi,09,Uttar Pradesh
25.5,79.0,668,153,Jhansi,09,Uttar Pradesh
25.5,79.25,668,153,Jhansi,09,Uttar Pradesh
25.5,79.5,664,149,Hamirpur,09,Uttar Pradesh
25.5,79.75,680,165,Mahoba,09,Uttar Pradesh
25.5,80.0,680,165,Mahoba,09,Uttar Pradesh
25.5,80.25,643,128,Banda,09,Uttar Pradesh
25.5,80.5,643,128,Banda,09,Uttar Pradesh
25.5,80.75,643,128,Banda,09,Uttar Pradesh
25.5,81.0,643,128,Banda,09,Uttar Pradesh
25.5,81.25,657,142,Fatehpur,09,Uttar Pradesh
25.5,81.5,673,158,Kaushambi,09,Uttar Pradesh
25.5,81.75,635,120,Prayagraj,09,Uttar Pradesh
25.5,82.0,635,120,Prayagraj,09,Uttar Pradesh
25.5,82.25,635,120,Prayagraj,09,Uttar Pradesh
25.5,82.5,667,152,Jaunpur,09,Uttar Pradesh
25.5,82.75,702,187,Varanasi,09,Uttar Pradesh
25.5,83.0,702,187,Varanasi,09,Uttar Pradesh
25.5,83.25,650,135,Chandauli,09,Uttar Pradesh
25.5,83.5,661,146,Ghazipur,09,Uttar Pradesh
25.5,83.75,661,146,Ghazipur,09,Uttar Pradesh
25.5,84.0,81,194,Buxar,10,Bihar
25.5,84.25,81,194,Buxar,10,Bihar
25.5,84.5,80,193,Bhojpur,10,Bihar
25.5,84.75,80,193,Bhojpur,10,Bihar
25.5,85.0,99,212,Patna,10,Bihar
25.5,85.25,99,212,Patna,10,Bihar
25.5,85.5,99,212,Patna,10,Bihar
25.5,85.75,99,212,Patna,10,Bihar
25.5,86.0,78,191,Begusarai,10,Bihar
25.5,86.25,78,191,Begusarai,10,Bihar
25.5,86.5,89,202,Khagaria,10,Bihar
25.5,86.75,89,202,Khagaria,10,Bihar
25.5,87.0,92,205,Madhepura,10,Bihar
25.5,87.25,88,201,Katihar,10,Bihar
25.5,87.5,88,201,Katihar,10,Bihar
25.5,87.75,88,201,Katihar,10,Bihar
25.5,88.0,88,201,Katihar,10,Bihar
25.5,88.25,716,311,Dinajpur Uttar,19,West Bengal
25.5,88.5,715,310,Dinajpur Dakshin,19,West Bengal
25.5,88.75,,,,,
25.5,89.75,,,,,
25.5,90.0,361,663,South West Garo Hills,17,Meghalaya
25.5,90.25,356,278,West Garo Hills,17,Meghalaya
25.5,90.5,351,273,East Garo Hills,17,Meghalaya
25.5,90.75,355,277,South Garo Hills,17,Meghalaya
25.5,91.0,357,279,West Khasi Hills,17,Meghalaya
25.5,91.25,357,279,West Khasi Hills,17,Meghalaya
25.5,91.5,357,279,West Khasi Hills,17,Meghalaya
25.5,91.75,352,274,East Khasi Hills,17,Meghalaya
25.5,92.0,352,274,East Khasi Hills,17,Meghalaya
25.5,92.25,353,275,West Jaintia Hills,17,Meghalaya
25.5,92.5,353,275,West Jaintia Hills,17,Meghalaya
25.5,92.75,61,299,Dima Hasao,18,Assam
25.5,93.0,61,299,Dima Hasao,18,Assam
25.5,93.25,61,299,Dima Hasao,18,Assam
25.5,93.5,446,613,Peren,13,Nagaland
25.5,93.75,446,613,Peren,13,Nagaland
25.5,94.0,367,257,Senapati,14,Manipur
25.5,94.25,442,248,Phek,13,Nagaland
25.5,94.5,370,260,Ukhrul,14,Manipur
25.75,70.25,,,,,
25.75,70.5,509,090,Barmer,08,Rajasthan
25.75,70.75,509,090,Barmer,08,Rajasthan
25.75,71.0,509,090,Barmer,08,Rajasthan
25.75,71.25,509,090,Barmer,08,Rajasthan
25.75,71.5,509,090,Barmer,08,Rajasthan
25.75,71.75,509,090,Barmer,08,Rajasthan
25.75,72.0,509,090,Barmer,08,Rajasthan
25.75,72.25,509,090,Barmer,08,Rajasthan
25.75,72.5,509,090,Barmer,08,Rajasthan
25.75,72.75,523,104,Jalore,08,Rajasthan
25.75,73.0,530,111,Pali,08,Rajasthan
25.75,73.25,530,111,Pali,08,Rajasthan
25.75,73.5,530,111,Pali,08,Rajasthan
25.75,73.75,530,111,Pali,08,Rajasthan
25.75,74.0,505,086,Ajmer,08,Rajasthan
25.75,74.25,511,092,Bhilwara,08,Rajasthan
25.75,74.5,511,092,Bhilwara,08,Rajasthan
25.75,74.75,511,092,Bhilwara,08,Rajasthan
25.75,75.0,511,092,Bhilwara,08,Rajasthan
25.75,75.25,505,086,Ajmer,08,Rajasthan
25.75,75.5,535,116,Tonk,08,Rajasthan
25.75,75.75,513,094,Bundi,08,Rajasthan
25.75,76.0,513,094,Bundi,08,Rajasthan
25.75,76.25,513,094,Bundi,08,Rajasthan
25.75,76.5,528,109,Kota,08,Rajasthan
25.75,76.75,419,431,Sheopur,23,Madhya Pradesh
25.75,77.0,419,431,Sheopur,23,Madhya Pradesh
25.75,77.25,419,431,Sheopur,23,Madhya Pradesh
25.75,77.5,420,432,Shivpuri,23,Madhya Pradesh
25.75,77.75,420,432,Shivpuri,23,Madhya Pradesh
25.75,78.0,395,407,Gwalior,23,Madhya Pradesh
25.75,78.25,420,432,Shivpuri,23,Madhya Pradesh
25.75,78.5,389,401,Datia,23,Madhya Pradesh
25.75,78.75,389,401,Datia,23,Madhya Pradesh
25.75,79.0,668,153,Jhansi,09,Uttar Pradesh
25.75,79.25,668,153,Jhansi,09,Uttar Pradesh
25.75,79.5,664,149,Hamirpur,09,Uttar Pradesh
25.75,79.75,664,149,Hamirpur,09,Uttar Pradesh
25.75,80.0,664,149,Hamirpur,09,Uttar Pradesh
25.75,80.25,664,149,Hamirpur,09,Uttar Pradesh
25.75,80.5,643,128,Banda,09,Uttar Pradesh
25.75,80.75,657,142,Fatehpur,09,Uttar Pradesh
25.75,81.0,657,142,Fatehpur,09,Uttar Pradesh
25.75,81.25,673,158,Kaushambi,09,Uttar Pradesh
25.75,81.5,689,174,Pratapgarh,09,Uttar Pradesh
25.75,81.75,689,174,Pratapgarh,09,Uttar Pradesh
25.75,82.0,689,174,Pratapgarh,09,Uttar Pradesh
25.75,82.25,667,152,Jaunpur,09,Uttar Pradesh
25.75,82.5,667,152,Jaunpur,09,Uttar Pradesh
25.75,82.75,667,152,Jaunpur,09,Uttar Pradesh
25.75,83.0,638,123,Azamgarh,09,Uttar Pradesh
25.75,83.25,661,146,Ghazipur,09,Uttar Pradesh
25.75,83.5,661,146,Ghazipur,09,Uttar Pradesh
25.75,83.75,661,146,Ghazipur,09,Uttar Pradesh
25.75,84.0,641,126,Ballia,09,Uttar Pradesh
25.75,84.25,641,126,Ballia,09,Uttar Pradesh
25.75,84.5,641,126,Ballia,09,Uttar Pradesh
25.75,84.75,105,218,Saran,10,Bihar
25.75,85.0,105,218,Saran,10,Bihar
25.75,85.25,111,224,Vaishali,10,Bihar
25.75,85.5,111,224,Vaishali,10,Bihar
25.75,85.75,104,217,Samastipur,10,Bihar
25.75,86.0,104,217,Samastipur,10,Bihar
25.75,86.25,104,217,Samastipur,10,Bihar
25.75,86.5,103,216,Saharsa,10,Bihar
25.75,86.75,103,216,Saharsa,10,Bihar
25.75,87.0,92,205,Madhepura,10,Bihar
25.75,87.25,101,214,Purnia,10,Bihar
25.75,87.5,101,214,Purnia,10,Bihar
25.75,87.75,88,201,Katihar,10,Bihar
25.75,88.0,716,311,Dinajpur Uttar,19,West Bengal
25.75,88.25,716,311,Dinajpur Uttar,19,West Bengal
25.75,89.75,,,,,
25.75,90.0,356,278,West Garo Hills,17,Meghalaya
25.75,90.25,356,278,West Garo Hills,17,Meghalaya
25.75,90.5,351,273,East Garo Hills,17,Meghalaya
25.75,90.75,351,273,East Garo Hills,17,Meghalaya
25.75,91.0,357,279,West Khasi Hills,17,Meghalaya
25.75,91.25,53,291,Kamrup,18,Assam
25.75,91.5,357,279,West Khasi Hills,17,Meghalaya
25.75,91.75,357,279,West Khasi Hills,17,Meghalaya
25.75,92.0,354,276,Ri Bhoi,17,Meghalaya
25.75,92.25,74,710,West Karbi Anglong,18,Assam
25.75,92.5,74,710,West Karbi Anglong,18,Assam
25.75,92.75,74,710,West Karbi Anglong,18,Assam
25.75,93.0,61,299,Dima Hasao,18,Assam
25.75,93.25,54,292,Karbi Anglong,18,Assam
25.75,93.5,54,292,Karbi Anglong,18,Assam
25.75,93.75,438,244,Dimapur,13,Nagaland
25.75,94.0,439,245,Kohima,13,Nagaland
25.75,94.25,439,245,Kohima,13,Nagaland
25.75,94.5,442,248,Phek,13,Nagaland
25.75,94.75,442,248,Phek,13,Nagaland
25.75,95.0,447,614,Kiphire,13,Nagaland
26.0,70.0,,,,,
26.0,70.25,509,090,Barmer,08,Rajasthan
26.0,70.5,509,090,Barmer,08,Rajasthan
26.0,70.75,509,090,Barmer,08,Rajasthan
26.0,71.0,509,090,Barmer,08,Rajasthan
26.0,71.25,509,090,Barmer,08,Rajasthan
26.0,71.5,509,090,Barmer,08,Rajasthan
26.0,71.75,509,090,Barmer,08,Rajasthan
26.0,72.0,509,090,Barmer,08,Rajasthan
26.0,72.25,509,090,Barmer,08,Rajasthan
26.0,72.5,509,090,Barmer,08,Rajasthan
26.0,72.75,526,107,Jodhpur,08,Rajasthan
26.0,73.0,526,107,Jodhpur,08,Rajasthan
26.0,73.25,530,111,Pali,08,Rajasthan
26.0,73.5,530,111,Pali,08,Rajasthan
26.0,73.75,530,111,Pali,08,Rajasthan
26.0,74.0,530,111,Pali,08,Rajasthan
26.0,74.25,505,086,Ajmer,08,Rajasthan
26.0,74.5,505,086,Ajmer,08,Rajasthan
26.0,74.75,505,086,Ajmer,08,Rajasthan
26.0,75.0,505,086,Ajmer,08,Rajasthan
26.0,75.25,505,086,Ajmer,08,Rajasthan
26.0,75.5,535,116,Tonk,08,Rajasthan
26.0,75.75,535,116,Tonk,08,Rajasthan
26.0,76.0,535,116,Tonk,08,Rajasthan
26.0,76.25,532,113,Sawai Madhopur,08,Rajasthan
26.0,76.5,532,113,Sawai Madhopur,08,Rajasthan
26.0,76.75,532,113,Sawai Madhopur,08,Rajasthan
26.0,77.0,419,431,Sheopur,23,Madhya Pradesh
26.0,77.25,419,431,Sheopur,23,Madhya Pradesh
26.0,77.5,419,431,Sheopur,23,Madhya Pradesh
26.0,77.75,395,407,Gwalior,23,Madhya Pradesh
26.0,78.0,395,407,Gwalior,23,Madhya Pradesh
26.0,78.25,395,407,Gwalior,23,Madhya Pradesh
26.0,78.5,395,407,Gwalior,23,Madhya Pradesh
26.0,78.75,389,401,Datia,23,Madhya Pradesh
26.0,79.0,666,151,Jalaun,09,Uttar Pradesh
26.0,79.25,666,151,Jalaun,09,Uttar Pradesh
26.0,79.5,666,151,Jalaun,09,Uttar Pradesh
26.0,79.75,666,151,Jalaun,09,Uttar Pradesh
26.0,80.0,664,149,Hamirpur,09,Uttar Pradesh
26.0,80.25,657,142,Fatehpur,09,Uttar Pradesh
26.0,80.5,657,142,Fatehpur,09,Uttar Pradesh
26.0,80.75,657,142,Fatehpur,09,Uttar Pradesh
26.0,81.0,657,142,Fatehpur,09,Uttar Pradesh
26.0,81.25,690,175,Rae Bareli,09,Uttar Pradesh
26.0,81.5,690,175,Rae Bareli,09,Uttar Pradesh
26.0,81.75,689,174,Pratapgarh,09,Uttar Pradesh
26.0,82.0,689,174,Pratapgarh,09,Uttar Pradesh
26.0,82.25,689,174,Pratapgarh,09,Uttar Pradesh
26.0,82.5,700,185,Sultanpur,09,Uttar Pradesh
26.0,82.75,638,123,Azamgarh,09,Uttar Pradesh
26.0,83.0,638,123,Azamgarh,09,Uttar Pradesh
26.0,83.25,638,123,Azamgarh,09,Uttar Pradesh
26.0,83.5,683,168,Mau,09,Uttar Pradesh
26.0,83.75,683,168,Mau,09,Uttar Pradesh
26.0,84.0,641,126,Ballia,09,Uttar Pradesh
26.0,84.25,109,222,Siwan,10,Bihar
26.0,84.5,105,218,Saran,10,Bihar
26.0,84.75,105,218,Saran,10,Bihar
26.0,85.0,105,218,Saran,10,Bihar
26.0,85.25,111,224,Vaishali,10,Bihar
26.0,85.5,95,208,Muzaffarpur,10,Bihar
26.0,85.75,104,217,Samastipur,10,Bihar
26.0,86.0,82,195,Darbhanga,10,Bihar
26.0,86.25,82,195,Darbhanga,10,Bihar
26.0,86.5,103,216,Saharsa,10,Bihar
26.0,86.75,92,205,Madhepura,10,Bihar
26.0,87.0,92,205,Madhepura,10,Bihar
26.0,87.25,75,188,Araria,10,Bihar
26.0,87.5,75,188,Araria,10,Bihar
26.0,87.75,101,214,Purnia,10,Bihar
26.0,88.0,716,311,Dinajpur Uttar,19,West Bengal
26.0,88.25,,,,,
26.0,89.5,,,,,
26.0,89.75,,,,,
26.0,90.0,47,285,Dhubri,18,Assam
26.0,90.25,49,287,Goalpara,18,Assam
26.0,90.5,49,287,Goalpara,18,Assam
26.0,90.75,49,287,Goalpara,18,Assam
26.0,91.0,49,287,Goalpara,18,Assam
26.0,91.25,53,291,Kamrup,18,Assam
26.0,91.5,53,291,Kamrup,18,Assam
26.0,91.75,354,276,Ri Bhoi,17,Meghalaya
26.0,92.0,354,276,Ri Bhoi,17,Meghalaya
26.0,92.25,74,710,West Karbi Anglong,18,Assam
26.0,92.5,74,710,West Karbi Anglong,18,Assam
26.0,92.75,74,710,West Karbi Anglong,18,Assam
26.0,93.0,73,709,Hojai,18,Assam
26.0,93.25,54,292,Karbi Anglong,18,Assam
26.0,93.5,54,292,Karbi Anglong,18,Assam
26.0,93.75,54,292,Karbi Anglong,18,Assam
26.0,94.0,444,250,Wokha,13,Nagaland
26.0,94.25,439,245,Kohima,13,Nagaland
26.0,94.5,445,251,Zunheboto,13,Nagaland
26.0,94.75,447,614,Kiphire,13,Nagaland
26.0,95.0,443,249,Tuensang,13,Nagaland
26.25,70.0,,,,,
26.25,70.25,522,103,Jaisalmer,08,Rajasthan
26.25,70.5,522,103,Jaisalmer,08,Rajasthan
26.25,70.75,522,103,Jaisalmer,08,Rajasthan
26.25,71.0,509,090,Barmer,08,Rajasthan
26.25,71.25,509,090,Barmer,08,Rajasthan
26.25,71.5,509,090,Barmer,08,Rajasthan
26.25,71.75,509,090,Barmer,08,Rajasthan
26.25,72.0,509,090,Barmer,08,Rajasthan
26.25,72.25,526,107,Jodhpur,08,Rajasthan
26.25,72.5,509,090,Barmer,08,Rajasthan
26.25,72.75,526,107,Jodhpur,08,Rajasthan
26.25,73.0,526,107,Jodhpur,08,Rajasthan
26.25,73.25,526,107,Jodhpur,08,Rajasthan
26.25,73.5,526,107,Jodhpur,08,Rajasthan
26.25,73.75,526,107,Jodhpur,08,Rajasthan
26.25,74.0,530,111,Pali,08,Rajasthan
26.25,74.25,530,111,Pali,08,Rajasthan
26.25,74.5,505,086,Ajmer,08,Rajasthan
26.25,74.75,505,086,Ajmer,08,Rajasthan
26.25,75.0,505,086,Ajmer,08,Rajasthan
26.25,75.25,535,116,Tonk,08,Rajasthan
26.25,75.5,535,116,Tonk,08,Rajasthan
26.25,75.75,535,116,Tonk,08,Rajasthan
26.25,76.0,535,116,Tonk,08,Rajasthan
26.25,76.25,532,113,Sawai Madhopur,08,Rajasthan
26.25,76.5,532,113,Sawai Madhopur,08,Rajasthan
26.25,76.75,527,108,Karauli,08,Rajasthan
26.25,77.0,527,108,Karauli,08,Rajasthan
26.25,77.25,405,417,Morena,23,Madhya Pradesh
26.25,77.5,405,417,Morena,23,Madhya Pradesh
26.25,77.75,405,417,Morena,23,Madhya Pradesh
26.25,78.0,395,407,Gwalior,23,Madhya Pradesh
26.25,78.25,395,407,Gwalior,23,Madhya Pradesh
26.25,78.5,395,407,Gwalior,23,Madhya Pradesh
26.25,78.75,389,401,Datia,23,Madhya Pradesh
26.25,79.0,383,395,Bhind,23,Madhya Pradesh
26.25,79.25,666,151,Jalaun,09,Uttar Pradesh
26.25,79.5,666,151,Jalaun,09,Uttar Pradesh
26.25,79.75,671,156,Kanpur Dehat,09,Uttar Pradesh
26.25,80.0,671,156,Kanpur Dehat,09,Uttar Pradesh
26.25,80.25,672,157,Kanpur Nagar,09,Uttar Pradesh
26.25,80.5,672,157,Kanpur Nagar,09,Uttar Pradesh
26.25,80.75,701,186,Unnao,09,Uttar Pradesh
26.25,81.0,690,175,Rae Bareli,09,Uttar Pradesh
26.25,81.25,690,175,Rae Bareli,09,Uttar Pradesh
26.25,81.5,704,640,Amethi,09,Uttar Pradesh
26.25,81.75,704,640,Amethi,09,Uttar Pradesh
26.25,82.0,700,185,Sultanpur,09,Uttar Pradesh
26.25,82.25,700,185,Sultanpur,09,Uttar Pradesh
26.25,82.5,700,185,Sultanpur,09,Uttar Pradesh
26.25,82.75,636,121,Ambedkar Nagar,09,Uttar Pradesh
26.25,83.0,638,123,Azamgarh,09,Uttar Pradesh
26.25,83.25,638,123,Azamgarh,09,Uttar Pradesh
26.25,83.5,683,168,Mau,09,Uttar Pradesh
26.25,83.75,683,168,Mau,09,Uttar Pradesh
26.25,84.0,652,137,Deoria,09,Uttar Pradesh
26.25,84.25,109,222,Siwan,10,Bihar
26.25,84.5,109,222,Siwan,10,Bihar
26.25,84.75,84,197,Gopalganj,10,Bihar
26.25,85.0,95,208,Muzaffarpur,10,Bihar
26.25,85.25,95,208,Muzaffarpur,10,Bihar
26.25,85.5,95,208,Muzaffarpur,10,Bihar
26.25,85.75,82,195,Darbhanga,10,Bihar
26.25,86.0,82,195,Darbhanga,10,Bihar
26.25,86.25,93,206,Madhubani,10,Bihar
26.25,86.5,93,206,Madhubani,10,Bihar
26.25,86.75,110,223,Supaul,10,Bihar
26.25,87.0,110,223,Supaul,10,Bihar
26.25,87.25,75,188,Araria,10,Bihar
26.25,87.5,75,188,Araria,10,Bihar
26.25,87.75,90,203,Kishanganj,10,Bihar
26.25,88.0,90,203,Kishanganj,10,Bihar
26.25,88.25,716,311,Dinajpur Uttar,19,West Bengal
26.25,88.75,,,,,
26.25,89.0,713,308,Coochbehar,19,West Bengal
26.25,89.25,713,308,Coochbehar,19,West Bengal
26.25,89.5,713,308,Coochbehar,19,West Bengal
26.25,89.75,47,285,Dhubri,18,Assam
26.25,90.0,56,294,Kokrajhar,18,Assam
26.25,90.25,47,285,Dhubri,18,Assam
26.25,90.5,43,281,Bongaigaon,18,Assam
26.25,90.75,42,280,Barpeta,18,Assam
26.25,91.0,42,280,Barpeta,18,Assam
26.25,91.25,60,298,Nalbari,18,Assam
26.25,91.5,53,291,Kamrup,18,Assam
26.25,91.75,53,291,Kamrup,18,Assam
26.25,92.0,58,296,Marigaon,18,Assam
26.25,92.25,58,296,Marigaon,18,Assam
26.25,92.5,59,297,Nagaon,18,Assam
26.25,92.75,59,297,Nagaon,18,Assam
26.25,93.0,54,292,Karbi Anglong,18,Assam
26.25,93.25,54,292,Karbi Anglong,18,Assam
26.25,93.5,54,292,Karbi Anglong,18,Assam
26.25,93.75,54,292,Karbi Anglong,18,Assam
26.25,94.0,50,288,Golaghat,18,Assam
26.25,94.25,444,250,Wokha,13,Nagaland
26.25,94.5,445,251,Zunheboto,13,Nagaland
26.25,94.75,443,249,Tuensang,13,Nagaland
26.25,95.0,443,249,Tuensang,13,Nagaland
26.5,70.0,,,,,
26.5,70.25,522,103,Jaisalmer,08,Rajasthan
26.5,70.5,522,103,Jaisalmer,08,Rajasthan
26.5,70.75,522,103,Jaisalmer,08,Rajasthan
26.5,71.0,522,103,Jaisalmer,08,Rajasthan
26.5,71.25,522,103,Jaisalmer,08,Rajasthan
26.5,71.5,522,103,Jaisalmer,08,Rajasthan
26.5,71.75,522,103,Jaisalmer,08,Rajasthan
26.5,72.0,522,103,Jaisalmer,08,Rajasthan
26.5,72.25,526,107,Jodhpur,08,Rajasthan
26.5,72.5,526,107,Jodhpur,08,Rajasthan
26.5,72.75,526,107,Jodhpur,08,Rajasthan
26.5,73.0,526,107,Jodhpur,08,Rajasthan
26.5,73.25,526,107,Jodhpur,08,Rajasthan
26.5,73.5,526,107,Jodhpur,08,Rajasthan
26.5,73.75,526,107,Jodhpur,08,Rajasthan
26.5,74.0,529,110,Nagaur,08,Rajasthan
26.5,74.25,529,110,Nagaur,08,Rajasthan
26.5,74.5,505,086,Ajmer,08,Rajasthan
26.5,74.75,505,086,Ajmer,08,Rajasthan
26.5,75.0,505,086,Ajmer,08,Rajasthan
26.5,75.25,535,116,Tonk,08,Rajasthan
26.5,75.5,521,102,Jaipur,08,Rajasthan
26.5,75.75,521,102,Jaipur,08,Rajasthan
26.5,76.0,535,116,Tonk,08,Rajasthan
26.5,76.25,516,097,Dausa,08,Rajasthan
26.5,76.5,532,113,Sawai Madhopur,08,Rajasthan
26.5,76.75,532,113,Sawai Madhopur,08,Rajasthan
26.5,77.0,527,108,Karauli,08,Rajasthan
26.5,77.25,517,098,Dholpur,08,Rajasthan
26.5,77.5,517,098,Dholpur,08,Rajasthan
26.5,77.75,405,417,Morena,23,Madhya Pradesh
26.5,78.0,405,417,Morena,23,Madhya Pradesh
26.5,78.25,383,395,Bhind,23,Madhya Pradesh
26.5,78.5,383,395,Bhind,23,Madhya Pradesh
26.5,78.75,383,395,Bhind,23,Madhya Pradesh
26.5,79.0,383,395,Bhind,23,Madhya Pradesh
26.5,79.25,654,139,Etawah,09,Uttar Pradesh
26.5,79.5,637,122,Auraiya,09,Uttar Pradesh
26.5,79.75,671,156,Kanpur Dehat,09,Uttar Pradesh
26.5,80.0,671,156,Kanpur Dehat,09,Uttar Pradesh
26.5,80.25,672,157,Kanpur Nagar,09,Uttar Pradesh
26.5,80.5,701,186,Unnao,09,Uttar Pradesh
26.5,80.75,701,186,Unnao,09,Uttar Pradesh
26.5,81.0,690,175,Rae Bareli,09,Uttar Pradesh
26.5,81.25,690,175,Rae Bareli,09,Uttar Pradesh
26.5,81.5,704,640,Amethi,09,Uttar Pradesh
26.5,81.75,704,640,Amethi,09,Uttar Pradesh
26.5,82.0,655,140,Ayodhya,09,Uttar Pradesh
26.5,82.25,655,140,Ayodhya,09,Uttar Pradesh
26.5,82.5,636,121,Ambedkar Nagar,09,Uttar Pradesh
26.5,82.75,636,121,Ambedkar Nagar,09,Uttar Pradesh
26.5,83.0,693,178,Sant Kabeer Nagar,09,Uttar Pradesh
26.5,83.25,663,148,Gorakhpur,09,Uttar Pradesh
26.5,83.5,663,148,Gorakhpur,09,Uttar Pradesh
26.5,83.75,652,137,Deoria,09,Uttar Pradesh
26.5,84.0,84,197,Gopalganj,10,Bihar
26.5,84.25,84,197,Gopalganj,10,Bihar
26.5,84.5,84,197,Gopalganj,10,Bihar
26.5,84.75,100,213,Purbi Champaran,10,Bihar
26.5,85.0,100,213,Purbi Champaran,10,Bihar
26.5,85.25,107,220,Sheohar,10,Bihar
26.5,85.5,108,221,Sitamarhi,10,Bihar
26.5,85.75,108,221,Sitamarhi,10,Bihar
26.5,86.0,93,206,Madhubani,10,Bihar
26.5,86.25,93,206,Madhubani,10,Bihar
26.5,86.5,93,206,Madhubani,10,Bihar
26.5,86.75,,,,,
26.5,87.0,110,223,Supaul,10,Bihar
26.5,87.25,,,,,
26.5,87.5,,,,,
26.5,87.75,,,,,
26.5,88.0,,,,,
26.5,88.25,714,309,Darjeeling,19,West Bengal
26.5,88.5,,,,,
26.5,88.75,719,314,Jalpaiguri,19,West Bengal
26.5,89.0,713,308,Coochbehar,19,West Bengal
26.5,89.25,727,664,Alipurduar,19,West Bengal
26.5,89.5,727,664,Alipurduar,19,West Bengal
26.5,89.75,727,664,Alipurduar,19,West Bengal
26.5,90.0,56,294,Kokrajhar,18,Assam
26.5,90.25,56,294,Kokrajhar,18,Assam
26.5,90.5,65,612,Chirang,18,Assam
26.5,90.75,65,612,Chirang,18,Assam
26.5,91.0,66,616,Baksa,18,Assam
26.5,91.25,42,280,Barpeta,18,Assam
26.5,91.5,60,298,Nalbari,18,Assam
26.5,91.75,66,616,Baksa,18,Assam
26.5,92.0,45,283,Darrang,18,Assam
26.5,92.25,45,283,Darrang,18,Assam
26.5,92.5,59,297,Nagaon,18,Assam
26.5,92.75,59,297,Nagaon,18,Assam
26.5,93.0,59,297,Nagaon,18,Assam
26.5,93.25,54,292,Karbi Anglong,18,Assam
26.5,93.5,54,292,Karbi Anglong,18,Assam
26.5,93.75,54,292,Karbi Anglong,18,Assam
26.5,94.0,50,288,Golaghat,18,Assam
26.5,94.25,444,250,Wokha,13,Nagaland
26.5,94.5,440,246,Mokokchung,13,Nagaland
26.5,94.75,448,615,Longleng,13,Nagaland
26.5,95.0,441,247,Mon,13,Nagaland
26.75,69.5,,,,,
26.75,69.75,522,103,Jaisalmer,08,Rajasthan
26.75,70.0,522,103,Jaisalmer,08,Rajasthan
26.75,70.25,522,103,Jaisalmer,08,Rajasthan
26.75,70.5,522,103,Jaisalmer,08,Rajasthan
26.75,70.75,522,103,Jaisalmer,08,Rajasthan
26.75,71.0,522,103,Jaisalmer,08,Rajasthan
26.75,71.25,522,103,Jaisalmer,08,Rajasthan
26.75,71.5,522,103,Jaisalmer,08,Rajasthan
26.75,71.75,522,103,Jaisalmer,08,Rajasthan
26.75,72.0,522,103,Jaisalmer,08,Rajasthan
26.75,72.25,526,107,Jodhpur,08,Rajasthan
26.75,72.5,526,107,Jodhpur,08,Rajasthan
26.75,72.75,526,107,Jodhpur,08,Rajasthan
26.75,73.0,526,107,Jodhpur,08,Rajasthan
26.75,73.25,526,107,Jodhpur,08,Rajasthan
26.75,73.5,526,107,Jodhpur,08,Rajasthan
26.75,73.75,529,110,Nagaur,08,Rajasthan
26.75,74.0,529,110,Nagaur,08,Rajasthan
26.75,74.25,529,110,Nagaur,08,Rajasthan
26.75,74.5,529,110,Nagaur,08,Rajasthan
26.75,74.75,505,086,Ajmer,08,Rajasthan
26.75,75.0,505,086,Ajmer,08,Rajasthan
26.75,75.25,521,102,Jaipur,08,Rajasthan
26.75,75.5,521,102,Jaipur,08,Rajasthan
26.75,75.75,521,102,Jaipur,08,Rajasthan
26.75,76.0,521,102,Jaipur,08,Rajasthan
26.75,76.25,516,097,Dausa,08,Rajasthan
26.75,76.5,527,108,Karauli,08,Rajasthan
26.75,76.75,527,108,Karauli,08,Rajasthan
26.75,77.0,527,108,Karauli,08,Rajasthan
26.75,77.25,527,108,Karauli,08,Rajasthan
26.75,77.5,517,098,Dholpur,08,Rajasthan
26.75,77.75,517,098,Dholpur,08,Rajasthan
26.75,78.0,517,098,Dholpur,08,Rajasthan
26.75,78.25,405,417,Morena,23,Madhya Pradesh
26.75,78.5,405,417,Morena,23,Madhya Pradesh
26.75,78.75,383,395,Bhind,23,Madhya Pradesh
26.75,79.0,654,139,Etawah,09,Uttar Pradesh
26.75,79.25,654,139,Etawah,09,Uttar Pradesh
26.75,79.5,637,122,Auraiya,09,Uttar Pradesh
26.75,79.75,671,156,Kanpur Dehat,09,Uttar Pradesh
26.75,80.0,672,157,Kanpur Nagar,09,Uttar Pradesh
26.75,80.25,701,186,Unnao,09,Uttar Pradesh
26.75,80.5,701,186,Unnao,09,Uttar Pradesh
26.75,80.75,677,162,Lucknow,09,Uttar Pradesh
26.75,81.0,677,162,Lucknow,09,Uttar Pradesh
26.75,81.25,644,129,Barabanki,09,Uttar Pradesh
26.75,81.5,644,129,Barabanki,09,Uttar Pradesh
26.75,81.75,655,140,Ayodhya,09,Uttar Pradesh
26.75,82.0,655,140,Ayodhya,09,Uttar Pradesh
26.75,82.25,655,140,Ayodhya,09,Uttar Pradesh
26.75,82.5,646,131,Basti,09,Uttar Pradesh
26.75,82.75,646,131,Basti,09,Uttar Pradesh
26.75,83.0,693,178,Sant Kabeer Nagar,09,Uttar Pradesh
26.75,83.25,663,148,Gorakhpur,09,Uttar Pradesh
26.75,83.5,663,148,Gorakhpur,09,Uttar Pradesh
26.75,83.75,675,160,Kushi Nagar,09,Uttar Pradesh
26.75,84.0,675,160,Kushi Nagar,09,Uttar Pradesh
26.75,84.25,98,211,Pashchim Champaran,10,Bihar
26.75,84.5,98,211,Pashchim Champaran,10,Bihar
26.75,84.75,100,213,Purbi Champaran,10,Bihar
26.75,85.0,100,213,Purbi Champaran,10,Bihar
26.75,85.25,100,213,Purbi Champaran,10,Bihar
26.75,85.5,108,221,Sitamarhi,10,Bihar
26.75,85.75,,,,,
26.75,86.0,,,,,
26.75,86.25,,,,,
26.75,86.5,,,,,
26.75,87.0,,,,,
26.75,88.0,,,,,
26.75,88.25,714,309,Darjeeling,19,West Bengal
26.75,88.5,719,314,Jalpaiguri,19,West Bengal
26.75,88.75,719,314,Jalpaiguri,19,West Bengal
26.75,89.0,719,314,Jalpaiguri,19,West Bengal
26.75,89.25,727,664,Alipurduar,19,West Bengal
26.75,89.5,727,664,Alipurduar,19,West Bengal
26.75,89.75,,,,,
26.75,90.0,,,,,
26.75,90.25,56,294,Kokrajhar,18,Assam
26.75,90.5,65,612,Chirang,18,Assam
26.75,90.75,65,612,Chirang,18,Assam
26.75,91.0,66,616,Baksa,18,Assam
26.75,91.25,66,616,Baksa,18,Assam
26.75,91.5,66,616,Baksa,18,Assam
26.75,91.75,67,617,Udalguri,18,Assam
26.75,92.0,67,617,Udalguri,18,Assam
26.75,92.25,67,617,Udalguri,18,Assam
26.75,92.5,63,301,Sonitpur,18,Assam
26.75,92.75,63,301,Sonitpur,18,Assam
26.75,93.0,63,301,Sonitpur,18,Assam
26.75,93.25,69,705,Biswanath,18,Assam
26.75,93.5,69,705,Biswanath,18,Assam
26.75,93.75,50,288,Golaghat,18,Assam
26.75,94.0,50,288,Golaghat,18,Assam
26.75,94.25,52,290,Jorhat,18,Assam
26.75,94.5,52,290,Jorhat,18,Assam
26.75,94.75,448,615,Longleng,13,Nagaland
26.75,95.0,441,247,Mon,13,Nagaland
26.75,95.25,33,666,Longding,12,Arunanchal Pradesh
27.0,69.5,,,,,
27.0,69.75,522,103,Jaisalmer,08,Rajasthan
27.0,70.0,522,103,Jaisalmer,08,Rajasthan
27.0,70.25,522,103,Jaisalmer,08,Rajasthan
27.0,70.5,522,103,Jaisalmer,08,Rajasthan
27.0,70.75,522,103,Jaisalmer,08,Rajasthan
27.0,71.0,522,103,Jaisalmer,08,Rajasthan
27.0,71.25,522,103,Jaisalmer,08,Rajasthan
27.0,71.5,522,103,Jaisalmer,08,Rajasthan
27.0,71.75,522,103,Jaisalmer,08,Rajasthan
27.0,72.0,522,103,Jaisalmer,08,Rajasthan
27.0,72.25,526,107,Jodhpur,08,Rajasthan
27.0,72.5,526,107,Jodhpur,08,Rajasthan
27.0,72.75,526,107,Jodhpur,08,Rajasthan
27.0,73.0,526,107,Jodhpur,08,Rajasthan
27.0,73.25,529,110,Nagaur,08,Rajasthan
27.0,73.5,529,110,Nagaur,08,Rajasthan
27.0,73.75,529,110,Nagaur,08,Rajasthan
27.0,74.0,529,110,Nagaur,08,Rajasthan
27.0,74.25,529,110,Nagaur,08,Rajasthan
27.0,74.5,529,110,Nagaur,08,Rajasthan
27.0,74.75,529,110,Nagaur,08,Rajasthan
27.0,75.0,529,110,Nagaur,08,Rajasthan
27.0,75.25,521,102,Jaipur,08,Rajasthan
27.0,75.5,521,102,Jaipur,08,Rajasthan
27.0,75.75,521,102,Jaipur,08,Rajasthan
27.0,76.0,521,102,Jaipur,08,Rajasthan
27.0,76.25,516,097,Dausa,08,Rajasthan
27.0,76.5,516,097,Dausa,08,Rajasthan
27.0,76.75,516,097,Dausa,08,Rajasthan
27.0,77.0,516,097,Dausa,08,Rajasthan
27.0,77.25,510,091,Bharatpur,08,Rajasthan
27.0,77.5,510,091,Bharatpur,08,Rajasthan
27.0,77.75,510,091,Bharatpur,08,Rajasthan
27.0,78.0,633,118,Agra,09,Uttar Pradesh
27.0,78.25,633,118,Agra,09,Uttar Pradesh
27.0,78.5,658,143,Firozabad,09,Uttar Pradesh
27.0,78.75,658,143,Firozabad,09,Uttar Pradesh
27.0,79.0,681,166,Mainpuri,09,Uttar Pradesh
27.0,79.25,681,166,Mainpuri,09,Uttar Pradesh
27.0,79.5,670,155,Kannauj,09,Uttar Pradesh
27.0,79.75,670,155,Kannauj,09,Uttar Pradesh
27.0,80.0,670,155,Kannauj,09,Uttar Pradesh
27.0,80.25,701,186,Unnao,09,Uttar Pradesh
27.0,80.5,665,150,Hardoi,09,Uttar Pradesh
27.0,80.75,677,162,Lucknow,09,Uttar Pradesh
27.0,81.0,677,162,Lucknow,09,Uttar Pradesh
27.0,81.25,644,129,Barabanki,09,Uttar Pradesh
27.0,81.5,644,129,Barabanki,09,Uttar Pradesh
27.0,81.75,662,147,Gonda,09,Uttar Pradesh
27.0,82.0,662,147,Gonda,09,Uttar Pradesh
27.0,82.25,662,147,Gonda,09,Uttar Pradesh
27.0,82.5,662,147,Gonda,09,Uttar Pradesh
27.0,82.75,646,131,Basti,09,Uttar Pradesh
27.0,83.0,693,178,Sant Kabeer Nagar,09,Uttar Pradesh
27.0,83.25,663,148,Gorakhpur,09,Uttar Pradesh
27.0,83.5,679,164,Maharajganj,09,Uttar Pradesh
27.0,83.75,679,164,Maharajganj,09,Uttar Pradesh
27.0,84.0,675,160,Kushi Nagar,09,Uttar Pradesh
27.0,84.25,98,211,Pashchim Champaran,10,Bihar
27.0,84.5,98,211,Pashchim Champaran,10,Bihar
27.0,84.75,98,211,Pashchim Champaran,10,Bihar
27.0,85.0,,,,,
27.0,85.25,,,,,
27.0,85.5,,,,,
27.0,88.0,,,,,
27.0,88.25,714,309,Darjeeling,19,West Bengal
27.0,88.5,728,702,Kalimpong,19,West Bengal
27.0,88.75,728,702,Kalimpong,19,West Bengal
27.0,89.0,,,,,
27.0,89.25,,,,,
27.0,89.5,,,,,
27.0,90.0,,,,,
27.0,90.25,,,,,
27.0,90.5,,,,,
27.0,90.75,,,,,
27.0,91.0,,,,,
27.0,91.25,,,,,
27.0,91.5,,,,,
27.0,91.75,,,,,
27.0,92.0,,,,,
27.0,92.25,30,242,West Kameng,12,Arunanchal Pradesh
27.0,92.5,30,242,West Kameng,12,Arunanchal Pradesh
27.0,92.75,63,301,Sonitpur,18,Assam
27.0,93.0,39,723,Pakke Kessang,12,Arunanchal Pradesh
27.0,93.25,39,723,Pakke Kessang,12,Arunanchal Pradesh
27.0,93.5,25,237,Papum Pare,12,Arunanchal Pradesh
27.0,93.75,57,295,Lakhimpur,18,Assam
27.0,94.0,57,295,Lakhimpur,18,Assam
27.0,94.25,70,706,Majuli,18,Assam
27.0,94.5,62,300,Sivasagar,18,Assam
27.0,94.75,62,300,Sivasagar,18,Assam
27.0,95.0,72,708,Charaideo,18,Assam
27.0,95.25,33,666,Longding,12,Arunanchal Pradesh
27.0,95.5,27,239,Tirap,12,Arunanchal Pradesh
27.0,95.75,17,229,Changlang,12,Arunanchal Pradesh
27.25,69.5,,,,,
27.25,69.75,522,103,Jaisalmer,08,Rajasthan
27.25,70.0,522,103,Jaisalmer,08,Rajasthan
27.25,70.25,522,103,Jaisalmer,08,Rajasthan
27.25,70.5,522,103,Jaisalmer,08,Rajasthan
27.25,70.75,522,103,Jaisalmer,08,Rajasthan
27.25,71.0,522,103,Jaisalmer,08,Rajasthan
27.25,71.25,522,103,Jaisalmer,08,Rajasthan
27.25,71.5,522,103,Jaisalmer,08,Rajasthan
27.25,71.75,522,103,Jaisalmer,08,Rajasthan
27.25,72.0,526,107,Jodhpur,08,Rajasthan
27.25,72.25,526,107,Jodhpur,08,Rajasthan
27.25,72.5,526,107,Jodhpur,08,Rajasthan
27.25,72.75,526,107,Jodhpur,08,Rajasthan
27.25,73.0,526,107,Jodhpur,08,Rajasthan
27.25,73.25,529,110,Nagaur,08,Rajasthan
27.25,73.5,529,110,Nagaur,08,Rajasthan
27.25,73.75,529,110,Nagaur,08,Rajasthan
27.25,74.0,529,110,Nagaur,08,Rajasthan
27.25,74.25,529,110,Nagaur,08,Rajasthan
27.25,74.5,529,110,Nagaur,08,Rajasthan
27.25,74.75,529,110,Nagaur,08,Rajasthan
27.25,75.0,529,110,Nagaur,08,Rajasthan
27.25,75.25,533,114,Sikar,08,Rajasthan
27.25,75.5,521,102,Jaipur,08,Rajasthan
27.25,75.75,521,102,Jaipur,08,Rajasthan
27.25,76.0,521,102,Jaipur,08,Rajasthan
27.25,76.25,506,087,Alwar,08,Rajasthan
27.25,76.5,506,087,Alwar,08,Rajasthan
27.25,76.75,506,087,Alwar,08,Rajasthan
27.25,77.0,506,087,Alwar,08,Rajasthan
27.25,77.25,510,091,Bharatpur,08,Rajasthan
27.25,77.5,510,091,Bharatpur,08,Rajasthan
27.25,77.75,682,167,Mathura,09,Uttar Pradesh
27.25,78.0,633,118,Agra,09,Uttar Pradesh
27.25,78.25,658,143,Firozabad,09,Uttar Pradesh
27.25,78.5,658,143,Firozabad,09,Uttar Pradesh
27.25,78.75,681,166,Mainpuri,09,Uttar Pradesh
27.25,79.0,681,166,Mainpuri,09,Uttar Pradesh
27.25,79.25,681,166,Mainpuri,09,Uttar Pradesh
27.25,79.5,656,141,Farrukhabad,09,Uttar Pradesh
27.25,79.75,665,150,Hardoi,09,Uttar Pradesh
27.25,80.0,665,150,Hardoi,09,Uttar Pradesh
27.25,80.25,665,150,Hardoi,09,Uttar Pradesh
27.25,80.5,665,150,Hardoi,09,Uttar Pradesh
27.25,80.75,698,183,Sitapur,09,Uttar Pradesh
27.25,81.0,698,183,Sitapur,09,Uttar Pradesh
27.25,81.25,644,129,Barabanki,09,Uttar Pradesh
27.25,81.5,640,125,Bahraich,09,Uttar Pradesh
27.25,81.75,662,147,Gonda,09,Uttar Pradesh
27.25,82.0,662,147,Gonda,09,Uttar Pradesh
27.25,82.25,662,147,Gonda,09,Uttar Pradesh
27.25,82.5,642,127,Balrampur,09,Uttar Pradesh
27.25,82.75,697,182,Siddharth Nagar,09,Uttar Pradesh
27.25,83.0,697,182,Siddharth Nagar,09,Uttar Pradesh
27.25,83.25,679,164,Maharajganj,09,Uttar Pradesh
27.25,83.5,679,164,Maharajganj,09,Uttar Pradesh
27.25,83.75,679,164,Maharajganj,09,Uttar Pradesh
27.25,84.0,98,211,Pashchim Champaran,10,Bihar
27.25,84.25,98,211,Pashchim Champaran,10,Bihar
27.25,84.5,98,211,Pashchim Champaran,10,Bihar
27.25,84.75,,,,,
27.25,88.0,,,,,
27.25,88.25,541,228,Gyalshing,11,Sikkim
27.25,88.5,538,225,Gangtok,11,Sikkim
27.25,88.75,538,225,Gangtok,11,Sikkim
27.25,92.0,,,,,
27.25,92.25,30,242,West Kameng,12,Arunanchal Pradesh
27.25,92.5,30,242,West Kameng,12,Arunanchal Pradesh
27.25,92.75,30,242,West Kameng,12,Arunanchal Pradesh
27.25,93.0,19,231,East Kameng,12,Arunanchal Pradesh
27.25,93.25,25,237,Papum Pare,12,Arunanchal Pradesh
27.25,93.5,25,237,Papum Pare,12,Arunanchal Pradesh
27.25,93.75,25,237,Papum Pare,12,Arunanchal Pradesh
27.25,94.0,57,295,Lakhimpur,18,Assam
27.25,94.25,57,295,Lakhimpur,18,Assam
27.25,94.5,57,295,Lakhimpur,18,Assam
27.25,94.75,48,286,Dibrugarh,18,Assam
27.25,95.0,48,286,Dibrugarh,18,Assam
27.25,95.25,48,286,Dibrugarh,18,Assam
27.25,95.5,64,302,Tinsukia,18,Assam
27.25,95.75,17,229,Changlang,12,Arunanchal Pradesh
27.25,96.0,17,229,Changlang,12,Arunanchal Pradesh
27.25,96.75,,,,,
27.25,97.0,17,229,Changlang,12,Arunanchal Pradesh
27.5,69.5,,,,,
27.5,69.75,,,,,
27.5,70.0,522,103,Jaisalmer,08,Rajasthan
27.5,70.25,522,103,Jaisalmer,08,Rajasthan
27.5,70.5,522,103,Jaisalmer,08,Rajasthan
27.5,70.75,522,103,Jaisalmer,08,Rajasthan
27.5,71.0,522,103,Jaisalmer,08,Rajasthan
27.5,71.25,522,103,Jaisalmer,08,Rajasthan
27.5,71.5,522,103,Jaisalmer,08,Rajasthan
27.5,71.75,522,103,Jaisalmer,08,Rajasthan
27.5,72.0,526,107,Jodhpur,08,Rajasthan
27.5,72.25,512,093,Bikaner,08,Rajasthan
27.5,72.5,526,107,Jodhpur,08,Rajasthan
27.5,72.75,526,107,Jodhpur,08,Rajasthan
27.5,73.0,512,093,Bikaner,08,Rajasthan
27.5,73.25,512,093,Bikaner,08,Rajasthan
27.5,73.5,512,093,Bikaner,08,Rajasthan
27.5,73.75,529,110,Nagaur,08,Rajasthan
27.5,74.0,529,110,Nagaur,08,Rajasthan
27.5,74.25,529,110,Nagaur,08,Rajasthan
27.5,74.5,529,110,Nagaur,08,Rajasthan
27.5,74.75,529,110,Nagaur,08,Rajasthan
27.5,75.0,533,114,Sikar,08,Rajasthan
27.5,75.25,533,114,Sikar,08,Rajasthan
27.5,75.5,533,114,Sikar,08,Rajasthan
27.5,75.75,533,114,Sikar,08,Rajasthan
27.5,76.0,521,102,Jaipur,08,Rajasthan
27.5,76.25,506,087,Alwar,08,Rajasthan
27.5,76.5,506,087,Alwar,08,Rajasthan
27.5,76.75,506,087,Alwar,08,Rajasthan
27.5,77.0,506,087,Alwar,08,Rajasthan
27.5,77.25,510,091,Bharatpur,08,Rajasthan
27.5,77.5,682,167,Mathura,09,Uttar Pradesh
27.5,77.75,682,167,Mathura,09,Uttar Pradesh
27.5,78.0,678,163,Hathras,09,Uttar Pradesh
27.5,78.25,653,138,Etah,09,Uttar Pradesh
27.5,78.5,653,138,Etah,09,Uttar Pradesh
27.5,78.75,653,138,Etah,09,Uttar Pradesh
27.5,79.0,653,138,Etah,09,Uttar Pradesh
27.5,79.25,653,138,Etah,09,Uttar Pradesh
27.5,79.5,656,141,Farrukhabad,09,Uttar Pradesh
27.5,79.75,665,150,Hardoi,09,Uttar Pradesh
27.5,80.0,665,150,Hardoi,09,Uttar Pradesh
27.5,80.25,665,150,Hardoi,09,Uttar Pradesh
27.5,80.5,698,183,Sitapur,09,Uttar Pradesh
27.5,80.75,698,183,Sitapur,09,Uttar Pradesh
27.5,81.0,698,183,Sitapur,09,Uttar Pradesh
27.5,81.25,698,183,Sitapur,09,Uttar Pradesh
27.5,81.5,640,125,Bahraich,09,Uttar Pradesh
27.5,81.75,640,125,Bahraich,09,Uttar Pradesh
27.5,82.0,696,181,Shravasti,09,Uttar Pradesh
27.5,82.25,642,127,Balrampur,09,Uttar Pradesh
27.5,82.5,642,127,Balrampur,09,Uttar Pradesh
27.5,82.75,697,182,Siddharth Nagar,09,Uttar Pradesh
27.5,83.0,,,,,
27.5,83.25,,,,,
27.5,83.5,,,,,
27.5,83.75,,,,,
27.5,84.0,,,,,
27.5,84.25,,,,,
27.5,84.5,,,,,
27.5,88.0,,,,,
27.5,88.25,541,228,Gyalshing,11,Sikkim
27.5,88.5,539,226,Mangan,11,Sikkim
27.5,88.75,539,226,Mangan,11,Sikkim
27.5,91.75,26,238,Tawang,12,Arunanchal Pradesh
27.5,92.0,26,238,Tawang,12,Arunanchal Pradesh
27.5,92.25,30,242,West Kameng,12,Arunanchal Pradesh
27.5,92.5,30,242,West Kameng,12,Arunanchal Pradesh
27.5,92.75,19,231,East Kameng,12,Arunanchal Pradesh
27.5,93.0,19,231,East Kameng,12,Arunanchal Pradesh
27.5,93.25,19,231,East Kameng,12,Arunanchal Pradesh
27.5,93.5,25,237,Papum Pare,12,Arunanchal Pradesh
27.5,93.75,24,236,Lower Subansiri,12,Arunanchal Pradesh
27.5,94.0,25,237,Papum Pare,12,Arunanchal Pradesh
27.5,94.25,57,295,Lakhimpur,18,Assam
27.5,94.5,46,284,Dhemaji,18,Assam
27.5,94.75,46,284,Dhemaji,18,Assam
27.5,95.0,48,286,Dibrugarh,18,Assam
27.5,95.25,64,302,Tinsukia,18,Assam
27.5,95.5,64,302,Tinsukia,18,Assam
27.5,95.75,64,302,Tinsukia,18,Assam
27.5,96.0,17,229,Changlang,12,Arunanchal Pradesh
27.5,96.25,17,229,Changlang,12,Arunanchal Pradesh
27.5,96.5,17,229,Changlang,12,Arunanchal Pradesh
27.5,96.75,17,229,Changlang,12,Arunanchal Pradesh
27.5,97.0,,,,,
27.75,70.0,,,,,
27.75,70.25,522,103,Jaisalmer,08,Rajasthan
27.75,70.5,522,103,Jaisalmer,08,Rajasthan
27.75,70.75,,,,,
27.75,71.0,,,,,
27.75,71.25,522,103,Jaisalmer,08,Rajasthan
27.75,71.5,522,103,Jaisalmer,08,Rajasthan
27.75,71.75,522,103,Jaisalmer,08,Rajasthan
27.75,72.0,522,103,Jaisalmer,08,Rajasthan
27.75,72.25,512,093,Bikaner,08,Rajasthan
27.75,72.5,512,093,Bikaner,08,Rajasthan
27.75,72.75,512,093,Bikaner,08,Rajasthan
27.75,73.0,512,093,Bikaner,08,Rajasthan
27.75,73.25,512,093,Bikaner,08,Rajasthan
27.75,73.5,512,093,Bikaner,08,Rajasthan
27.75,73.75,512,093,Bikaner,08,Rajasthan
27.75,74.0,515,096,Churu,08,Rajasthan
27.75,74.25,515,096,Churu,08,Rajasthan
27.75,74.5,515,096,Churu,08,Rajasthan
27.75,74.75,533,114,Sikar,08,Rajasthan
27.75,75.0,533,114,Sikar,08,Rajasthan
27.75,75.25,533,114,Sikar,08,Rajasthan
27.75,75.5,525,106,Jhunjhunu,08,Rajasthan
27.75,75.75,533,114,Sikar,08,Rajasthan
27.75,76.0,533,114,Sikar,08,Rajasthan
27.75,76.25,506,087,Alwar,08,Rajasthan
27.75,76.5,506,087,Alwar,08,Rajasthan
27.75,76.75,506,087,Alwar,08,Rajasthan
27.75,77.0,222,604,Nuh,06,Haryana
27.75,77.25,510,091,Bharatpur,08,Rajasthan
27.75,77.5,682,167,Mathura,09,Uttar Pradesh
27.75,77.75,682,167,Mathura,09,Uttar Pradesh
27.75,78.0,634,119,Aligarh,09,Uttar Pradesh
27.75,78.25,634,119,Aligarh,09,Uttar Pradesh
27.75,78.5,703,633,Kasganj,09,Uttar Pradesh
27.75,78.75,703,633,Kasganj,09,Uttar Pradesh
27.75,79.0,703,633,Kasganj,09,Uttar Pradesh
27.75,79.25,648,133,Budaun,09,Uttar Pradesh
27.75,79.5,695,180,Shahjahanpur,09,Uttar Pradesh
27.75,79.75,695,180,Shahjahanpur,09,Uttar Pradesh
27.75,80.0,695,180,Shahjahanpur,09,Uttar Pradesh
27.75,80.25,665,150,Hardoi,09,Uttar Pradesh
27.75,80.5,698,183,Sitapur,09,Uttar Pradesh
27.75,80.75,698,183,Sitapur,09,Uttar Pradesh
27.75,81.0,698,183,Sitapur,09,Uttar Pradesh
27.75,81.25,674,159,Kheri,09,Uttar Pradesh
27.75,81.5,640,125,Bahraich,09,Uttar Pradesh
27.75,81.75,696,181,Shravasti,09,Uttar Pradesh
27.75,82.0,696,181,Shravasti,09,Uttar Pradesh
27.75,82.25,642,127,Balrampur,09,Uttar Pradesh
27.75,82.5,,,,,
27.75,82.75,,,,,
27.75,88.0,,,,,
27.75,88.25,539,226,Mangan,11,Sikkim
27.75,88.5,539,226,Mangan,11,Sikkim
27.75,88.75,539,226,Mangan,11,Sikkim
27.75,91.5,,,,,
27.75,91.75,26,238,Tawang,12,Arunanchal Pradesh
27.75,92.0,26,238,Tawang,12,Arunanchal Pradesh
27.75,92.25,26,238,Tawang,12,Arunanchal Pradesh
27.75,92.5,19,231,East Kameng,12,Arunanchal Pradesh
27.75,92.75,19,231,East Kameng,12,Arunanchal Pradesh
27.75,93.0,19,231,East Kameng,12,Arunanchal Pradesh
27.75,93.25,21,233,Kurung Kumey,12,Arunanchal Pradesh
27.75,93.5,21,233,Kurung Kumey,12,Arunanchal Pradesh
27.75,93.75,34,677,Kra Daadi,12,Arunanchal Pradesh
27.75,94.0,37,718,Kamle,12,Arunanchal Pradesh
27.75,94.25,37,718,Kamle,12,Arunanchal Pradesh
27.75,94.5,38,719,Lower Siang,12,Arunanchal Pradesh
27.75,94.75,38,719,Lower Siang,12,Arunanchal Pradesh
27.75,95.0,46,284,Dhemaji,18,Assam
27.75,95.25,46,284,Dhemaji,18,Assam
27.75,95.5,64,302,Tinsukia,18,Assam
27.75,95.75,64,302,Tinsukia,18,Assam
27.75,96.0,35,678,Namsai,12,Arunanchal Pradesh
27.75,96.25,35,678,Namsai,12,Arunanchal Pradesh
27.75,96.5,22,234,Lohit,12,Arunanchal Pradesh
27.75,96.75,32,628,Anjaw,12,Arunanchal Pradesh
27.75,97.0,32,628,Anjaw,12,Arunanchal Pradesh
28.0,70.0,,,,,
28.0,70.25,,,,,
28.0,70.5,522,103,Jaisalmer,08,Rajasthan
28.0,71.0,,,,,
28.0,71.25,,,,,
28.0,71.5,,,,,
28.0,71.75,,,,,
28.0,72.0,512,093,Bikaner,08,Rajasthan
28.0,72.25,512,093,Bikaner,08,Rajasthan
28.0,72.5,512,093,Bikaner,08,Rajasthan
28.0,72.75,512,093,Bikaner,08,Rajasthan
28.0,73.0,512,093,Bikaner,08,Rajasthan
28.0,73.25,512,093,Bikaner,08,Rajasthan
28.0,73.5,512,093,Bikaner,08,Rajasthan
28.0,73.75,512,093,Bikaner,08,Rajasthan
28.0,74.0,512,093,Bikaner,08,Rajasthan
28.0,74.25,515,096,Churu,08,Rajasthan
28.0,74.5,515,096,Churu,08,Rajasthan
28.0,74.75,515,096,Churu,08,Rajasthan
28.0,75.0,533,114,Sikar,08,Rajasthan
28.0,75.25,525,106,Jhunjhunu,08,Rajasthan
28.0,75.5,525,106,Jhunjhunu,08,Rajasthan
28.0,75.75,525,106,Jhunjhunu,08,Rajasthan
28.0,76.0,214,069,Mahendragarh,06,Haryana
28.0,76.25,506,087,Alwar,08,Rajasthan
28.0,76.5,506,087,Alwar,08,Rajasthan
28.0,76.75,506,087,Alwar,08,Rajasthan
28.0,77.0,222,604,Nuh,06,Haryana
28.0,77.25,223,619,Palwal,06,Haryana
28.0,77.5,223,619,Palwal,06,Haryana
28.0,77.75,634,119,Aligarh,09,Uttar Pradesh
28.0,78.0,634,119,Aligarh,09,Uttar Pradesh
28.0,78.25,634,119,Aligarh,09,Uttar Pradesh
28.0,78.5,634,119,Aligarh,09,Uttar Pradesh
28.0,78.75,648,133,Budaun,09,Uttar Pradesh
28.0,79.0,648,133,Budaun,09,Uttar Pradesh
28.0,79.25,648,133,Budaun,09,Uttar Pradesh
28.0,79.5,695,180,Shahjahanpur,09,Uttar Pradesh
28.0,79.75,695,180,Shahjahanpur,09,Uttar Pradesh
28.0,80.0,695,180,Shahjahanpur,09,Uttar Pradesh
28.0,80.25,674,159,Kheri,09,Uttar Pradesh
28.0,80.5,674,159,Kheri,09,Uttar Pradesh
28.0,80.75,674,159,Kheri,09,Uttar Pradesh
28.0,81.0,674,159,Kheri,09,Uttar Pradesh
28.0,81.25,640,125,Bahraich,09,Uttar Pradesh
28.0,81.5,640,125,Bahraich,09,Uttar Pradesh
28.0,81.75,,,,,
28.0,82.0,,,,,
28.0,82.25,,,,,
28.0,88.0,,,,,
28.0,88.25,,,,,
28.0,88.5,539,226,Mangan,11,Sikkim
28.0,88.75,539,226,Mangan,11,Sikkim
28.0,91.5,,,,,
28.0,91.75,,,,,
28.0,92.0,,,,,
28.0,92.25,,,,,
28.0,92.5,,,,,
28.0,92.75,21,233,Kurung Kumey,12,Arunanchal Pradesh
28.0,93.0,21,233,Kurung Kumey,12,Arunanchal Pradesh
28.0,93.25,21,233,Kurung Kumey,12,Arunanchal Pradesh
28.0,93.5,21,233,Kurung Kumey,12,Arunanchal Pradesh
28.0,93.75,34,677,Kra Daadi,12,Arunanchal Pradesh
28.0,94.0,29,241,Upper Subansiri,12,Arunanchal Pradesh
28.0,94.25,29,241,Upper Subansiri,12,Arunanchal Pradesh
28.0,94.5,40,724,Leparada,12,Arunanchal Pradesh
28.0,94.75,40,724,Leparada,12,Arunanchal Pradesh
28.0,95.0,38,719,Lower Siang,12,Arunanchal Pradesh
28.0,95.25,20,232,East Siang,12,Arunanchal Pradesh
28.0,95.5,20,232,East Siang,12,Arunanchal Pradesh
28.0,95.75,23,235,Lower Dibang Valley,12,Arunanchal Pradesh
28.0,96.0,23,235,Lower Dibang Valley,12,Arunanchal Pradesh
28.0,96.25,22,234,Lohit,12,Arunanchal Pradesh
28.0,96.5,32,628,Anjaw,12,Arunanchal Pradesh
28.0,96.75,32,628,Anjaw,12,Arunanchal Pradesh
28.0,97.0,32,628,Anjaw,12,Arunanchal Pradesh
28.0,97.25,32,628,Anjaw,12,Arunanchal Pradesh
28.25,71.75,,,,,
28.25,72.0,,,,,
28.25,72.25,512,093,Bikaner,08,Rajasthan
28.25,72.5,512,093,Bikaner,08,Rajasthan
28.25,72.75,512,093,Bikaner,08,Rajasthan
28.25,73.0,512,093,Bikaner,08,Rajasthan
28.25,73.25,512,093,Bikaner,08,Rajasthan
28.25,73.5,512,093,Bikaner,08,Rajasthan
28.25,73.75,512,093,Bikaner,08,Rajasthan
28.25,74.0,512,093,Bikaner,08,Rajasthan
28.25,74.25,515,096,Churu,08,Rajasthan
28.25,74.5,515,096,Churu,08,Rajasthan
28.25,74.75,515,096,Churu,08,Rajasthan
28.25,75.0,515,096,Churu,08,Rajasthan
28.25,75.25,525,106,Jhunjhunu,08,Rajasthan
28.25,75.5,525,106,Jhunjhunu,08,Rajasthan
28.25,75.75,525,106,Jhunjhunu,08,Rajasthan
28.25,76.0,525,106,Jhunjhunu,08,Rajasthan
28.25,76.25,214,069,Mahendragarh,06,Haryana
28.25,76.5,217,072,Rewari,06,Haryana
28.25,76.75,207,062,Gurugram,06,Haryana
28.25,77.0,222,604,Nuh,06,Haryana
28.25,77.25,223,619,Palwal,06,Haryana
28.25,77.5,223,619,Palwal,06,Haryana
28.25,77.75,649,134,Bulandshahr,09,Uttar Pradesh
28.25,78.0,649,134,Bulandshahr,09,Uttar Pradesh
28.25,78.25,649,134,Bulandshahr,09,Uttar Pradesh
28.25,78.5,705,659,Sambhal,09,Uttar Pradesh
28.25,78.75,648,133,Budaun,09,Uttar Pradesh
28.25,79.0,648,133,Budaun,09,Uttar Pradesh
28.25,79.25,645,130,Bareilly,09,Uttar Pradesh
28.25,79.5,645,130,Bareilly,09,Uttar Pradesh
28.25,79.75,688,173,Pilibhit,09,Uttar Pradesh
28.25,80.0,695,180,Shahjahanpur,09,Uttar Pradesh
28.25,80.25,695,180,Shahjahanpur,09,Uttar Pradesh
28.25,80.5,674,159,Kheri,09,Uttar Pradesh
28.25,80.75,674,159,Kheri,09,Uttar Pradesh
28.25,81.0,674,159,Kheri,09,Uttar Pradesh
28.25,81.25,640,125,Bahraich,09,Uttar Pradesh
28.25,81.5,,,,,
28.25,88.5,,,,,
28.25,88.75,,,,,
28.25,92.5,,,,,
28.25,92.75,,,,,
28.25,93.0,,,,,
28.25,93.25,21,233,Kurung Kumey,12,Arunanchal Pradesh
28.25,93.5,34,677,Kra Daadi,12,Arunanchal Pradesh
28.25,93.75,34,677,Kra Daadi,12,Arunanchal Pradesh
28.25,94.0,29,241,Upper Subansiri,12,Arunanchal Pradesh
28.25,94.25,29,241,Upper Subansiri,12,Arunanchal Pradesh
28.25,94.5,31,243,West Siang,12,Arunanchal Pradesh
28.25,94.75,36,679,Siang,12,Arunanchal Pradesh
28.25,95.0,36,679,Siang,12,Arunanchal Pradesh
28.25,95.25,28,240,Upper Siang,12,Arunanchal Pradesh
28.25,95.5,20,232,East Siang,12,Arunanchal Pradesh
28.25,95.75,23,235,Lower Dibang Valley,12,Arunanchal Pradesh
28.25,96.0,23,235,Lower Dibang Valley,12,Arunanchal Pradesh
28.25,96.25,23,235,Lower Dibang Valley,12,Arunanchal Pradesh
28.25,96.5,32,628,Anjaw,12,Arunanchal Pradesh
28.25,96.75,32,628,Anjaw,12,Arunanchal Pradesh
28.25,97.0,32,628,Anjaw,12,Arunanchal Pradesh
28.25,97.25,32,628,Anjaw,12,Arunanchal Pradesh
28.5,72.0,,,,,
28.5,72.25,512,093,Bikaner,08,Rajasthan
28.5,72.5,512,093,Bikaner,08,Rajasthan
28.5,72.75,512,093,Bikaner,08,Rajasthan
28.5,73.0,512,093,Bikaner,08,Rajasthan
28.5,73.25,512,093,Bikaner,08,Rajasthan
28.5,73.5,512,093,Bikaner,08,Rajasthan
28.5,73.75,512,093,Bikaner,08,Rajasthan
28.5,74.0,512,093,Bikaner,08,Rajasthan
28.5,74.25,515,096,Churu,08,Rajasthan
28.5,74.5,515,096,Churu,08,Rajasthan
28.5,74.75,515,096,Churu,08,Rajasthan
28.5,75.0,515,096,Churu,08,Rajasthan
28.5,75.25,515,096,Churu,08,Rajasthan
28.5,75.5,515,096,Churu,08,Rajasthan
28.5,75.75,204,059,Bhiwani,06,Haryana
28.5,76.0,224,701,Charki Dadri,06,Haryana
28.5,76.25,224,701,Charki Dadri,06,Haryana
28.5,76.5,209,064,Jhajjar,06,Haryana
28.5,76.75,209,064,Jhajjar,06,Haryana
28.5,77.0,207,062,Gurugram,06,Haryana
28.5,77.25,153,670,South East,07,Delhi
28.5,77.5,659,144,Gautam Buddha Nagar,09,Uttar Pradesh
28.5,77.75,649,134,Bulandshahr,09,Uttar Pradesh
28.5,78.0,649,134,Bulandshahr,09,Uttar Pradesh
28.5,78.25,649,134,Bulandshahr,09,Uttar Pradesh
28.5,78.5,705,659,Sambhal,09,Uttar Pradesh
28.5,78.75,705,659,Sambhal,09,Uttar Pradesh
28.5,79.0,691,176,Rampur,09,Uttar Pradesh
28.5,79.25,645,130,Bareilly,09,Uttar Pradesh
28.5,79.5,645,130,Bareilly,09,Uttar Pradesh
28.5,79.75,645,130,Bareilly,09,Uttar Pradesh
28.5,80.0,688,173,Pilibhit,09,Uttar Pradesh
28.5,80.25,688,173,Pilibhit,09,Uttar Pradesh
28.5,80.5,674,159,Kheri,09,Uttar Pradesh
28.5,80.75,674,159,Kheri,09,Uttar Pradesh
28.5,81.0,,,,,
28.5,81.25,,,,,
28.5,93.0,,,,,
28.5,93.25,,,,,
28.5,93.5,29,241,Upper Subansiri,12,Arunanchal Pradesh
28.5,93.75,29,241,Upper Subansiri,12,Arunanchal Pradesh
28.5,94.0,29,241,Upper Subansiri,12,Arunanchal Pradesh
28.5,94.25,41,725,Shi Yomi,12,Arunanchal Pradesh
28.5,94.5,41,725,Shi Yomi,12,Arunanchal Pradesh
28.5,94.75,36,679,Siang,12,Arunanchal Pradesh
28.5,95.0,36,679,Siang,12,Arunanchal Pradesh
28.5,95.25,28,240,Upper Siang,12,Arunanchal Pradesh
28.5,95.5,23,235,Lower Dibang Valley,12,Arunanchal Pradesh
28.5,95.75,18,230,Dibang Valley,12,Arunanchal Pradesh
28.5,96.0,23,235,Lower Dibang Valley,12,Arunanchal Pradesh
28.5,96.25,23,235,Lower Dibang Valley,12,Arunanchal Pradesh
28.5,96.5,,,,,
28.5,96.75,,,,,
28.5,97.0,,,,,
28.75,72.25,,,,,
28.75,72.5,512,093,Bikaner,08,Rajasthan
28.75,72.75,512,093,Bikaner,08,Rajasthan
28.75,73.0,519,100,Ganganagar,08,Rajasthan
28.75,73.25,512,093,Bikaner,08,Rajasthan
28.75,73.5,512,093,Bikaner,08,Rajasthan
28.75,73.75,512,093,Bikaner,08,Rajasthan
28.75,74.0,512,093,Bikaner,08,Rajasthan
28.75,74.25,515,096,Churu,08,Rajasthan
28.75,74.5,515,096,Churu,08,Rajasthan
28.75,74.75,515,096,Churu,08,Rajasthan
28.75,75.0,515,096,Churu,08,Rajasthan
28.75,75.25,515,096,Churu,08,Rajasthan
28.75,75.5,515,096,Churu,08,Rajasthan
28.75,75.75,204,059,Bhiwani,06,Haryana
28.75,76.0,204,059,Bhiwani,06,Haryana
28.75,76.25,204,059,Bhiwani,06,Haryana
28.75,76.5,218,073,Rohtak,06,Haryana
28.75,76.75,209,064,Jhajjar,06,Haryana
28.75,77.0,149,082,North West,07,Delhi
28.75,77.25,148,081,North East,07,Delhi
28.75,77.5,660,145,Ghaziabad,09,Uttar Pradesh
28.75,77.75,707,661,Hapur,09,Uttar Pradesh
28.75,78.0,707,661,Hapur,09,Uttar Pradesh
28.75,78.25,669,154,Amroha,09,Uttar Pradesh
28.75,78.5,705,659,Sambhal,09,Uttar Pradesh
28.75,78.75,686,171,Moradabad,09,Uttar Pradesh
28.75,79.0,691,176,Rampur,09,Uttar Pradesh
28.75,79.25,691,176,Rampur,09,Uttar Pradesh
28.75,79.5,645,130,Bareilly,09,Uttar Pradesh
28.75,79.75,688,173,Pilibhit,09,Uttar Pradesh
28.75,80.0,631,056,Udam Singh Nagar,05,Uttarakhand
28.75,80.25,688,173,Pilibhit,09,Uttar Pradesh
28.75,80.5,,,,,
28.75,80.75,,,,,
28.75,93.25,,,,,
28.75,93.5,,,,,
28.75,93.75,,,,,
28.75,94.0,41,725,Shi Yomi,12,Arunanchal Pradesh
28.75,94.25,41,725,Shi Yomi,12,Arunanchal Pradesh
28.75,94.5,36,679,Siang,12,Arunanchal Pradesh
28.75,94.75,28,240,Upper Siang,12,Arunanchal Pradesh
28.75,95.0,28,240,Upper Siang,12,Arunanchal Pradesh
28.75,95.25,28,240,Upper Siang,12,Arunanchal Pradesh
28.75,95.5,18,230,Dibang Valley,12,Arunanchal Pradesh
28.75,95.75,18,230,Dibang Valley,12,Arunanchal Pradesh
28.75,96.0,18,230,Dibang Valley,12,Arunanchal Pradesh
28.75,96.25,18,230,Dibang Valley,12,Arunanchal Pradesh
28.75,96.5,18,230,Dibang Valley,12,Arunanchal Pradesh
29.0,72.25,,,,,
29.0,72.5,,,,,
29.0,72.75,,,,,
29.0,73.0,519,100,Ganganagar,08,Rajasthan
29.0,73.25,519,100,Ganganagar,08,Rajasthan
29.0,73.5,512,093,Bikaner,08,Rajasthan
29.0,73.75,512,093,Bikaner,08,Rajasthan
29.0,74.0,519,100,Ganganagar,08,Rajasthan
29.0,74.25,520,101,Hanumangarh,08,Rajasthan
29.0,74.5,520,101,Hanumangarh,08,Rajasthan
29.0,74.75,520,101,Hanumangarh,08,Rajasthan
29.0,75.0,520,101,Hanumangarh,08,Rajasthan
29.0,75.25,520,101,Hanumangarh,08,Rajasthan
29.0,75.5,520,101,Hanumangarh,08,Rajasthan
29.0,75.75,208,063,Hisar,06,Haryana
29.0,76.0,204,059,Bhiwani,06,Haryana
29.0,76.25,218,073,Rohtak,06,Haryana
29.0,76.5,218,073,Rohtak,06,Haryana
29.0,76.75,220,075,Sonipat,06,Haryana
29.0,77.0,220,075,Sonipat,06,Haryana
29.0,77.25,639,124,Baghpat,09,Uttar Pradesh
29.0,77.5,684,169,Meerut,09,Uttar Pradesh
29.0,77.75,684,169,Meerut,09,Uttar Pradesh
29.0,78.0,684,169,Meerut,09,Uttar Pradesh
29.0,78.25,669,154,Amroha,09,Uttar Pradesh
29.0,78.5,669,154,Amroha,09,Uttar Pradesh
29.0,78.75,686,171,Moradabad,09,Uttar Pradesh
29.0,79.0,691,176,Rampur,09,Uttar Pradesh
29.0,79.25,691,176,Rampur,09,Uttar Pradesh
29.0,79.5,631,056,Udam Singh Nagar,05,Uttarakhand
29.0,79.75,631,056,Udam Singh Nagar,05,Uttarakhand
29.0,80.0,631,056,Udam Singh Nagar,05,Uttarakhand
29.0,94.0,,,,,
29.0,94.25,41,725,Shi Yomi,12,Arunanchal Pradesh
29.0,94.5,28,240,Upper Siang,12,Arunanchal Pradesh
29.0,94.75,28,240,Upper Siang,12,Arunanchal Pradesh
29.0,95.0,28,240,Upper Siang,12,Arunanchal Pradesh
29.0,95.25,18,230,Dibang Valley,12,Arunanchal Pradesh
29.0,95.5,18,230,Dibang Valley,12,Arunanchal Pradesh
29.0,95.75,18,230,Dibang Valley,12,Arunanchal Pradesh
29.0,96.0,18,230,Dibang Valley,12,Arunanchal Pradesh
29.0,96.25,,,,,
29.0,96.5,,,,,
29.25,72.75,,,,,
29.25,73.0,,,,,
29.25,73.25,519,100,Ganganagar,08,Rajasthan
29.25,73.5,519,100,Ganganagar,08,Rajasthan
29.25,73.75,519,100,Ganganagar,08,Rajasthan
29.25,74.0,519,100,Ganganagar,08,Rajasthan
29.25,74.25,520,101,Hanumangarh,08,Rajasthan
29.25,74.5,520,101,Hanumangarh,08,Rajasthan
29.25,74.75,520,101,Hanumangarh,08,Rajasthan
29.25,75.0,520,101,Hanumangarh,08,Rajasthan
29.25,75.25,520,101,Hanumangarh,08,Rajasthan
29.25,75.5,208,063,Hisar,06,Haryana
29.25,75.75,208,063,Hisar,06,Haryana
29.25,76.0,208,063,Hisar,06,Haryana
29.25,76.25,210,065,Jind,06,Haryana
29.25,76.5,210,065,Jind,06,Haryana
29.25,76.75,220,075,Sonipat,06,Haryana
29.25,77.0,216,071,Panipat,06,Haryana
29.25,77.25,639,124,Baghpat,09,Uttar Pradesh
29.25,77.5,687,172,Muzaffarnagar,09,Uttar Pradesh
29.25,77.75,687,172,Muzaffarnagar,09,Uttar Pradesh
29.25,78.0,684,169,Meerut,09,Uttar Pradesh
29.25,78.25,647,132,Bijnor,09,Uttar Pradesh
29.25,78.5,647,132,Bijnor,09,Uttar Pradesh
29.25,78.75,686,171,Moradabad,09,Uttar Pradesh
29.25,79.0,631,056,Udam Singh Nagar,05,Uttarakhand
29.25,79.25,626,051,Nainital,05,Uttarakhand
29.25,79.5,626,051,Nainital,05,Uttarakhand
29.25,79.75,626,051,Nainital,05,Uttarakhand
29.25,80.0,623,048,Champawat,05,Uttarakhand
29.25,80.25,623,048,Champawat,05,Uttarakhand
29.25,94.0,,,,,
29.25,94.25,,,,,
29.25,94.5,,,,,
29.25,94.75,28,240,Upper Siang,12,Arunanchal Pradesh
29.25,95.0,,,,,
29.25,95.25,,,,,
29.25,95.5,,,,,
29.25,95.75,18,230,Dibang Valley,12,Arunanchal Pradesh
29.25,96.0,18,230,Dibang Valley,12,Arunanchal Pradesh
29.25,96.25,,,,,
29.25,96.5,,,,,
29.5,73.0,,,,,
29.5,73.25,519,100,Ganganagar,08,Rajasthan
29.5,73.5,519,100,Ganganagar,08,Rajasthan
29.5,73.75,519,100,Ganganagar,08,Rajasthan
29.5,74.0,520,101,Hanumangarh,08,Rajasthan
29.5,74.25,520,101,Hanumangarh,08,Rajasthan
29.5,74.5,520,101,Hanumangarh,08,Rajasthan
29.5,74.75,219,074,Sirsa,06,Haryana
29.5,75.0,219,074,Sirsa,06,Haryana
29.5,75.25,219,074,Sirsa,06,Haryana
29.5,75.5,206,061,Fatehabad,06,Haryana
29.5,75.75,206,061,Fatehabad,06,Haryana
29.5,76.0,210,065,Jind,06,Haryana
29.5,76.25,210,065,Jind,06,Haryana
29.5,76.5,210,065,Jind,06,Haryana
29.5,76.75,212,067,Karnal,06,Haryana
29.5,77.0,212,067,Karnal,06,Haryana
29.5,77.25,706,660,Shamli,09,Uttar Pradesh
29.5,77.5,687,172,Muzaffarnagar,09,Uttar Pradesh
29.5,77.75,687,172,Muzaffarnagar,09,Uttar Pradesh
29.5,78.0,647,132,Bijnor,09,Uttar Pradesh
29.5,78.25,647,132,Bijnor,09,Uttar Pradesh
29.5,78.5,647,132,Bijnor,09,Uttar Pradesh
29.5,78.75,627,052,Pauri Garhwal,05,Uttarakhand
29.5,79.0,626,051,Nainital,05,Uttarakhand
29.5,79.25,626,051,Nainital,05,Uttarakhand
29.5,79.5,620,045,Almora,05,Uttarakhand
29.5,79.75,620,045,Almora,05,Uttarakhand
29.5,80.0,620,045,Almora,05,Uttarakhand
29.5,80.25,628,053,Pithoragarh,05,Uttarakhand
29.5,94.5,,,,,
29.5,95.5,,,,,
29.5,95.75,,,,,
29.5,96.0,,,,,
29.5,96.25,,,,,
29.75,73.0,,,,,
29.75,73.25,,,,,
29.75,73.5,519,100,Ganganagar,08,Rajasthan
29.75,73.75,519,100,Ganganagar,08,Rajasthan
29.75,74.0,519,100,Ganganagar,08,Rajasthan
29.75,74.25,520,101,Hanumangarh,08,Rajasthan
29.75,74.5,219,074,Sirsa,06,Haryana
29.75,74.75,219,074,Sirsa,06,Haryana
29.75,75.0,219,074,Sirsa,06,Haryana
29.75,75.25,489,037,Mansa,03,Punjab
29.75,75.5,206,061,Fatehabad,06,Haryana
29.75,75.75,206,061,Fatehabad,06,Haryana
29.75,76.0,495,043,Sangrur,03,Punjab
29.75,76.25,211,066,Kaithal,06,Haryana
29.75,76.5,211,066,Kaithal,06,Haryana
29.75,76.75,212,067,Karnal,06,Haryana
29.75,77.0,212,067,Karnal,06,Haryana
29.75,77.25,692,177,Saharanpur,09,Uttar Pradesh
29.75,77.5,692,177,Saharanpur,09,Uttar Pradesh
29.75,77.75,692,177,Saharanpur,09,Uttar Pradesh
29.75,78.0,625,050,Haridwar,05,Uttarakhand
29.75,78.25,625,050,Haridwar,05,Uttarakhand
29.75,78.5,627,052,Pauri Garhwal,05,Uttarakhand
29.75,78.75,627,052,Pauri Garhwal,05,Uttarakhand
29.75,79.0,627,052,Pauri Garhwal,05,Uttarakhand
29.75,79.25,620,045,Almora,05,Uttarakhand
29.75,79.5,620,045,Almora,05,Uttarakhand
29.75,79.75,621,046,Bageshwar,05,Uttarakhand
29.75,80.0,628,053,Pithoragarh,05,Uttarakhand
29.75,80.25,628,053,Pithoragarh,05,Uttarakhand
30.0,73.25,,,,,
30.0,73.5,,,,,
30.0,73.75,519,100,Ganganagar,08,Rajasthan
30.0,74.0,499,651,Fazilka,03,Punjab
30.0,74.25,499,651,Fazilka,03,Punjab
30.0,74.5,491,039,Sri Muktsar Sahib,03,Punjab
30.0,74.75,480,028,Bathinda,03,Punjab
30.0,75.0,480,028,Bathinda,03,Punjab
30.0,75.25,480,028,Bathinda,03,Punjab
30.0,75.5,489,037,Mansa,03,Punjab
30.0,75.75,495,043,Sangrur,03,Punjab
30.0,76.0,495,043,Sangrur,03,Punjab
30.0,76.25,211,066,Kaithal,06,Haryana
30.0,76.5,213,068,Kurukshetra,06,Haryana
30.0,76.75,213,068,Kurukshetra,06,Haryana
30.0,77.0,213,068,Kurukshetra,06,Haryana
30.0,77.25,221,076,Yamunanagar,06,Haryana
30.0,77.5,692,177,Saharanpur,09,Uttar Pradesh
30.0,77.75,692,177,Saharanpur,09,Uttar Pradesh
30.0,78.0,625,050,Haridwar,05,Uttarakhand
30.0,78.25,627,052,Pauri Garhwal,05,Uttarakhand
30.0,78.5,627,052,Pauri Garhwal,05,Uttarakhand
30.0,78.75,627,052,Pauri Garhwal,05,Uttarakhand
30.0,79.0,627,052,Pauri Garhwal,05,Uttarakhand
30.0,79.25,622,047,Chamoli,05,Uttarakhand
30.0,79.5,621,046,Bageshwar,05,Uttarakhand
30.0,79.75,621,046,Bageshwar,05,Uttarakhand
30.0,80.0,621,046,Bageshwar,05,Uttarakhand
30.0,80.25,628,053,Pithoragarh,05,Uttarakhand
30.0,80.5,628,053,Pithoragarh,05,Uttarakhand
30.25,73.5,,,,,
30.25,73.75,,,,,
30.25,74.0,499,651,Fazilka,03,Punjab
30.25,74.25,499,651,Fazilka,03,Punjab
30.25,74.5,491,039,Sri Muktsar Sahib,03,Punjab
30.25,74.75,480,028,Bathinda,03,Punjab
30.25,75.0,480,028,Bathinda,03,Punjab
30.25,75.25,480,028,Bathinda,03,Punjab
30.25,75.5,496,605,Barnala,03,Punjab
30.25,75.75,495,043,Sangrur,03,Punjab
30.25,76.0,495,043,Sangrur,03,Punjab
30.25,76.25,493,041,Patiala,03,Punjab
30.25,76.5,493,041,Patiala,03,Punjab
30.25,76.75,203,058,Ambala,06,Haryana
30.25,77.0,203,058,Ambala,06,Haryana
30.25,77.25,221,076,Yamunanagar,06,Haryana
30.25,77.5,221,076,Yamunanagar,06,Haryana
30.25,77.75,692,177,Saharanpur,09,Uttar Pradesh
30.25,78.0,624,049,Dehradun,05,Uttarakhand
30.25,78.25,624,049,Dehradun,05,Uttarakhand
30.25,78.5,630,055,Tehri Garhwal,05,Uttarakhand
30.25,78.75,630,055,Tehri Garhwal,05,Uttarakhand
30.25,79.0,629,054,Rudra Prayag,05,Uttarakhand
30.25,79.25,622,047,Chamoli,05,Uttarakhand
30.25,79.5,622,047,Chamoli,05,Uttarakhand
30.25,79.75,622,047,Chamoli,05,Uttarakhand
30.25,80.0,621,046,Bageshwar,05,Uttarakhand
30.25,80.25,628,053,Pithoragarh,05,Uttarakhand
30.25,80.5,628,053,Pithoragarh,05,Uttarakhand
30.25,80.75,628,053,Pithoragarh,05,Uttarakhand
30.25,81.0,628,053,Pithoragarh,05,Uttarakhand
30.5,73.75,,,,,
30.5,74.0,499,651,Fazilka,03,Punjab
30.5,74.25,499,651,Fazilka,03,Punjab
30.5,74.5,491,039,Sri Muktsar Sahib,03,Punjab
30.5,74.75,481,029,Faridkot,03,Punjab
30.5,75.0,490,038,Moga,03,Punjab
30.5,75.25,480,028,Bathinda,03,Punjab
30.5,75.5,496,605,Barnala,03,Punjab
30.5,75.75,495,043,Sangrur,03,Punjab
30.5,76.0,495,043,Sangrur,03,Punjab
30.5,76.25,493,041,Patiala,03,Punjab
30.5,76.5,493,041,Patiala,03,Punjab
30.5,76.75,493,041,Patiala,03,Punjab
30.5,77.0,215,070,Panchkula,06,Haryana
30.5,77.25,200,024,Sirmaur,02,Himachal Pradesh
30.5,77.5,200,024,Sirmaur,02,Himachal Pradesh
30.5,77.75,200,024,Sirmaur,02,Himachal Pradesh
30.5,78.0,630,055,Tehri Garhwal,05,Uttarakhand
30.5,78.25,630,055,Tehri Garhwal,05,Uttarakhand
30.5,78.5,630,055,Tehri Garhwal,05,Uttarakhand
30.5,78.75,630,055,Tehri Garhwal,05,Uttarakhand
30.5,79.0,629,054,Rudra Prayag,05,Uttarakhand
30.5,79.25,622,047,Chamoli,05,Uttarakhand
30.5,79.5,622,047,Chamoli,05,Uttarakhand
30.5,79.75,622,047,Chamoli,05,Uttarakhand
30.5,80.0,622,047,Chamoli,05,Uttarakhand
30.5,80.25,628,053,Pithoragarh,05,Uttarakhand
30.5,80.5,,,,,
30.5,80.75,,,,,
30.75,74.0,,,,,
30.75,74.25,,,,,
30.75,74.5,481,029,Faridkot,03,Punjab
30.75,74.75,481,029,Faridkot,03,Punjab
30.75,75.0,490,038,Moga,03,Punjab
30.75,75.25,490,038,Moga,03,Punjab
30.75,75.5,488,036,Ludhiana,03,Punjab
30.75,75.75,488,036,Ludhiana,03,Punjab
30.75,76.0,488,036,Ludhiana,03,Punjab
30.75,76.25,488,036,Ludhiana,03,Punjab
30.75,76.5,494,042,Rupnagar,03,Punjab
30.75,76.75,141,044,Chandigarh,04,Chandigarh
30.75,77.0,215,070,Panchkula,06,Haryana
30.75,77.25,200,024,Sirmaur,02,Himachal Pradesh
30.75,77.5,200,024,Sirmaur,02,Himachal Pradesh
30.75,77.75,624,049,Dehradun,05,Uttarakhand
30.75,78.0,624,049,Dehradun,05,Uttarakhand
30.75,78.25,632,057,Uttar Kashi,05,Uttarakhand
30.75,78.5,632,057,Uttar Kashi,05,Uttarakhand
30.75,78.75,632,057,Uttar Kashi,05,Uttarakhand
30.75,79.0,630,055,Tehri Garhwal,05,Uttarakhand
30.75,79.25,632,057,Uttar Kashi,05,Uttarakhand
30.75,79.5,622,047,Chamoli,05,Uttarakhand
30.75,79.75,622,047,Chamoli,05,Uttarakhand
30.75,80.0,622,047,Chamoli,05,Uttarakhand
30.75,80.25,,,,,
31.0,74.25,,,,,
31.0,74.5,,,,,
31.0,74.75,483,031,Ferozepur,03,Punjab
31.0,75.0,483,031,Ferozepur,03,Punjab
31.0,75.25,490,038,Moga,03,Punjab
31.0,75.5,486,034,Jalandhar,03,Punjab
31.0,75.75,488,036,Ludhiana,03,Punjab
31.0,76.0,488,036,Ludhiana,03,Punjab
31.0,76.25,488,036,Ludhiana,03,Punjab
31.0,76.5,492,040,Shahid Bhagat Singh Nagar,03,Punjab
31.0,76.75,201,025,Solan,02,Himachal Pradesh
31.0,77.0,201,025,Solan,02,Himachal Pradesh
31.0,77.25,199,023,Shimla,02,Himachal Pradesh
31.0,77.5,199,023,Shimla,02,Himachal Pradesh
31.0,77.75,199,023,Shimla,02,Himachal Pradesh
31.0,78.0,632,057,Uttar Kashi,05,Uttarakhand
31.0,78.25,632,057,Uttar Kashi,05,Uttarakhand
31.0,78.5,632,057,Uttar Kashi,05,Uttarakhand
31.0,78.75,632,057,Uttar Kashi,05,Uttarakhand
31.0,79.0,632,057,Uttar Kashi,05,Uttarakhand
31.0,79.25,632,057,Uttar Kashi,05,Uttarakhand
31.0,79.5,622,047,Chamoli,05,Uttarakhand
31.0,79.75,622,047,Chamoli,05,Uttarakhand
31.0,80.0,,,,,
31.25,74.5,,,,,
31.25,74.75,498,609,Tarn Taran,03,Punjab
31.25,75.0,498,609,Tarn Taran,03,Punjab
31.25,75.25,487,035,Kapurthala,03,Punjab
31.25,75.5,486,034,Jalandhar,03,Punjab
31.25,75.75,487,035,Kapurthala,03,Punjab
31.25,76.0,485,033,Hoshiarpur,03,Punjab
31.25,76.25,485,033,Hoshiarpur,03,Punjab
31.25,76.5,494,042,Rupnagar,03,Punjab
31.25,76.75,191,015,Bilaspur,02,Himachal Pradesh
31.25,77.0,201,025,Solan,02,Himachal Pradesh
31.25,77.25,199,023,Shimla,02,Himachal Pradesh
31.25,77.5,199,023,Shimla,02,Himachal Pradesh
31.25,77.75,199,023,Shimla,02,Himachal Pradesh
31.25,78.0,199,023,Shimla,02,Himachal Pradesh
31.25,78.25,199,023,Shimla,02,Himachal Pradesh
31.25,78.5,195,019,Kinnaur,02,Himachal Pradesh
31.25,78.75,195,019,Kinnaur,02,Himachal Pradesh
31.25,79.0,632,057,Uttar Kashi,05,Uttarakhand
31.25,79.25,632,057,Uttar Kashi,05,Uttarakhand
31.25,79.5,,,,,
31.5,74.5,,,,,
31.5,74.75,498,609,Tarn Taran,03,Punjab
31.5,75.0,498,609,Tarn Taran,03,Punjab
31.5,75.25,498,609,Tarn Taran,03,Punjab
31.5,75.5,487,035,Kapurthala,03,Punjab
31.5,75.75,485,033,Hoshiarpur,03,Punjab
31.5,76.0,485,033,Hoshiarpur,03,Punjab
31.5,76.25,202,026,Una,02,Himachal Pradesh
31.5,76.5,193,017,Hamirpur,02,Himachal Pradesh
31.5,76.75,191,015,Bilaspur,02,Himachal Pradesh
31.5,77.0,198,022,Mandi,02,Himachal Pradesh
31.5,77.25,198,022,Mandi,02,Himachal Pradesh
31.5,77.5,196,020,Kullu,02,Himachal Pradesh
31.5,77.75,199,023,Shimla,02,Himachal Pradesh
31.5,78.0,195,019,Kinnaur,02,Himachal Pradesh
31.5,78.25,195,019,Kinnaur,02,Himachal Pradesh
31.5,78.5,195,019,Kinnaur,02,Himachal Pradesh
31.5,78.75,,,,,
31.5,79.0,,,,,
31.75,74.5,,,,,
31.75,74.75,479,027,Amritsar,03,Punjab
31.75,75.0,479,027,Amritsar,03,Punjab
31.75,75.25,484,032,Gurdaspur,03,Punjab
31.75,75.5,484,032,Gurdaspur,03,Punjab
31.75,75.75,485,033,Hoshiarpur,03,Punjab
31.75,76.0,202,026,Una,02,Himachal Pradesh
31.75,76.25,194,018,Kangra,02,Himachal Pradesh
31.75,76.5,193,017,Hamirpur,02,Himachal Pradesh
31.75,76.75,198,022,Mandi,02,Himachal Pradesh
31.75,77.0,198,022,Mandi,02,Himachal Pradesh
31.75,77.25,196,020,Kullu,02,Himachal Pradesh
31.75,77.5,196,020,Kullu,02,Himachal Pradesh
31.75,77.75,196,020,Kullu,02,Himachal Pradesh
31.75,78.0,195,019,Kinnaur,02,Himachal Pradesh
31.75,78.25,195,019,Kinnaur,02,Himachal Pradesh
31.75,78.5,195,019,Kinnaur,02,Himachal Pradesh
31.75,78.75,,,,,
32.0,74.5,,,,,
32.0,74.75,,,,,
32.0,75.0,484,032,Gurdaspur,03,Punjab
32.0,75.25,484,032,Gurdaspur,03,Punjab
32.0,75.5,484,032,Gurdaspur,03,Punjab
32.0,75.75,485,033,Hoshiarpur,03,Punjab
32.0,76.0,194,018,Kangra,02,Himachal Pradesh
32.0,76.25,194,018,Kangra,02,Himachal Pradesh
32.0,76.5,194,018,Kangra,02,Himachal Pradesh
32.0,76.75,198,022,Mandi,02,Himachal Pradesh
32.0,77.0,196,020,Kullu,02,Himachal Pradesh
32.0,77.25,196,020,Kullu,02,Himachal Pradesh
32.0,77.5,196,020,Kullu,02,Himachal Pradesh
32.0,77.75,196,020,Kullu,02,Himachal Pradesh
32.0,78.0,197,021,Lahul And Spiti,02,Himachal Pradesh
32.0,78.25,197,021,Lahul And Spiti,02,Himachal Pradesh
32.0,78.5,195,019,Kinnaur,02,Himachal Pradesh
32.0,78.75,195,019,Kinnaur,02,Himachal Pradesh
32.25,74.75,,,,,
32.25,75.0,,,,,
32.25,75.25,,,,,
32.25,75.5,500,662,Pathankot,03,Punjab
32.25,75.75,194,018,Kangra,02,Himachal Pradesh
32.25,76.0,194,018,Kangra,02,Himachal Pradesh
32.25,76.25,194,018,Kangra,02,Himachal Pradesh
32.25,76.5,192,016,Chamba,02,Himachal Pradesh
32.25,76.75,192,016,Chamba,02,Himachal Pradesh
32.25,77.0,194,018,Kangra,02,Himachal Pradesh
32.25,77.25,196,020,Kullu,02,Himachal Pradesh
32.25,77.5,197,021,Lahul And Spiti,02,Himachal Pradesh
32.25,77.75,197,021,Lahul And Spiti,02,Himachal Pradesh
32.25,78.0,197,021,Lahul And Spiti,02,Himachal Pradesh
32.25,78.25,197,021,Lahul And Spiti,02,Himachal Pradesh
32.25,78.5,,,,,
32.5,74.75,253,005,Jammu,01,Jammu & Kashmir
32.5,75.0,265,624,Samba,01,Jammu & Kashmir
32.5,75.25,254,007,Kathua,01,Jammu & Kashmir
32.5,75.5,254,007,Kathua,01,Jammu & Kashmir
32.5,75.75,254,007,Kathua,01,Jammu & Kashmir
32.5,76.0,192,016,Chamba,02,Himachal Pradesh
32.5,76.25,192,016,Chamba,02,Himachal Pradesh
32.5,76.5,192,016,Chamba,02,Himachal Pradesh
32.5,76.75,192,016,Chamba,02,Himachal Pradesh
32.5,77.0,197,021,Lahul And Spiti,02,Himachal Pradesh
32.5,77.25,197,021,Lahul And Spiti,02,Himachal Pradesh
32.5,77.5,197,021,Lahul And Spiti,02,Himachal Pradesh
32.5,77.75,197,021,Lahul And Spiti,02,Himachal Pradesh
32.5,78.0,197,021,Lahul And Spiti,02,Himachal Pradesh
32.5,78.25,197,021,Lahul And Spiti,02,Himachal Pradesh
32.5,78.5,,,,,
32.5,78.75,,,,,
32.5,79.0,315,009,Leh Ladakh,37,Ladakh
32.75,74.5,,,,,
32.75,74.75,253,005,Jammu,01,Jammu & Kashmir
32.75,75.0,253,005,Jammu,01,Jammu & Kashmir
32.75,75.25,260,014,Udhampur,01,Jammu & Kashmir
32.75,75.5,254,007,Kathua,01,Jammu & Kashmir
32.75,75.75,254,007,Kathua,01,Jammu & Kashmir
32.75,76.0,192,016,Chamba,02,Himachal Pradesh
32.75,76.25,192,016,Chamba,02,Himachal Pradesh
32.75,76.5,197,021,Lahul And Spiti,02,Himachal Pradesh
32.75,76.75,197,021,Lahul And Spiti,02,Himachal Pradesh
32.75,77.0,197,021,Lahul And Spiti,02,Himachal Pradesh
32.75,77.25,197,021,Lahul And Spiti,02,Himachal Pradesh
32.75,77.5,197,021,Lahul And Spiti,02,Himachal Pradesh
32.75,77.75,197,021,Lahul And Spiti,02,Himachal Pradesh
32.75,78.0,315,009,Leh Ladakh,37,Ladakh
32.75,78.25,315,009,Leh Ladakh,37,Ladakh
32.75,78.5,315,009,Leh Ladakh,37,Ladakh
32.75,78.75,315,009,Leh Ladakh,37,Ladakh
32.75,79.0,315,009,Leh Ladakh,37,Ladakh
32.75,79.25,315,009,Leh Ladakh,37,Ladakh
32.75,79.5,315,009,Leh Ladakh,37,Ladakh
33.0,73.75,,,,,
33.0,74.0,731,999,Mirpur,01,Jammu & Kashmir
33.0,74.25,731,999,Mirpur,01,Jammu & Kashmir
33.0,74.5,253,005,Jammu,01,Jammu & Kashmir
33.0,74.75,253,005,Jammu,01,Jammu & Kashmir
33.0,75.0,260,014,Udhampur,01,Jammu & Kashmir
33.0,75.25,260,014,Udhampur,01,Jammu & Kashmir
33.0,75.5,252,004,Doda,01,Jammu & Kashmir
33.0,75.75,252,004,Doda,01,Jammu & Kashmir
33.0,76.0,252,004,Doda,01,Jammu & Kashmir
33.0,76.25,192,016,Chamba,02,Himachal Pradesh
33.0,76.5,192,016,Chamba,02,Himachal Pradesh
33.0,76.75,192,016,Chamba,02,Himachal Pradesh
33.0,77.0,314,006,Kargil,37,Ladakh
33.0,77.25,314,006,Kargil,37,Ladakh
33.0,77.5,315,009,Leh Ladakh,37,Ladakh
33.0,77.75,315,009,Leh Ladakh,37,Ladakh
33.0,78.0,315,009,Leh Ladakh,37,Ladakh
33.0,78.25,315,009,Leh Ladakh,37,Ladakh
33.0,78.5,315,009,Leh Ladakh,37,Ladakh
33.0,78.75,315,009,Leh Ladakh,37,Ladakh
33.0,79.0,315,009,Leh Ladakh,37,Ladakh
33.0,79.25,315,009,Leh Ladakh,37,Ladakh
33.0,79.5,,,,,
33.25,73.5,,,,,
33.25,73.75,731,999,Mirpur,01,Jammu & Kashmir
33.25,74.0,731,999,Mirpur,01,Jammu & Kashmir
33.25,74.25,258,012,Rajouri,01,Jammu & Kashmir
33.25,74.5,258,012,Rajouri,01,Jammu & Kashmir
33.25,74.75,268,627,Reasi,01,Jammu & Kashmir
33.25,75.0,268,627,Reasi,01,Jammu & Kashmir
33.25,75.25,262,621,Ramban,01,Jammu & Kashmir
33.25,75.5,252,004,Doda,01,Jammu & Kashmir
33.25,75.75,261,620,Kishtwar,01,Jammu & Kashmir
33.25,76.0,261,620,Kishtwar,01,Jammu & Kashmir
33.25,76.25,261,620,Kishtwar,01,Jammu & Kashmir
33.25,76.5,261,620,Kishtwar,01,Jammu & Kashmir
33.25,76.75,261,620,Kishtwar,01,Jammu & Kashmir
33.25,77.0,314,006,Kargil,37,Ladakh
33.25,77.25,314,006,Kargil,37,Ladakh
33.25,77.5,315,009,Leh Ladakh,37,Ladakh
33.25,77.75,315,009,Leh Ladakh,37,Ladakh
33.25,78.0,315,009,Leh Ladakh,37,Ladakh
33.25,78.25,315,009,Leh Ladakh,37,Ladakh
33.25,78.5,315,009,Leh Ladakh,37,Ladakh
33.25,78.75,315,009,Leh Ladakh,37,Ladakh
33.25,79.0,315,009,Leh Ladakh,37,Ladakh
33.25,79.25,315,009,Leh Ladakh,37,Ladakh
33.5,73.5,,,,,
33.5,73.75,731,999,Mirpur,01,Jammu & Kashmir
33.5,74.0,731,999,Mirpur,01,Jammu & Kashmir
33.5,74.25,258,012,Rajouri,01,Jammu & Kashmir
33.5,74.5,258,012,Rajouri,01,Jammu & Kashmir
33.5,74.75,263,622,Kulgam,01,Jammu & Kashmir
33.5,75.0,268,627,Reasi,01,Jammu & Kashmir
33.5,75.25,249,001,Anantnag,01,Jammu & Kashmir
33.5,75.5,261,620,Kishtwar,01,Jammu & Kashmir
33.5,75.75,261,620,Kishtwar,01,Jammu & Kashmir
33.5,76.0,261,620,Kishtwar,01,Jammu & Kashmir
33.5,76.25,261,620,Kishtwar,01,Jammu & Kashmir
33.5,76.5,261,620,Kishtwar,01,Jammu & Kashmir
33.5,76.75,314,006,Kargil,37,Ladakh
33.5,77.0,314,006,Kargil,37,Ladakh
33.5,77.25,314,006,Kargil,37,Ladakh
33.5,77.5,315,009,Leh Ladakh,37,Ladakh
33.5,77.75,315,009,Leh Ladakh,37,Ladakh
33.5,78.0,315,009,Leh Ladakh,37,Ladakh
33.5,78.25,315,009,Leh Ladakh,37,Ladakh
33.5,78.5,315,009,Leh Ladakh,37,Ladakh
33.5,78.75,315,009,Leh Ladakh,37,Ladakh
33.5,79.0,,,,,
33.5,79.25,,,,,
33.75,73.5,,,,,
33.75,73.75,256,010,Poonch,01,Jammu & Kashmir
33.75,74.0,256,010,Poonch,01,Jammu & Kashmir
33.75,74.25,256,010,Poonch,01,Jammu & Kashmir
33.75,74.5,250,002,Budgam,01,Jammu & Kashmir
33.75,74.75,266,625,Shopian,01,Jammu & Kashmir
33.75,75.0,263,622,Kulgam,01,Jammu & Kashmir
33.75,75.25,249,001,Anantnag,01,Jammu & Kashmir
33.75,75.5,261,620,Kishtwar,01,Jammu & Kashmir
33.75,75.75,261,620,Kishtwar,01,Jammu & Kashmir
33.75,76.0,261,620,Kishtwar,01,Jammu & Kashmir
33.75,76.25,261,620,Kishtwar,01,Jammu & Kashmir
33.75,76.5,314,006,Kargil,37,Ladakh
33.75,76.75,314,006,Kargil,37,Ladakh
33.75,77.0,315,009,Leh Ladakh,37,Ladakh
33.75,77.25,315,009,Leh Ladakh,37,Ladakh
33.75,77.5,315,009,Leh Ladakh,37,Ladakh
33.75,77.75,315,009,Leh Ladakh,37,Ladakh
33.75,78.0,315,009,Leh Ladakh,37,Ladakh
33.75,78.25,315,009,Leh Ladakh,37,Ladakh
33.75,78.5,315,009,Leh Ladakh,37,Ladakh
33.75,78.75,315,009,Leh Ladakh,37,Ladakh
33.75,79.0,315,009,Leh Ladakh,37,Ladakh
34.0,73.5,,,,,
34.0,73.75,256,010,Poonch,01,Jammu & Kashmir
34.0,74.0,732,999,Muzaffarabad,01,Jammu & Kashmir
34.0,74.25,256,010,Poonch,01,Jammu & Kashmir
34.0,74.5,250,002,Budgam,01,Jammu & Kashmir
34.0,74.75,250,002,Budgam,01,Jammu & Kashmir
34.0,75.0,257,011,Pulwama,01,Jammu & Kashmir
34.0,75.25,249,001,Anantnag,01,Jammu & Kashmir
34.0,75.5,261,620,Kishtwar,01,Jammu & Kashmir
34.0,75.75,261,620,Kishtwar,01,Jammu & Kashmir
34.0,76.0,314,006,Kargil,37,Ladakh
34.0,76.25,314,006,Kargil,37,Ladakh
34.0,76.5,314,006,Kargil,37,Ladakh
34.0,76.75,315,009,Leh Ladakh,37,Ladakh
34.0,77.0,315,009,Leh Ladakh,37,Ladakh
34.0,77.25,315,009,Leh Ladakh,37,Ladakh
34.0,77.5,315,009,Leh Ladakh,37,Ladakh
34.0,77.75,315,009,Leh Ladakh,37,Ladakh
34.0,78.0,315,009,Leh Ladakh,37,Ladakh
34.0,78.25,315,009,Leh Ladakh,37,Ladakh
34.0,78.5,315,009,Leh Ladakh,37,Ladakh
34.0,78.75,315,009,Leh Ladakh,37,Ladakh
34.0,79.0,,,,,
34.25,73.5,732,999,Muzaffarabad,01,Jammu & Kashmir
34.25,73.75,732,999,Muzaffarabad,01,Jammu & Kashmir
34.25,74.0,251,003,Baramulla,01,Jammu & Kashmir
34.25,74.25,251,003,Baramulla,01,Jammu & Kashmir
34.25,74.5,251,003,Baramulla,01,Jammu & Kashmir
34.25,74.75,267,626,Ganderbal,01,Jammu & Kashmir
34.25,75.0,267,626,Ganderbal,01,Jammu & Kashmir
34.25,75.25,267,626,Ganderbal,01,Jammu & Kashmir
34.25,75.5,314,006,Kargil,37,Ladakh
34.25,75.75,314,006,Kargil,37,Ladakh
34.25,76.0,314,006,Kargil,37,Ladakh
34.25,76.25,314,006,Kargil,37,Ladakh
34.25,76.5,314,006,Kargil,37,Ladakh
34.25,76.75,315,009,Leh Ladakh,37,Ladakh
34.25,77.0,315,009,Leh Ladakh,37,Ladakh
34.25,77.25,315,009,Leh Ladakh,37,Ladakh
34.25,77.5,315,009,Leh Ladakh,37,Ladakh
34.25,77.75,315,009,Leh Ladakh,37,Ladakh
34.25,78.0,315,009,Leh Ladakh,37,Ladakh
34.25,78.25,315,009,Leh Ladakh,37,Ladakh
34.25,78.5,315,009,Leh Ladakh,37,Ladakh
34.25,78.75,315,009,Leh Ladakh,37,Ladakh
34.25,79.0,315,009,Leh Ladakh,37,Ladakh
34.25,79.25,315,009,Leh Ladakh,37,Ladakh
34.25,79.5,315,009,Leh Ladakh,37,Ladakh
34.5,73.25,,,,,
34.5,73.5,732,999,Muzaffarabad,01,Jammu & Kashmir
34.5,73.75,732,999,Muzaffarabad,01,Jammu & Kashmir
34.5,74.0,255,008,Kupwara,01,Jammu & Kashmir
34.5,74.25,255,008,Kupwara,01,Jammu & Kashmir
34.5,74.5,255,008,Kupwara,01,Jammu & Kashmir
34.5,74.75,264,623,Bandipora,01,Jammu & Kashmir
34.5,75.0,264,623,Bandipora,01,Jammu & Kashmir
34.5,75.25,264,623,Bandipora,01,Jammu & Kashmir
34.5,75.5,315,009,Leh Ladakh,37,Ladakh
34.5,75.75,314,006,Kargil,37,Ladakh
34.5,76.0,314,006,Kargil,37,Ladakh
34.5,76.25,314,006,Kargil,37,Ladakh
34.5,76.5,314,006,Kargil,37,Ladakh
34.5,76.75,315,009,Leh Ladakh,37,Ladakh
34.5,77.0,315,009,Leh Ladakh,37,Ladakh
34.5,77.25,315,009,Leh Ladakh,37,Ladakh
34.5,77.5,315,009,Leh Ladakh,37,Ladakh
34.5,77.75,315,009,Leh Ladakh,37,Ladakh
34.5,78.0,315,009,Leh Ladakh,37,Ladakh
34.5,78.25,315,009,Leh Ladakh,37,Ladakh
34.5,78.5,315,009,Leh Ladakh,37,Ladakh
34.5,78.75,315,009,Leh Ladakh,37,Ladakh
34.5,79.0,315,009,Leh Ladakh,37,Ladakh
34.5,79.25,315,009,Leh Ladakh,37,Ladakh
34.5,79.5,315,009,Leh Ladakh,37,Ladakh
34.5,79.75,315,009,Leh Ladakh,37,Ladakh
34.75,73.25,,,,,
34.75,73.5,,,,,
34.75,73.75,732,999,Muzaffarabad,01,Jammu & Kashmir
34.75,74.0,732,999,Muzaffarabad,01,Jammu & Kashmir
34.75,74.25,732,999,Muzaffarabad,01,Jammu & Kashmir
34.75,74.5,255,008,Kupwara,01,Jammu & Kashmir
34.75,74.75,315,009,Leh Ladakh,37,Ladakh
34.75,75.0,315,009,Leh Ladakh,37,Ladakh
34.75,75.25,315,009,Leh Ladakh,37,Ladakh
34.75,75.5,315,009,Leh Ladakh,37,Ladakh
34.75,75.75,315,009,Leh Ladakh,37,Ladakh
34.75,76.0,315,009,Leh Ladakh,37,Ladakh
34.75,76.25,315,009,Leh Ladakh,37,Ladakh
34.75,76.5,315,009,Leh Ladakh,37,Ladakh
34.75,76.75,315,009,Leh Ladakh,37,Ladakh
34.75,77.0,315,009,Leh Ladakh,37,Ladakh
34.75,77.25,315,009,Leh Ladakh,37,Ladakh
34.75,77.5,315,009,Leh Ladakh,37,Ladakh
34.75,77.75,315,009,Leh Ladakh,37,Ladakh
34.75,78.0,315,009,Leh Ladakh,37,Ladakh
34.75,78.25,315,009,Leh Ladakh,37,Ladakh
34.75,78.5,315,009,Leh Ladakh,37,Ladakh
34.75,78.75,315,009,Leh Ladakh,37,Ladakh
34.75,79.0,315,009,Leh Ladakh,37,Ladakh
34.75,79.25,315,009,Leh Ladakh,37,Ladakh
34.75,79.5,315,009,Leh Ladakh,37,Ladakh
34.75,79.75,315,009,Leh Ladakh,37,Ladakh
34.75,80.0,315,009,Leh Ladakh,37,Ladakh
35.0,73.75,,,,,
35.0,74.0,,,,,
35.0,74.25,732,999,Muzaffarabad,01,Jammu & Kashmir
35.0,74.5,732,999,Muzaffarabad,01,Jammu & Kashmir
35.0,74.75,315,009,Leh Ladakh,37,Ladakh
35.0,75.0,315,009,Leh Ladakh,37,Ladakh
35.0,75.25,315,009,Leh Ladakh,37,Ladakh
35.0,75.5,315,009,Leh Ladakh,37,Ladakh
35.0,75.75,315,009,Leh Ladakh,37,Ladakh
35.0,76.0,315,009,Leh Ladakh,37,Ladakh
35.0,76.25,315,009,Leh Ladakh,37,Ladakh
35.0,76.5,315,009,Leh Ladakh,37,Ladakh
35.0,76.75,315,009,Leh Ladakh,37,Ladakh
35.0,77.0,315,009,Leh Ladakh,37,Ladakh
35.0,77.25,315,009,Leh Ladakh,37,Ladakh
35.0,77.5,315,009,Leh Ladakh,37,Ladakh
35.0,77.75,315,009,Leh Ladakh,37,Ladakh
35.0,78.0,315,009,Leh Ladakh,37,Ladakh
35.0,78.25,315,009,Leh Ladakh,37,Ladakh
35.0,78.5,315,009,Leh Ladakh,37,Ladakh
35.0,78.75,315,009,Leh Ladakh,37,Ladakh
35.0,79.0,315,009,Leh Ladakh,37,Ladakh
35.0,79.25,315,009,Leh Ladakh,37,Ladakh
35.0,79.5,315,009,Leh Ladakh,37,Ladakh
35.0,79.75,315,009,Leh Ladakh,37,Ladakh
35.0,80.0,315,009,Leh Ladakh,37,Ladakh
35.25,73.75,315,009,Leh Ladakh,37,Ladakh
35.25,74.0,315,009,Leh Ladakh,37,Ladakh
35.25,74.25,315,009,Leh Ladakh,37,Ladakh
35.25,74.5,315,009,Leh Ladakh,37,Ladakh
35.25,74.75,315,009,Leh Ladakh,37,Ladakh
35.25,75.0,315,009,Leh Ladakh,37,Ladakh
35.25,75.25,315,009,Leh Ladakh,37,Ladakh
35.25,75.5,315,009,Leh Ladakh,37,Ladakh
35.25,75.75,315,009,Leh Ladakh,37,Ladakh
35.25,76.0,315,009,Leh Ladakh,37,Ladakh
35.25,76.25,315,009,Leh Ladakh,37,Ladakh
35.25,76.5,315,009,Leh Ladakh,37,Ladakh
35.25,76.75,315,009,Leh Ladakh,37,Ladakh
35.25,77.0,315,009,Leh Ladakh,37,Ladakh
35.25,77.25,315,009,Leh Ladakh,37,Ladakh
35.25,77.5,315,009,Leh Ladakh,37,Ladakh
35.25,77.75,315,009,Leh Ladakh,37,Ladakh
35.25,78.0,315,009,Leh Ladakh,37,Ladakh
35.25,78.25,315,009,Leh Ladakh,37,Ladakh
35.25,78.5,315,009,Leh Ladakh,37,Ladakh
35.25,78.75,315,009,Leh Ladakh,37,Ladakh
35.25,79.0,315,009,Leh Ladakh,37,Ladakh
35.25,79.25,315,009,Leh Ladakh,37,Ladakh
35.25,79.5,315,009,Leh Ladakh,37,Ladakh
35.25,79.75,315,009,Leh Ladakh,37,Ladakh
35.25,80.0,315,009,Leh Ladakh,37,Ladakh
35.5,73.5,,,,,
35.5,73.75,,,,,
35.5,74.0,315,009,Leh Ladakh,37,Ladakh
35.5,74.25,315,009,Leh Ladakh,37,Ladakh
35.5,74.5,315,009,Leh Ladakh,37,Ladakh
35.5,74.75,315,009,Leh Ladakh,37,Ladakh
35.5,75.0,315,009,Leh Ladakh,37,Ladakh
35.5,75.25,315,009,Leh Ladakh,37,Ladakh
35.5,75.5,315,009,Leh Ladakh,37,Ladakh
35.5,75.75,315,009,Leh Ladakh,37,Ladakh
35.5,76.0,315,009,Leh Ladakh,37,Ladakh
35.5,76.25,315,009,Leh Ladakh,37,Ladakh
35.5,76.5,315,009,Leh Ladakh,37,Ladakh
35.5,76.75,315,009,Leh Ladakh,37,Ladakh
35.5,77.0,315,009,Leh Ladakh,37,Ladakh
35.5,77.25,315,009,Leh Ladakh,37,Ladakh
35.5,77.5,,,,,
35.5,77.75,315,009,Leh Ladakh,37,Ladakh
35.5,78.0,315,009,Leh Ladakh,37,Ladakh
35.5,78.25,315,009,Leh Ladakh,37,Ladakh
35.5,78.5,315,009,Leh Ladakh,37,Ladakh
35.5,78.75,315,009,Leh Ladakh,37,Ladakh
35.5,79.0,315,009,Leh Ladakh,37,Ladakh
35.5,79.25,315,009,Leh Ladakh,37,Ladakh
35.5,79.5,315,009,Leh Ladakh,37,Ladakh
35.5,79.75,315,009,Leh Ladakh,37,Ladakh
35.5,80.0,315,009,Leh Ladakh,37,Ladakh
35.5,80.25,315,009,Leh Ladakh,37,Ladakh
35.75,73.0,,,,,
35.75,73.25,315,009,Leh Ladakh,37,Ladakh
35.75,73.5,315,009,Leh Ladakh,37,Ladakh
35.75,73.75,315,009,Leh Ladakh,37,Ladakh
35.75,74.0,315,009,Leh Ladakh,37,Ladakh
35.75,74.25,315,009,Leh Ladakh,37,Ladakh
35.75,74.5,315,009,Leh Ladakh,37,Ladakh
35.75,74.75,315,009,Leh Ladakh,37,Ladakh
35.75,75.0,315,009,Leh Ladakh,37,Ladakh
35.75,75.25,315,009,Leh Ladakh,37,Ladakh
35.75,75.5,315,009,Leh Ladakh,37,Ladakh
35.75,75.75,315,009,Leh Ladakh,37,Ladakh
35.75,76.0,315,009,Leh Ladakh,37,Ladakh
35.75,76.25,315,009,Leh Ladakh,37,Ladakh
35.75,76.5,315,009,Leh Ladakh,37,Ladakh
35.75,76.75,315,009,Leh Ladakh,37,Ladakh
35.75,77.0,315,009,Leh Ladakh,37,Ladakh
35.75,77.25,,,,,
35.75,77.75,,,,,
35.75,78.0,,,,,
35.75,78.25,,,,,
35.75,78.5,315,009,Leh Ladakh,37,Ladakh
35.75,78.75,315,009,Leh Ladakh,37,Ladakh
35.75,79.0,315,009,Leh Ladakh,37,Ladakh
35.75,79.25,315,009,Leh Ladakh,37,Ladakh
35.75,79.5,315,009,Leh Ladakh,37,Ladakh
35.75,79.75,315,009,Leh Ladakh,37,Ladakh
35.75,80.0,315,009,Leh Ladakh,37,Ladakh
35.75,80.25,,,,,
36.0,72.5,,,,,
36.0,72.75,315,009,Leh Ladakh,37,Ladakh
36.0,73.0,315,009,Leh Ladakh,37,Ladakh
36.0,73.25,315,009,Leh Ladakh,37,Ladakh
36.0,73.5,315,009,Leh Ladakh,37,Ladakh
36.0,73.75,315,009,Leh Ladakh,37,Ladakh
36.0,74.0,315,009,Leh Ladakh,37,Ladakh
36.0,74.25,315,009,Leh Ladakh,37,Ladakh
36.0,74.5,315,009,Leh Ladakh,37,Ladakh
36.0,74.75,315,009,Leh Ladakh,37,Ladakh
36.0,75.0,315,009,Leh Ladakh,37,Ladakh
36.0,75.25,315,009,Leh Ladakh,37,Ladakh
36.0,75.5,315,009,Leh Ladakh,37,Ladakh
36.0,75.75,315,009,Leh Ladakh,37,Ladakh
36.0,76.0,315,009,Leh Ladakh,37,Ladakh
36.0,76.25,315,009,Leh Ladakh,37,Ladakh
36.0,76.5,315,009,Leh Ladakh,37,Ladakh
36.0,76.75,315,009,Leh Ladakh,37,Ladakh
36.0,77.0,,,,,
36.0,78.5,,,,,
36.0,78.75,,,,,
36.0,79.0,,,,,
36.0,79.25,,,,,
36.0,79.5,,,,,
36.0,79.75,,,,,
36.0,80.0,,,,,
36.25,72.5,,,,,
36.25,72.75,315,009,Leh Ladakh,37,Ladakh
36.25,73.0,315,009,Leh Ladakh,37,Ladakh
36.25,73.25,315,009,Leh Ladakh,37,Ladakh
36.25,73.5,315,009,Leh Ladakh,37,Ladakh
36.25,73.75,315,009,Leh Ladakh,37,Ladakh
36.25,74.0,315,009,Leh Ladakh,37,Ladakh
36.25,74.25,315,009,Leh Ladakh,37,Ladakh
36.25,74.5,315,009,Leh Ladakh,37,Ladakh
36.25,74.75,315,009,Leh Ladakh,37,Ladakh
36.25,75.0,315,009,Leh Ladakh,37,Ladakh
36.25,75.25,315,009,Leh Ladakh,37,Ladakh
36.25,75.5,315,009,Leh Ladakh,37,Ladakh
36.25,75.75,315,009,Leh Ladakh,37,Ladakh
36.25,76.0,315,009,Leh Ladakh,37,Ladakh
36.25,76.25,315,009,Leh Ladakh,37,Ladakh
36.25,76.5,,,,,
36.25,76.75,,,,,
36.5,72.5,,,,,
36.5,72.75,,,,,
36.5,73.0,315,009,Leh Ladakh,37,Ladakh
36.5,73.25,315,009,Leh Ladakh,37,Ladakh
36.5,73.5,315,009,Leh Ladakh,37,Ladakh
36.5,73.75,315,009,Leh Ladakh,37,Ladakh
36.5,74.0,315,009,Leh Ladakh,37,Ladakh
36.5,74.25,315,009,Leh Ladakh,37,Ladakh
36.5,74.5,315,009,Leh Ladakh,37,Ladakh
36.5,74.75,315,009,Leh Ladakh,37,Ladakh
36.5,75.0,315,009,Leh Ladakh,37,Ladakh
36.5,75.25,315,009,Leh Ladakh,37,Ladakh
36.5,75.5,315,009,Leh Ladakh,37,Ladakh
36.5,75.75,315,009,Leh Ladakh,37,Ladakh
36.5,76.0,,,,,
36.5,76.25,,,,,
36.75,73.0,,,,,
36.75,73.25,,,,,
36.75,73.5,,,,,
36.75,73.75,,,,,
36.75,74.0,315,009,Leh Ladakh,37,Ladakh
36.75,74.25,315,009,Leh Ladakh,37,Ladakh
36.75,74.5,315,009,Leh Ladakh,37,Ladakh
36.75,74.75,315,009,Leh Ladakh,37,Ladakh
36.75,75.0,315,009,Leh Ladakh,37,Ladakh
36.75,75.25,315,009,Leh Ladakh,37,Ladakh
36.75,75.5,315,009,Leh Ladakh,37,Ladakh
36.75,75.75,,,,,
37.0,73.5,,,,,
37.0,73.75,,,,,
37.0,74.0,,,,,
37.0,74.25,,,,,
37.0,74.5,,,,,
37.0,74.75,315,009,Leh Ladakh,37,Ladakh
37.0,75.0,,,,,
37.0,75.25,315,009,Leh Ladakh,37,Ladakh
37.0,75.5,,,,,
37.25,74.5,,,,,
37.25,74.75,,,,,
37.25,75.0,,,,,
37.25,75.25,,,,,
